id,university,city,tags,school,name,title,rank,direction,orcid,source
F00001,上海交通大学,上海,985/211/双一流,计算机学院（网络空间安全学院、密码学院）,俞嘉地,高级工程师,其他,物联网、移动感知计算、移动安全等,,https://cs.sjtu.edu.cn/jiaoshiml/yujiadi.html
F00002,上海交通大学,上海,985/211/双一流,计算机学院（网络空间安全学院、密码学院）,夏正敏,工程师,其他,大数据分析、人工智能安全、车联网安全、工业互联网安全等,,https://cs.sjtu.edu.cn/jiaoshiml/xiazhengmin.html
F00003,上海交通大学,上海,985/211/双一流,计算机学院（网络空间安全学院、密码学院）,张月国,高级工程师,其他,信息内容安全、人工智能安全、移动应用和Android安全、网络安全管理,,https://cs.sjtu.edu.cn/jiaoshiml/zhangyueguo.html
F00004,上海交通大学,上海,985/211/双一流,计算机学院（网络空间安全学院、密码学院）,李力,高级工程师,其他,并行计算、普适计算、传感器网络等,,https://cs.sjtu.edu.cn/jiaoshiml/lili.html
F00005,上海交通大学,上海,985/211/双一流,计算机学院（网络空间安全学院、密码学院）,李强,工程师,其他,后量子密码及其高性能实现与迁移、秘密分享、安全多方计算,,https://cs.sjtu.edu.cn/jiaoshiml/liqiang.html
F00006,上海交通大学,上海,985/211/双一流,计算机学院（网络空间安全学院、密码学院）,沈耀,高级工程师,其他,大数据处理,,https://cs.sjtu.edu.cn/jiaoshiml/shenyao.html
F00007,上海交通大学,上海,985/211/双一流,计算机学院（网络空间安全学院、密码学院）,邹福泰,高级工程师,其他,系统与软件安全、网络威胁感知、人工智能安全等,,https://cs.sjtu.edu.cn/jiaoshiml/zoufutai.html
F00008,上海交通大学,上海,985/211/双一流,计算机学院（网络空间安全学院、密码学院）,银鹰,实验师,其他,安全脆弱性分析与评估、应用密码学、数据安全与隐私保护、智能网联汽车安全、信息安全管理与审计等 负责实验室的科研工作，先后,,https://cs.sjtu.edu.cn/jiaoshiml/yinying.html
F00009,上海交通大学,上海,985/211/双一流,计算机学院（网络空间安全学院、密码学院）,陆海宁,工程师,其他,密码软硬件安全性分析与安全实现,,https://cs.sjtu.edu.cn/jiaoshiml/luhaining.html
F00010,上海交通大学,上海,985/211/双一流,计算机学院（网络空间安全学院、密码学院）,丁宁,副教授,副教授,密码学（ 零知识协议、承诺方案、程序混淆等 ）、隐私计算与数据安全、计算学习等，宽泛的,,https://cs.sjtu.edu.cn/jiaoshiml/dingning.html
F00011,上海交通大学,上海,985/211/双一流,计算机学院（网络空间安全学院、密码学院）,丁家昕,副教授,副教授,数据关联与知识推理、领域世界模型与约束强化学习,,https://cs.sjtu.edu.cn/jiaoshiml/dingjiaxin.html
F00012,上海交通大学,上海,985/211/双一流,计算机学院（网络空间安全学院、密码学院）,任庆生,副教授,副教授,,,https://cs.sjtu.edu.cn/jiaoshiml/renqingsheng.html
F00013,上海交通大学,上海,985/211/双一流,计算机学院（网络空间安全学院、密码学院）,何哲陟,副教授,副教授,,,https://cs.sjtu.edu.cn/jiaoshiml/hezhezhi.html
F00014,上海交通大学,上海,985/211/双一流,计算机学院（网络空间安全学院、密码学院）,刘卫文,副教授,副教授,大模型智能体、 用户偏好建模、 信息检索等,,https://cs.sjtu.edu.cn/jiaoshiml/liuweiwen.html
F00015,上海交通大学,上海,985/211/双一流,计算机学院（网络空间安全学院、密码学院）,刘思学,副教授,副教授,,,https://cs.sjtu.edu.cn/jiaoshiml/liusixue.html
F00016,上海交通大学,上海,985/211/双一流,计算机学院（网络空间安全学院、密码学院）,刘振,副教授,副教授,,,https://cs.sjtu.edu.cn/jiaoshiml/liuzhen.html
F00017,上海交通大学,上海,985/211/双一流,计算机学院（网络空间安全学院、密码学院）,刘生钟,副教授,副教授,边缘智能、大模型/智能体推理部署优化、多模态感知计算，已发表学术论文70余篇，研究成果发表在TMC、TC、TPAMI等国际知名期刊，以及RTSS、UbiComp、EuroSys、SenSys、WWW、INFOCOM、ICML、NeurIPS、ACL等国际知名会议,,https://cs.sjtu.edu.cn/jiaoshiml/liushengzhong.html
F00018,上海交通大学,上海,985/211/双一流,计算机学院（网络空间安全学院、密码学院）,刘盛云,副教授,副教授,分布式共识、区块链、分布式数据管理,,https://cs.sjtu.edu.cn/jiaoshiml/liushengyun.html
F00019,上海交通大学,上海,985/211/双一流,计算机学院（网络空间安全学院、密码学院）,刘笑宏,副教授,副教授,计算机视觉 与多模态大模型 ，具体包括： 图像/视频生成与编辑 （包括世界模型、具身智能） 图像/视频复原与增强 图像/视频质量评价 人工智能赋能医疗健康（AI for Healthcare） 工作履历 2025 年 9 月—至今 上海创智学院任全时导师 2025 年 1 月—至今 上海交通大学任,,https://cs.sjtu.edu.cn/jiaoshiml/liuxiaohong.html
F00020,上海交通大学,上海,985/211/双一流,计算机学院（网络空间安全学院、密码学院）,刘锦阳,副教授,副教授,,,https://cs.sjtu.edu.cn/jiaoshiml/liujinyang.html
F00021,上海交通大学,上海,985/211/双一流,计算机学院（网络空间安全学院、密码学院）,刘鹏飞,副教授,副教授,大模型训练、推理和多模态世界模型等,,https://cs.sjtu.edu.cn/jiaoshiml/liupengfei.html
F00022,上海交通大学,上海,985/211/双一流,计算机学院（网络空间安全学院、密码学院）,叶南阳,副教授,副教授,,,https://cs.sjtu.edu.cn/jiaoshiml/yenanyang.html
F00023,上海交通大学,上海,985/211/双一流,计算机学院（网络空间安全学院、密码学院）,向立瑶,副教授,副教授,数据安全隐私，人工智能安全隐私，智能物联网等，其,,https://cs.sjtu.edu.cn/jiaoshiml/xiangliyao.html
F00024,上海交通大学,上海,985/211/双一流,计算机学院（网络空间安全学院、密码学院）,吴亚东,副教授,副教授,,0000-0002-9940-6128,https://cs.sjtu.edu.cn/jiaoshiml/wuyadong.html
F00025,上海交通大学,上海,985/211/双一流,计算机学院（网络空间安全学院、密码学院）,吴刚,副教授,副教授,,,https://cs.sjtu.edu.cn/jiaoshiml/wugang.html
F00026,上海交通大学,上海,985/211/双一流,计算机学院（网络空间安全学院、密码学院）,吴旋,副教授,副教授,,,https://cs.sjtu.edu.cn/jiaoshiml/1556.html
F00027,上海交通大学,上海,985/211/双一流,计算机学院（网络空间安全学院、密码学院）,唐俊华,副教授,副教授,新型通信网络及其安全、 5G 安全、大数据安全及人工智能技术及应用等,,https://cs.sjtu.edu.cn/jiaoshiml/tangjunhua.html
F00028,上海交通大学,上海,985/211/双一流,计算机学院（网络空间安全学院、密码学院）,唐灯,副教授,副教授,密码算法设计与分析、密码学与隐私保护、代数编码及其应用，在 ASIACRYPT 、 CHES 、 FSE 、 IEEE TIT/TC/TIFS 、 CiC 、 SCIS 、 DCC 、 SIDMA 、 FFA 等国内外重要学术会议和期刊和发表研究论文六十余篇,,https://cs.sjtu.edu.cn/jiaoshiml/tangdeng.html
F00029,上海交通大学,上海,985/211/双一流,计算机学院（网络空间安全学院、密码学院）,回红,副教授,副教授,人工智能的数据处理和图像处理与模式识别，身份认证、信息安全，认知行为，生命科学等,,https://cs.sjtu.edu.cn/jiaoshiml/huihong.html
F00030,上海交通大学,上海,985/211/双一流,计算机学院（网络空间安全学院、密码学院）,姜丽红,副教授,副教授,,,https://cs.sjtu.edu.cn/jiaoshiml/jianglihong.html
F00031,上海交通大学,上海,985/211/双一流,计算机学院（网络空间安全学院、密码学院）,孙世轩,副教授,副教授,,,https://cs.sjtu.edu.cn/jiaoshiml/sunshixuan.html
F00032,上海交通大学,上海,985/211/双一流,计算机学院（网络空间安全学院、密码学院）,孙士锋,副教授,副教授,密码学、数据与智能安全、隐私保护技术等，在 ACM CCS、NDSS、USENIX Security、EUROCRYPT、ASIACRYPT、PKC、IEEE TDSC、DCC等密码与安全领域主流会议或期刊上发表学术论文50余篇,,https://cs.sjtu.edu.cn/jiaoshiml/sunshifeng.html
F00033,上海交通大学,上海,985/211/双一流,计算机学院（网络空间安全学院、密码学院）,尹强,副教授,副教授,,,https://cs.sjtu.edu.cn/jiaoshiml/yinqiang.html
F00034,上海交通大学,上海,985/211/双一流,计算机学院（网络空间安全学院、密码学院）,应凯,副教授,副教授,,0000-0003-2645-5305,https://cs.sjtu.edu.cn/jiaoshiml/yingkai.html
F00035,上海交通大学,上海,985/211/双一流,计算机学院（网络空间安全学院、密码学院）,张健夫,副教授,副教授,,,https://cs.sjtu.edu.cn/jiaoshiml/zhangjianfu.html
F00036,上海交通大学,上海,985/211/双一流,计算机学院（网络空间安全学院、密码学院）,张媛媛,副教授,副教授,软件与系统漏洞发现与分析、新型可信计算架构分析与设计等,,https://cs.sjtu.edu.cn/jiaoshiml/zhangyuanyuan.html
F00037,上海交通大学,上海,985/211/双一流,计算机学院（网络空间安全学院、密码学院）,张宇伦,副教授,副教授,计算机视觉和机器学习，具体包括图像/视频复原与合成，模型压缩，计算成像，多模态计算，生物医学图像分析，大语言模型等,,https://cs.sjtu.edu.cn/jiaoshiml/zhangyulun.html
F00038,上海交通大学,上海,985/211/双一流,计算机学院（网络空间安全学院、密码学院）,张宇昊,副教授,副教授,理论计算机中的在线算法设计、近似算法设计,,https://cs.sjtu.edu.cn/jiaoshiml/zhangyuhao.html
F00039,上海交通大学,上海,985/211/双一流,计算机学院（网络空间安全学院、密码学院）,张拳石,副教授,副教授,,,https://cs.sjtu.edu.cn/jiaoshiml/zhangquanshi.html
F00040,上海交通大学,上海,985/211/双一流,计算机学院（网络空间安全学院、密码学院）,张晓凡,副教授,副教授,医学图像、文本分析，多模态决策,,https://cs.sjtu.edu.cn/jiaoshiml/zhangxiaofan.html
F00041,上海交通大学,上海,985/211/双一流,计算机学院（网络空间安全学院、密码学院）,张驰豪,副教授,副教授,理论计算机科学,,https://cs.sjtu.edu.cn/jiaoshiml/zhangchihao.html
F00042,上海交通大学,上海,985/211/双一流,计算机学院（网络空间安全学院、密码学院）,徐尔茨,副教授,副教授,,,https://cs.sjtu.edu.cn/jiaoshiml/xuerci.html
F00043,上海交通大学,上海,985/211/双一流,计算机学院（网络空间安全学院、密码学院）,易冉,副教授,副教授,· 视频生成 / 3D生成 · 世界模型 · 基于3DGS的三维重建 详见,,https://cs.sjtu.edu.cn/jiaoshiml/yiran.html
F00044,上海交通大学,上海,985/211/双一流,计算机学院（网络空间安全学院、密码学院）,晏轶超,副教授,副教授,,,https://cs.sjtu.edu.cn/jiaoshiml/yanyichao.html
F00045,上海交通大学,上海,985/211/双一流,计算机学院（网络空间安全学院、密码学院）,朱开元,副教授,副教授,计算基因组学、癌症基因组学，聚焦 基因组数据的高效存储、检索 与分析，具体研究内容包括但不限于：（1）癌症基因组局部扩增与复杂结构变异（如染色体外DNA）重建,,https://cs.sjtu.edu.cn/jiaoshiml/z.html
F00046,上海交通大学,上海,985/211/双一流,计算机学院（网络空间安全学院、密码学院）,李国强,副教授,副教授,形式化验证、程序语言理论、程序智能,,https://cs.sjtu.edu.cn/jiaoshiml/liguoqiang.html
F00047,上海交通大学,上海,985/211/双一流,计算机学院（网络空间安全学院、密码学院）,李小勇,副教授,副教授,,,https://cs.sjtu.edu.cn/jiaoshiml/lixiaoyong.html
F00048,上海交通大学,上海,985/211/双一流,计算机学院（网络空间安全学院、密码学院）,李承璋,副教授,副教授,人工智能与边缘网络的交叉，包括人工智能应用在边缘网络的部署，以及基于人工智能的通信网络优化,,https://cs.sjtu.edu.cn/jiaoshiml/lichengzhang.html
F00049,上海交通大学,上海,985/211/双一流,计算机学院（网络空间安全学院、密码学院）,李林森,副教授,副教授,信息安全，物联网安全，工业互联网安全，硬件系统安全,,https://cs.sjtu.edu.cn/jiaoshiml/lilinsen.html
F00050,上海交通大学,上海,985/211/双一流,计算机学院（网络空间安全学院、密码学院）,李钟毓,副教授,副教授,智慧医疗、计算神经科学、计算机视觉和深度学习,,https://cs.sjtu.edu.cn/jiaoshiml/lizhongyu.html
F00051,上海交通大学,上海,985/211/双一流,计算机学院（网络空间安全学院、密码学院）,李高磊,副教授,副教授,,,https://cs.sjtu.edu.cn/jiaoshiml/ligaolei.html
F00052,上海交通大学,上海,985/211/双一流,计算机学院（网络空间安全学院、密码学院）,杨宽,副教授,副教授,,,https://cs.sjtu.edu.cn/jiaoshiml/yangkuan.html
F00053,上海交通大学,上海,985/211/双一流,计算机学院（网络空间安全学院、密码学院）,林云,副教授,副教授,,,https://cs.sjtu.edu.cn/jiaoshiml/linyun.html
F00054,上海交通大学,上海,985/211/双一流,计算机学院（网络空间安全学院、密码学院）,林夕,副教授,副教授,,,https://cs.sjtu.edu.cn/jiaoshiml/linxi.html
F00055,上海交通大学,上海,985/211/双一流,计算机学院（网络空间安全学院、密码学院）,梁诗宇,副教授,副教授,,,https://cs.sjtu.edu.cn/jiaoshiml/liangshiyu.html
F00056,上海交通大学,上海,985/211/双一流,计算机学院（网络空间安全学院、密码学院）,江波,副教授,副教授,,,https://cs.sjtu.edu.cn/jiaoshiml/jiangbo.html
F00057,上海交通大学,上海,985/211/双一流,计算机学院（网络空间安全学院、密码学院）,汪哲东,副教授,副教授,,,https://cs.sjtu.edu.cn/jiaoshiml/wangzhedong.html
F00058,上海交通大学,上海,985/211/双一流,计算机学院（网络空间安全学院、密码学院）,汪宇霆,副教授,副教授,形式化方法和程序设计语言，内容涵盖形式化验证和程序语言的理论基础（包括程序语义、形式逻辑等）、形式验证框架设计开发、以及关键性系统软件（如编译器和操作系统）的验证,,https://cs.sjtu.edu.cn/jiaoshiml/wangyuting.html
F00059,上海交通大学,上海,985/211/双一流,计算机学院（网络空间安全学院、密码学院）,沈备军,副教授,副教授,软件工程、LLM软件技术,,https://cs.sjtu.edu.cn/jiaoshiml/shenbeijun.html
F00060,上海交通大学,上海,985/211/双一流,计算机学院（网络空间安全学院、密码学院）,洪义,副教授,副教授,,0000-0002-9065-3691,https://cs.sjtu.edu.cn/jiaoshiml/hongyi.html
F00061,上海交通大学,上海,985/211/双一流,计算机学院（网络空间安全学院、密码学院）,涂仕奎,副教授,副教授,,,https://cs.sjtu.edu.cn/jiaoshiml/tushikui.html
F00062,上海交通大学,上海,985/211/双一流,计算机学院（网络空间安全学院、密码学院）,潘昊,副教授,副教授,移动与网络系统，涵盖无线通信（低轨卫星、毫米波/太赫兹）与感知、射频信号理解、可穿戴健康、物理层安全及3D计算机视觉等，并且当前正积极探索具身端侧智能、智能体AI、AI4SCI（电磁计算、医工交叉）等前沿方向,,https://cs.sjtu.edu.cn/jiaoshiml/panhao.html
F00063,上海交通大学,上海,985/211/双一流,计算机学院（网络空间安全学院、密码学院）,潘烨,副教授,副教授,角色动画，数字人,,https://cs.sjtu.edu.cn/jiaoshiml/panye.html
F00064,上海交通大学,上海,985/211/双一流,计算机学院（网络空间安全学院、密码学院）,熊国钧,副教授,副教授,不确定环境下的在线序列决策、随机优化与控制，以及面向网络化系统的分布式优化与多智能体强化学习,,https://cs.sjtu.edu.cn/jiaoshiml/xiongguojun.html
F00065,上海交通大学,上海,985/211/双一流,计算机学院（网络空间安全学院、密码学院）,牛力,副教授,副教授,,,https://cs.sjtu.edu.cn/jiaoshiml/niuli.html
F00066,上海交通大学,上海,985/211/双一流,计算机学院（网络空间安全学院、密码学院）,牛超越,副教授,副教授,移动端生成式大模型、 大小模型端云协同学习以及在 智能体、 推荐系统、 输入法、 多模态内容理解等场景的应用，研究成果发表在ACM MobiCom、USENIX OSDI、NeurIPS、 ACM KDD 等国际顶尖会议上，并形成多项授权,,https://cs.sjtu.edu.cn/jiaoshiml/niuchaoyue.html
F00067,上海交通大学,上海,985/211/双一流,计算机学院（网络空间安全学院、密码学院）,王东,副教授,副教授,,,https://cs.sjtu.edu.cn/jiaoshiml/wangdong.html
F00068,上海交通大学,上海,985/211/双一流,计算机学院（网络空间安全学院、密码学院）,王启圣,副教授,副教授,量子算法与复杂性,,https://cs.sjtu.edu.cn/jiaoshiml/wangqisheng.html
F00069,上海交通大学,上海,985/211/双一流,计算机学院（网络空间安全学院、密码学院）,王德泉,副教授,副教授,Science for AI、AI for Science,,https://cs.sjtu.edu.cn/jiaoshiml/wangdequan.html
F00070,上海交通大学,上海,985/211/双一流,计算机学院（网络空间安全学院、密码学院）,王浩洋,副教授,副教授,对称密码算法的设计与分析,,https://cs.sjtu.edu.cn/jiaoshiml/wanghaoyang.html
F00071,上海交通大学,上海,985/211/双一流,计算机学院（网络空间安全学院、密码学院）,王烁,副教授,副教授,聚焦于可信人工智能与人工智能安全，重点包括： 1. 大模型安全与合规 研究大语言模型在生成内容、安全边界、风险识别、合规评测、红队测试、越狱攻击、防御机制和安全认证方面的关键问题,,https://cs.sjtu.edu.cn/jiaoshiml/wangshuo.html
F00072,上海交通大学,上海,985/211/双一流,计算机学院（网络空间安全学院、密码学院）,王瑞,副教授,副教授,,,https://cs.sjtu.edu.cn/jiaoshiml/wangrui.html
F00073,上海交通大学,上海,985/211/双一流,计算机学院（网络空间安全学院、密码学院）,王铮,副教授,副教授,数据挖掘、内容安全、人工智能安全与大数据技术,,https://cs.sjtu.edu.cn/jiaoshiml/wangzheng.html
F00074,上海交通大学,上海,985/211/双一流,计算机学院（网络空间安全学院、密码学院）,王韫博,副教授,副教授,,,https://cs.sjtu.edu.cn/jiaoshiml/wangyunbo.html
F00075,上海交通大学,上海,985/211/双一流,计算机学院（网络空间安全学院、密码学院）,申丽萍,副教授,副教授,智慧教育（AIED）,,https://cs.sjtu.edu.cn/jiaoshiml/shenliping.html
F00076,上海交通大学,上海,985/211/双一流,计算机学院（网络空间安全学院、密码学院）,纪幸辰,副教授,副教授,,,https://cs.sjtu.edu.cn/jiaoshiml/jixingchen.html
F00077,上海交通大学,上海,985/211/双一流,计算机学院（网络空间安全学院、密码学院）,罗欣剑,副教授,副教授,分布式机器学习系统的隐私与安全风险分析，侧重通过隐私分析揭示人工智能系统的内部运行机理，促进可信与可靠人工智能系统的构建,,https://cs.sjtu.edu.cn/jiaoshiml/luoxinjian.html
F00078,上海交通大学,上海,985/211/双一流,计算机学院（网络空间安全学院、密码学院）,肖双九,副教授,副教授,计算机图形AIGC、动画仿真、数字孪生、自然人机交互、VR/AR技术、数据可视化等,,https://cs.sjtu.edu.cn/jiaoshiml/xiaoshuangjiu.html
F00079,上海交通大学,上海,985/211/双一流,计算机学院（网络空间安全学院、密码学院）,胡云聪,副教授,副教授,应用密码学和零知识证明，曾发明零知识证明算法Marlin和开源平台Arkworks，被学术界和工业界广泛采用,,https://cs.sjtu.edu.cn/jiaoshiml/huyuncong.html
F00080,上海交通大学,上海,985/211/双一流,计算机学院（网络空间安全学院、密码学院）,胡宏盛,副教授,副教授,,,https://cs.sjtu.edu.cn/jiaoshiml/huhongsheng.html
F00081,上海交通大学,上海,985/211/双一流,计算机学院（网络空间安全学院、密码学院）,胡畔,副教授,副教授,感兴趣的博士后、博士生、硕士生、实习生申请人（其中实习生仅限线下，不接受线上实习）在阅读至少一篇本人为第一或,0000-0003-1701-9640,https://cs.sjtu.edu.cn/jiaoshiml/hupan.html
F00082,上海交通大学,上海,985/211/双一流,计算机学院（网络空间安全学院、密码学院）,范磊,副教授,副教授,区块链与数字货币、 密码协议设计与安全性分析、 安全多方计算等,,https://cs.sjtu.edu.cn/jiaoshiml/fanlei.html
F00083,上海交通大学,上海,985/211/双一流,计算机学院（网络空间安全学院、密码学院）,董笑菊,副教授,副教授,数据科学、数据智能可视分析、知识服务、人文计算、形式化方法和验证等,,https://cs.sjtu.edu.cn/jiaoshiml/dongxiaoju.html
F00084,上海交通大学,上海,985/211/双一流,计算机学院（网络空间安全学院、密码学院）,袁晨,副教授,副教授,安全多方计算，秘密分享，代数编码，局部可修复码，列表译码等,,https://cs.sjtu.edu.cn/jiaoshiml/yuanchen.html
F00085,上海交通大学,上海,985/211/双一流,计算机学院（网络空间安全学院、密码学院）,袁肖赟,副教授,副教授,,,https://cs.sjtu.edu.cn/jiaoshiml/yuanxiaoyun.html
F00086,上海交通大学,上海,985/211/双一流,计算机学院（网络空间安全学院、密码学院）,许岩岩,副教授,副教授,,,https://cs.sjtu.edu.cn/jiaoshiml/xuyanyan.html
F00087,上海交通大学,上海,985/211/双一流,计算机学院（网络空间安全学院、密码学院）,贺可强,副教授,副教授,计算机网络和系统,,https://cs.sjtu.edu.cn/jiaoshiml/hekeqiang.html
F00088,上海交通大学,上海,985/211/双一流,计算机学院（网络空间安全学院、密码学院）,赵杰茹,副教授,副教授,智能计算系统、计算机体系结构、 编译优化、 异构计算（GPU、FPGA、NPU）等,,https://cs.sjtu.edu.cn/jiaoshiml/zhaojieru.html
F00089,上海交通大学,上海,985/211/双一流,计算机学院（网络空间安全学院、密码学院）,邓志杰,副教授,副教授,生成模型，相关技术应用于美团LongCat等业界大模型,,https://cs.sjtu.edu.cn/jiaoshiml/dengzhijie.html
F00090,上海交通大学,上海,985/211/双一流,计算机学院（网络空间安全学院、密码学院）,郑伟龙,副教授,副教授,,0000-0002-9474-6369,https://cs.sjtu.edu.cn/jiaoshiml/zhengweilong.html
F00091,上海交通大学,上海,985/211/双一流,计算机学院（网络空间安全学院、密码学院）,郑冠杰,副教授,副教授,,,https://cs.sjtu.edu.cn/jiaoshiml/zhengguanjie.html
F00092,上海交通大学,上海,985/211/双一流,计算机学院（网络空间安全学院、密码学院）,郑圣安,副教授,副教授,大模型训推系统，分布式系统、内存与存储系统以及智能系统软件等,,https://cs.sjtu.edu.cn/jiaoshiml/zhengshengan.html
F00093,上海交通大学,上海,985/211/双一流,计算机学院（网络空间安全学院、密码学院）,金海明,副教授,副教授,,,https://cs.sjtu.edu.cn/jiaoshiml/jinhaiming.html
F00094,上海交通大学,上海,985/211/双一流,计算机学院（网络空间安全学院、密码学院）,陈博,副教授,副教授,网络信息系统、机器学习系统、沉浸式计算、移动与边缘计算、多媒体系统等，重点研究面向智能视觉、扩展现实和三维内容应用的端—边—云协同计算、智能内容传输与系统优化,,https://cs.sjtu.edu.cn/jiaoshiml/chenbo.html
F00095,上海交通大学,上海,985/211/双一流,计算机学院（网络空间安全学院、密码学院）,陈国兴,副教授,副教授,"计算机系统与硬件安全，致力于研究基于硬件和操作系统的安全架构（如可信执行环境）的安全性，在微架构侧信道安全、预测执行漏洞分析、远程认证隐私保护等方面取得了一系列原创性成果，包括计算机安全领域四大会议IEEE S&P, ACM CCS, USENIX Security, NDSS",,https://cs.sjtu.edu.cn/jiaoshiml/chenguoxing.html
F00096,上海交通大学,上海,985/211/双一流,计算机学院（网络空间安全学院、密码学院）,陈奕超,副教授,副教授,,,https://cs.sjtu.edu.cn/jiaoshiml/chenyichao.html
F00097,上海交通大学,上海,985/211/双一流,计算机学院（网络空间安全学院、密码学院）,陈昊鹏,副教授,副教授,,,https://cs.sjtu.edu.cn/jiaoshiml/chenhaopeng.html
F00098,上海交通大学,上海,985/211/双一流,计算机学院（网络空间安全学院、密码学院）,陈晨,副教授,副教授,"在OSDI, ASPLOS, SC, SoCC, INFOCOM, ICDCS等著名会议上发表论文30余篇",,https://cs.sjtu.edu.cn/jiaoshiml/chenchen.html
F00099,上海交通大学,上海,985/211/双一流,计算机学院（网络空间安全学院、密码学院）,陈游旻,副教授,副教授,存储系统、 MLSys、 操作系统 等，在系统领域顶级会议（如SOSP、FAST、ASPLOS、EuroSys、USENIX ATC等）及期刊发表论文30余篇，多篇论文入选谷歌学术近5年高被引论文排行榜TOP50，研究成果应用于华为、阿里等头部企业，相关研究成曾获得 CCF科学技术奖技术发明一等奖 、 华为首届奥林帕斯奖及百万悬红 等,,https://cs.sjtu.edu.cn/jiaoshiml/chenyoumin.html
F00100,上海交通大学,上海,985/211/双一流,计算机学院（网络空间安全学院、密码学院）,陈玉泉,副教授,副教授,,,https://cs.sjtu.edu.cn/jiaoshiml/chenyuquan.html
F00101,上海交通大学,上海,985/211/双一流,计算机学院（网络空间安全学院、密码学院）,陈秀真,副教授,副教授,信息系统安全检测与评估、智能网联信息安全、人工智能理论及应用,,https://cs.sjtu.edu.cn/jiaoshiml/chenxiuzhen.html
F00102,上海交通大学,上海,985/211/双一流,计算机学院（网络空间安全学院、密码学院）,陈谐,副教授,副教授,,0000-0001-7423-617X,https://cs.sjtu.edu.cn/jiaoshiml/chenxie.html
F00103,上海交通大学,上海,985/211/双一流,计算机学院（网络空间安全学院、密码学院）,陈黎兴,副教授,副教授,算力网络安全、人工智能安全,,https://cs.sjtu.edu.cn/jiaoshiml/chenlixing.html
F00104,上海交通大学,上海,985/211/双一流,计算机学院（网络空间安全学院、密码学院）,陶表帅,副教授,副教授,在理论计算机科学和经济学的交叉方向，包括算法博弈论、社会选择学、公平分配、社会网络分析等,,https://cs.sjtu.edu.cn/jiaoshiml/taobiaoshuai.html
F00105,上海交通大学,上海,985/211/双一流,计算机学院（网络空间安全学院、密码学院）,顾小东,副教授,副教授,大语言模型、智能化软件工程、自然语言处理，为软件代码开发高效的机器学习算法,,https://cs.sjtu.edu.cn/jiaoshiml/guxiaodong.html
F00106,上海交通大学,上海,985/211/双一流,计算机学院（网络空间安全学院、密码学院）,顾尚定,副教授,副教授,,,https://cs.sjtu.edu.cn/jiaoshiml/gushangding.html
F00107,上海交通大学,上海,985/211/双一流,计算机学院（网络空间安全学院、密码学院）,顾磊磊,副教授,副教授,聚焦于仿生视觉传感器，通过生物启发的传感器及处理算法软硬一体的联合设计，构建小算力、低功耗的仿生视觉系统，提高无人机、微/小型机器人以及人本身等资源受限场景下的智能视觉感知能力,0000-0002-0377-4939,https://cs.sjtu.edu.cn/jiaoshiml/guleilei.html
F00108,上海交通大学,上海,985/211/双一流,计算机学院（网络空间安全学院、密码学院）,马叶涵,副教授,副教授,,,https://cs.sjtu.edu.cn/jiaoshiml/mayehan.html
F00109,上海交通大学,上海,985/211/双一流,计算机学院（网络空间安全学院、密码学院）,魏星达,副教授,副教授,,,https://cs.sjtu.edu.cn/jiaoshiml/weixingda.html
F00110,上海交通大学,上海,985/211/双一流,计算机学院（网络空间安全学院、密码学院）,黄征,副教授,副教授,人工智能的各种应用，隐私保护计算(联邦学习),,https://cs.sjtu.edu.cn/jiaoshiml/huangzheng.html
F00111,上海交通大学,上海,985/211/双一流,计算机学院（网络空间安全学院、密码学院）,黄维然,副教授,副教授,,,https://cs.sjtu.edu.cn/jiaoshiml/huangweiran.html
F00112,上海交通大学,上海,985/211/双一流,计算机学院（网络空间安全学院、密码学院）,龙宇,副教授,副教授,,,https://cs.sjtu.edu.cn/jiaoshiml/longyu.html
F00113,上海交通大学,上海,985/211/双一流,计算机学院（网络空间安全学院、密码学院）,龙环,副教授,副教授,,0000-0002-1328-6197,https://cs.sjtu.edu.cn/jiaoshiml/longhuan.html
F00114,上海交通大学,上海,985/211/双一流,计算机学院（网络空间安全学院、密码学院）,侯小凤,副研究员,副研究员,,,https://cs.sjtu.edu.cn/jiaoshiml/houxiaofeng.html
F00115,上海交通大学,上海,985/211/双一流,计算机学院（网络空间安全学院、密码学院）,华志超,副研究员,副研究员,操作系统、系统结构与大模型基础软件,,https://cs.sjtu.edu.cn/jiaoshiml/huazhichao.html
F00116,上海交通大学,上海,985/211/双一流,计算机学院（网络空间安全学院、密码学院）,古金宇,副研究员,副研究员,操作系统内核、系统安全、机器学习系统,,https://cs.sjtu.edu.cn/jiaoshiml/gujinyu.html
F00117,上海交通大学,上海,985/211/双一流,计算机学院（网络空间安全学院、密码学院）,吴明瑜,副研究员,副研究员,操作系统和语言运行时系统,,https://cs.sjtu.edu.cn/jiaoshiml/wumingyu.html
F00118,上海交通大学,上海,985/211/双一流,计算机学院（网络空间安全学院、密码学院）,吴梦玥,副研究员,副研究员,围绕计算精神健康的音频信号及自然语言处理，包括大模型共情、主动对话系统、病理音频分析、医疗大模型安全伦理以及落地应用的心理筛查及咨询系统,,https://cs.sjtu.edu.cn/jiaoshiml/wumengyue.html
F00119,上海交通大学,上海,985/211/双一流,计算机学院（网络空间安全学院、密码学院）,吴鹏,副研究员,副研究员,网络空间内容治理，大模型安全，大模型在虚假信检测、推荐系统、恶意软件检测等方面的应用等,,https://cs.sjtu.edu.cn/jiaoshiml/wupeng.html
F00120,上海交通大学,上海,985/211/双一流,计算机学院（网络空间安全学院、密码学院）,唐新怀,副研究员,副研究员,,,https://cs.sjtu.edu.cn/jiaoshiml/tangxinhuai.html
F00121,上海交通大学,上海,985/211/双一流,计算机学院（网络空间安全学院、密码学院）,孟岩,副研究员,副研究员,物联网安全，获得2022年ACM中国优博奖，入选2023年度中国科协青年人才托举工程,,https://cs.sjtu.edu.cn/jiaoshiml/mengyan.html
F00122,上海交通大学,上海,985/211/双一流,计算机学院（网络空间安全学院、密码学院）,宋卓然,副研究员,副研究员,面向大模型与具身智能的智能计算系统设计,,https://cs.sjtu.edu.cn/jiaoshiml/songzhuoran.html
F00123,上海交通大学,上海,985/211/双一流,计算机学院（网络空间安全学院、密码学院）,宋涛,副研究员,副研究员,"分布式机器学习 、 多模态大模型 、 AI+X 等领域，近年来，已在一系列计算机领域的顶级会议和期刊发表论文50余篇，包括PPoPP, SoCC, SIGKDD, VLDB, ICML, NeurIPS, CVPR, ICCV, ECCV, AAAI, IJCAI, ACM MM, IEEE Network, JMLR, TDSC, TBD, TDS, TCBB等",,https://cs.sjtu.edu.cn/jiaoshiml/songtao.html
F00124,上海交通大学,上海,985/211/双一流,计算机学院（网络空间安全学院、密码学院）,张保稳,副研究员,副研究员,新型网络与信息系统安全度量与与评估、信息安全本体、面向安全关键场景的人工智能安全（神经网络鲁棒性度量）等,,https://cs.sjtu.edu.cn/jiaoshiml/zhangbaowen.html
F00125,上海交通大学,上海,985/211/双一流,计算机学院（网络空间安全学院、密码学院）,张爱新,副研究员,副研究员,,,https://cs.sjtu.edu.cn/jiaoshiml/zhangaixin.html
F00126,上海交通大学,上海,985/211/双一流,计算机学院（网络空间安全学院、密码学院）,张维夏,副研究员,副研究员,多媒体质量评价，感知优化，计算摄影，工业视觉分析,,https://cs.sjtu.edu.cn/jiaoshiml/zhangweixia.html
F00127,上海交通大学,上海,985/211/双一流,计算机学院（网络空间安全学院、密码学院）,张谦,副研究员,副研究员,物联网、普适计算和无线感知,,https://cs.sjtu.edu.cn/jiaoshiml/zhangqian.html
F00128,上海交通大学,上海,985/211/双一流,计算机学院（网络空间安全学院、密码学院）,徐寒松,副研究员,副研究员,物联网、网络安全等领域的理论与技术,,https://cs.sjtu.edu.cn/jiaoshiml/xuhansong.html
F00129,上海交通大学,上海,985/211/双一流,计算机学院（网络空间安全学院、密码学院）,易平,副研究员,副研究员,,0000-0003-4530-5118,https://cs.sjtu.edu.cn/jiaoshiml/yiping.html
F00130,上海交通大学,上海,985/211/双一流,计算机学院（网络空间安全学院、密码学院）,李沁雅,副研究员,副研究员,,,https://cs.sjtu.edu.cn/jiaoshiml/liqinya.html
F00131,上海交通大学,上海,985/211/双一流,计算机学院（网络空间安全学院、密码学院）,杜冬冬,副研究员,副研究员,操作系统与体系结构、模型原生系统、智能体系统、服务器无感知（Serverless）计算、系统安全,0000-0002-7945-8430,https://cs.sjtu.edu.cn/jiaoshiml/dudongdong.html
F00132,上海交通大学,上海,985/211/双一流,计算机学院（网络空间安全学院、密码学院）,柯晶,副研究员,副研究员,"基于AI的医学图像及GPU异构计算，在IEEE Transactions on Medical Imaging, Medical Image Analysis, MICCAI等国际期刊会议发表论文五十余篇",0000-0001-7459-257X,https://cs.sjtu.edu.cn/jiaoshiml/kejing.html
F00133,上海交通大学,上海,985/211/双一流,计算机学院（网络空间安全学院、密码学院）,洪佳楠,副研究员,副研究员,,,https://cs.sjtu.edu.cn/jiaoshiml/hongjianan.html
F00134,上海交通大学,上海,985/211/双一流,计算机学院（网络空间安全学院、密码学院）,王更,副研究员,副研究员,后量子密码，尤其是格密码的安全性分析,,https://cs.sjtu.edu.cn/jiaoshiml/wanggeng.html
F00135,上海交通大学,上海,985/211/双一流,计算机学院（网络空间安全学院、密码学院）,糜泽羽,副研究员,副研究员,大模型系统和操作系统,,https://cs.sjtu.edu.cn/jiaoshiml/mizeyu.html
F00136,上海交通大学,上海,985/211/双一流,计算机学院（网络空间安全学院、密码学院）,苏波,副研究员,副研究员,,,https://cs.sjtu.edu.cn/jiaoshiml/subo.html
F00137,上海交通大学,上海,985/211/双一流,计算机学院（网络空间安全学院、密码学院）,董明凯,副研究员,副研究员,操作系统、文件与存储系统、DNA存储与计算，相关工作发表在FAST、USENIX ATC、SOSP等操作系统顶级国际会议,,https://cs.sjtu.edu.cn/jiaoshiml/dongmingkai.html
F00138,上海交通大学,上海,985/211/双一流,计算机学院（网络空间安全学院、密码学院）,薛栋梁,副研究员,副研究员,系统软件，存储系统，体系结构，具身智能等,,https://cs.sjtu.edu.cn/jiaoshiml/xuedongliang.html
F00139,上海交通大学,上海,985/211/双一流,计算机学院（网络空间安全学院、密码学院）,许可,副研究员,副研究员,的发展，并取得了系列有价值的理论和技术研究成果,,https://cs.sjtu.edu.cn/jiaoshiml/xuke.html
F00140,上海交通大学,上海,985/211/双一流,计算机学院（网络空间安全学院、密码学院）,郭捷,副研究员,副研究员,视频行为分析、多媒体安全、图象处理与模式识别、人工智能等,,https://cs.sjtu.edu.cn/jiaoshiml/guojie.html
F00141,上海交通大学,上海,985/211/双一流,计算机学院（网络空间安全学院、密码学院）,钱诗友,副研究员,副研究员,云计算、大数据分析、推荐系统及算法,,https://cs.sjtu.edu.cn/jiaoshiml/qianshiyou.html
F00142,上海交通大学,上海,985/211/双一流,计算机学院（网络空间安全学院、密码学院）,陈露,副研究员,副研究员,大语言模型基础技术、智能体系统及其在科学领域的交叉应用，以第一作者或,,https://cs.sjtu.edu.cn/jiaoshiml/chenlu.html
F00143,上海交通大学,上海,985/211/双一流,计算机学院（网络空间安全学院、密码学院）,马汝辉,副研究员,副研究员,,,https://cs.sjtu.edu.cn/jiaoshiml/maruhui.html
F00144,上海交通大学,上海,985/211/双一流,计算机学院（网络空间安全学院、密码学院）,冯宇,助理教授,助理教授,,,https://cs.sjtu.edu.cn/jiaoshiml/fengyu.html
F00145,上海交通大学,上海,985/211/双一流,计算机学院（网络空间安全学院、密码学院）,吴安邦,助理教授,助理教授,,,https://cs.sjtu.edu.cn/jiaoshiml/wuanbang.html
F00146,上海交通大学,上海,985/211/双一流,计算机学院（网络空间安全学院、密码学院）,吴小宝,助理教授,助理教授,人工智能、自然语言处理、大语言模型等,,https://cs.sjtu.edu.cn/jiaoshiml/wuxiaobao.html
F00147,上海交通大学,上海,985/211/双一流,计算机学院（网络空间安全学院、密码学院）,周煊赫,助理教授,助理教授,,,https://cs.sjtu.edu.cn/jiaoshiml/zhouxuanhe.html
F00148,上海交通大学,上海,985/211/双一流,计算机学院（网络空间安全学院、密码学院）,张倬胜,助理教授,助理教授,,,https://cs.sjtu.edu.cn/jiaoshiml/zhangzhuosheng.html
F00149,上海交通大学,上海,985/211/双一流,计算机学院（网络空间安全学院、密码学院）,李阳,助理教授,助理教授,面向真实物理世界，研究具身智能体的感知—决策—行动闭环、持续交互中的自主适应与自进化,,https://cs.sjtu.edu.cn/jiaoshiml/l.html
F00150,上海交通大学,上海,985/211/双一流,计算机学院（网络空间安全学院、密码学院）,桂佳平,助理教授,助理教授,网络与系统安全、人工智能安全和软件工程,,https://cs.sjtu.edu.cn/jiaoshiml/guijiaping.html
F00151,上海交通大学,上海,985/211/双一流,计算机学院（网络空间安全学院、密码学院）,穆尧,助理教授,助理教授,,,https://cs.sjtu.edu.cn/jiaoshiml/muyao.html
F00152,上海交通大学,上海,985/211/双一流,计算机学院（网络空间安全学院、密码学院）,董益宏,助理教授,助理教授,智能化软件工程、大语言模型以及多智能体协同，近两年发表CCF-A类论文30余篇，其中一作论文引用2000余次，在AI4SE领域属于高被引，且多项,,https://cs.sjtu.edu.cn/jiaoshiml/dongyihong.html
F00153,上海交通大学,上海,985/211/双一流,计算机学院（网络空间安全学院、密码学院）,赖奕甫,助理教授,助理教授,,,https://cs.sjtu.edu.cn/jiaoshiml/laiyifu.html
F00154,上海交通大学,上海,985/211/双一流,计算机学院（网络空间安全学院、密码学院）,黄涛,助理教授,助理教授,高效深度学习、多模态大模型、具身智能等，相关研究成果发表至TPAMI、NeurIPS、ICML、ICLR、CVPR、ECCV、AAAI等人工智能、计算机视觉期刊会议中,,https://cs.sjtu.edu.cn/jiaoshiml/huangtao.html
F00155,上海交通大学,上海,985/211/双一流,计算机学院（网络空间安全学院、密码学院）,丁玥,助理研究员,助理研究员,计算机视觉、具身智能、数据挖掘和推荐系统,,https://cs.sjtu.edu.cn/jiaoshiml/dingyue.html
F00156,上海交通大学,上海,985/211/双一流,计算机学院（网络空间安全学院、密码学院）,于晗,助理研究员,助理研究员,工业软件，工业大数据，知识图谱，AI4Engineering等,,https://cs.sjtu.edu.cn/jiaoshiml/yuhan.html
F00157,上海交通大学,上海,985/211/双一流,计算机学院（网络空间安全学院、密码学院）,余炀,助理研究员,助理研究员,操作系统、系统结构与开源鸿蒙系统,,https://cs.sjtu.edu.cn/jiaoshiml/yuyang.html
F00158,上海交通大学,上海,985/211/双一流,计算机学院（网络空间安全学院、密码学院）,侯勤胜,助理研究员,助理研究员,系统与软件安全、 人工智能安全,,https://cs.sjtu.edu.cn/jiaoshiml/houqinsheng.html
F00159,上海交通大学,上海,985/211/双一流,计算机学院（网络空间安全学院、密码学院）,刘方鑫,助理研究员,助理研究员,计算机体系结构与设计自动化、大模型加速与AI编译优化等,,https://cs.sjtu.edu.cn/jiaoshiml/liufangxin.html
F00160,上海交通大学,上海,985/211/双一流,计算机学院（网络空间安全学院、密码学院）,刘铭,助理研究员,助理研究员,可扩展计算、入侵检测、隐私保护,,https://cs.sjtu.edu.cn/jiaoshiml/liuming.html
F00161,上海交通大学,上海,985/211/双一流,计算机学院（网络空间安全学院、密码学院）,刘雨桐,助理研究员,助理研究员,物联网感知与智能计算（IoT+AI），面向“天-地-海”三大智能计算维度，除传统地面物联网感知智能计算以外，同时研究天基物联网感知智能计算与海底感知智能计算,,https://cs.sjtu.edu.cn/jiaoshiml/liuyutong.html
F00162,上海交通大学,上海,985/211/双一流,计算机学院（网络空间安全学院、密码学院）,唐鹏,助理研究员,助理研究员,隐私保护、人工智能安全、数据流通共享安全等,,https://cs.sjtu.edu.cn/jiaoshiml/tangpeng.html
F00163,上海交通大学,上海,985/211/双一流,计算机学院（网络空间安全学院、密码学院）,娄炯,助理研究员,助理研究员,,,https://cs.sjtu.edu.cn/jiaoshiml/loujiong.html
F00164,上海交通大学,上海,985/211/双一流,计算机学院（网络空间安全学院、密码学院）,应臣浩,助理研究员,助理研究员,,,https://cs.sjtu.edu.cn/jiaoshiml/yingchenhao.html
F00165,上海交通大学,上海,985/211/双一流,计算机学院（网络空间安全学院、密码学院）,庞浦,助理研究员,助理研究员,,0009-0004-3685-0901,https://cs.sjtu.edu.cn/jiaoshiml/pangpu.html
F00166,上海交通大学,上海,985/211/双一流,计算机学院（网络空间安全学院、密码学院）,张晓涵,助理研究员,助理研究员,,,https://cs.sjtu.edu.cn/jiaoshiml/zhangxiaohan.html
F00167,上海交通大学,上海,985/211/双一流,计算机学院（网络空间安全学院、密码学院）,张驰,助理研究员,助理研究员,聚焦于密码工程与系统安全，主要研究密码模块数学物理分析，密码算法高效安全实现，后量子密码工程，密码系统安全防护，密码模块检测技术等理论方法与工程技术,,https://cs.sjtu.edu.cn/jiaoshiml/zhangchi.html
F00168,上海交通大学,上海,985/211/双一流,计算机学院（网络空间安全学院、密码学院）,彭博,助理研究员,助理研究员,系统软件、云计算与虚拟化、内存存储系统,,https://cs.sjtu.edu.cn/jiaoshiml/pengbo.html
F00169,上海交通大学,上海,985/211/双一流,计算机学院（网络空间安全学院、密码学院）,徐燕虹,助理研究员,助理研究员,基于后量子密码学假设的隐私保护协议，相关,,https://cs.sjtu.edu.cn/jiaoshiml/xuyanhong.html
F00170,上海交通大学,上海,985/211/双一流,计算机学院（网络空间安全学院、密码学院）,徐磊,助理研究员,助理研究员,确定性网络设计、工业具身智能、工业互联网安全等,,https://cs.sjtu.edu.cn/jiaoshiml/xulei.html
F00171,上海交通大学,上海,985/211/双一流,计算机学院（网络空间安全学院、密码学院）,招浩华,助理研究员,助理研究员,机器学习、计算机视觉、类脑计算与深度学习等前沿领域,,https://cs.sjtu.edu.cn/jiaoshiml/zhaohaohua.html
F00172,上海交通大学,上海,985/211/双一流,计算机学院（网络空间安全学院、密码学院）,曹培,助理研究员,助理研究员,,,https://cs.sjtu.edu.cn/jiaoshiml/caopei.html
F00173,上海交通大学,上海,985/211/双一流,计算机学院（网络空间安全学院、密码学院）,李宋宋,助理研究员,助理研究员,代数编码及其在密码学中的应用， 零知识证明， 以及椭圆曲线相关的公钥密码学,0000-0002-5974-1140,https://cs.sjtu.edu.cn/jiaoshiml/lisongsong.html
F00174,上海交通大学,上海,985/211/双一流,计算机学院（网络空间安全学院、密码学院）,李希君,助理研究员,助理研究员,,,https://cs.sjtu.edu.cn/jiaoshiml/lixijun.html
F00175,上海交通大学,上海,985/211/双一流,计算机学院（网络空间安全学院、密码学院）,李晨达,助理研究员,助理研究员,语音增强与分离、通用声音分离、多模态信息处理、语音语言大模型等方向,,https://cs.sjtu.edu.cn/jiaoshiml/lichenda.html
F00176,上海交通大学,上海,985/211/双一流,计算机学院（网络空间安全学院、密码学院）,杨岚青,助理研究员,助理研究员,物联网、人工智能、智慧感知，发表CCF A类论文10余篇，CCFB类论文近10篇，多篇文章发表在USENIX SECURITY、NSDI、MOBICOM、UBICOMP、IEEE INFOCOM、TMC等国际知名期刊会议上,,https://cs.sjtu.edu.cn/jiaoshiml/yanglanqing.html
F00177,上海交通大学,上海,985/211/双一流,计算机学院（网络空间安全学院、密码学院）,段苏峰,助理研究员,助理研究员,大语言模型安全、机器翻译、自然语言处理等,,https://cs.sjtu.edu.cn/jiaoshiml/duansufeng.html
F00178,上海交通大学,上海,985/211/双一流,计算机学院（网络空间安全学院、密码学院）,胡易坤,助理研究员,助理研究员,,,https://cs.sjtu.edu.cn/jiaoshiml/huyikun.html
F00179,上海交通大学,上海,985/211/双一流,计算机学院（网络空间安全学院、密码学院）,苏锐丹,助理研究员,助理研究员,,,https://cs.sjtu.edu.cn/jiaoshiml/suruidan.html
F00180,上海交通大学,上海,985/211/双一流,计算机学院（网络空间安全学院、密码学院）,许强,助理研究员,助理研究员,,,https://cs.sjtu.edu.cn/jiaoshiml/xuqiang.html
F00181,上海交通大学,上海,985/211/双一流,计算机学院（网络空间安全学院、密码学院）,贺超翔,助理研究员,助理研究员,可信人工智能 和 人工智能模型的安全与隐私保护 ，包括大模型与智能体安全和云环境大模型基础设施安全等领域,,https://cs.sjtu.edu.cn/jiaoshiml/hechaoxiang.html
F00182,上海交通大学,上海,985/211/双一流,计算机学院（网络空间安全学院、密码学院）,赵涵,助理研究员,助理研究员,,,https://cs.sjtu.edu.cn/jiaoshiml/zhaohan.html
F00183,上海交通大学,上海,985/211/双一流,计算机学院（网络空间安全学院、密码学院）,郑聪惠,助理研究员,助理研究员,网络空间信息内容安全治理，图神经网络在社交网络用户行为分析的应用等,,https://cs.sjtu.edu.cn/jiaoshiml/zhengconghui.html
F00184,上海交通大学,上海,985/211/双一流,计算机学院（网络空间安全学院、密码学院）,黄俊钦,助理研究员,助理研究员,区块链、物联网、数据安全及可信计算等领域,,https://cs.sjtu.edu.cn/jiaoshiml/huangjunqin.html
F00185,上海交通大学,上海,985/211/双一流,计算机学院（网络空间安全学院、密码学院）,黄林庆,助理研究员,助理研究员,,,https://cs.sjtu.edu.cn/jiaoshiml/huanglinqing.html
F00186,上海交通大学,上海,985/211/双一流,计算机学院（网络空间安全学院、密码学院）,俞凯,特聘教授,教授,主席（语音识别/对话系统） EUSIPCO,,https://cs.sjtu.edu.cn/jiaoshiml/yukai.html
F00187,上海交通大学,上海,985/211/双一流,计算机学院（网络空间安全学院、密码学院）,俞勇,特聘教授,教授,,,https://cs.sjtu.edu.cn/jiaoshiml/yuyong.html
F00188,上海交通大学,上海,985/211/双一流,计算机学院（网络空间安全学院、密码学院）,傅洛伊,特聘教授,教授,,,https://cs.sjtu.edu.cn/jiaoshiml/fuluoyi.html
F00189,上海交通大学,上海,985/211/双一流,计算机学院（网络空间安全学院、密码学院）,傅育熙,特聘教授,教授,,,https://cs.sjtu.edu.cn/jiaoshiml/fuyuxi.html
F00190,上海交通大学,上海,985/211/双一流,计算机学院（网络空间安全学院、密码学院）,冷静文,特聘教授,教授,面向人工智能、区块链等新兴应用的计算系统设计及优化,,https://cs.sjtu.edu.cn/jiaoshiml/lengjingwen.html
F00191,上海交通大学,上海,985/211/双一流,计算机学院（网络空间安全学院、密码学院）,刘功申,长聘教授,教授,人工智能安全、大模型及其安全、自然语言处理、深度学习框架及其安全、多模态大模型等，研发成果服务于网络空间净化、信息感知和政策决策等国家重大需求,,https://cs.sjtu.edu.cn/jiaoshiml/liugongshen.html
F00192,上海交通大学,上海,985/211/双一流,计算机学院（网络空间安全学院、密码学院）,刘满华,教授,教授,人工智能、时空智能、多模态医学影像计算分析、疾病诊断和疗效预测，以第一/通信作者在国内外重要刊物和会议Nature Machine Intelligence、IEEE Trans TMI、Neuroimage等核心期刊发表70余篇，1篇ESI高被引论文，多次获最佳论文奖,,https://cs.sjtu.edu.cn/jiaoshiml/liumanhua.html
F00193,上海交通大学,上海,985/211/双一流,计算机学院（网络空间安全学院、密码学院）,刘胜利,特聘教授,教授,,,https://cs.sjtu.edu.cn/jiaoshiml/liushengli.html
F00194,上海交通大学,上海,985/211/双一流,计算机学院（网络空间安全学院、密码学院）,化存卿,教授,教授,主要涉及 6G网络、卫星互联网 等领域，聚焦AI驱动的智能无线网络和内生安全技术等方向，包括但不限于： AI驱动的卫星互联网高效组网与传输技术 ：涵盖低轨星座动态资源调度、星间协作通信与干扰认知管理,,https://cs.sjtu.edu.cn/jiaoshiml/huacunqing.html
F00195,上海交通大学,上海,985/211/双一流,计算机学院（网络空间安全学院、密码学院）,卢宏涛,长聘教授,教授,人工智能，包括机器学习、深度学习和计算机视觉等,,https://cs.sjtu.edu.cn/jiaoshiml/luhongtao.html
F00196,上海交通大学,上海,985/211/双一流,计算机学院（网络空间安全学院、密码学院）,吕宝粮,长聘教授,教授,,,https://cs.sjtu.edu.cn/jiaoshiml/lyubaoliang.html
F00197,上海交通大学,上海,985/211/双一流,计算机学院（网络空间安全学院、密码学院）,吴帆,特聘教授,教授,,,https://cs.sjtu.edu.cn/jiaoshiml/wufan.html
F00198,上海交通大学,上海,985/211/双一流,计算机学院（网络空间安全学院、密码学院）,吴晨涛,长聘教授,教授,云存储、大数据存储系统,,https://cs.sjtu.edu.cn/jiaoshiml/wuchentao.html
F00199,上海交通大学,上海,985/211/双一流,计算机学院（网络空间安全学院、密码学院）,唐飞龙,教授,教授,,,https://cs.sjtu.edu.cn/jiaoshiml/tangfeilong.html
F00200,上海交通大学,上海,985/211/双一流,计算机学院（网络空间安全学院、密码学院）,夏虞斌,教授,教授,计算机操作系统与系统结构，曾获教育部技术发明一等奖、上海市技术发明一等奖、 SOSP “ 最佳论文奖”、 DSN “ 十年时间验证奖”、 CCF “ NASAC 青年软件创新奖”、 国家教学成果二等奖、上海交通大学卓越教学奖等,,https://cs.sjtu.edu.cn/jiaoshiml/xiayubin.html
F00201,上海交通大学,上海,985/211/双一流,计算机学院（网络空间安全学院、密码学院）,姚建国,特聘教授,教授,系统软件与智能计算,,https://cs.sjtu.edu.cn/jiaoshiml/yaojianguo.html
F00202,上海交通大学,上海,985/211/双一流,计算机学院（网络空间安全学院、密码学院）,姚斌,教授,教授,,0000-0002-6478-4209,https://cs.sjtu.edu.cn/jiaoshiml/yaobin.html
F00203,上海交通大学,上海,985/211/双一流,计算机学院（网络空间安全学院、密码学院）,孔令和,特聘教授,教授,,,https://cs.sjtu.edu.cn/jiaoshiml/konglinghe.html
F00204,上海交通大学,上海,985/211/双一流,计算机学院（网络空间安全学院、密码学院）,孙锬锋,教授,教授,,,https://cs.sjtu.edu.cn/jiaoshiml/suntanfeng.html
F00205,上海交通大学,上海,985/211/双一流,计算机学院（网络空间安全学院、密码学院）,张一鸣,特聘教授,教授,,,https://cs.sjtu.edu.cn/jiaoshiml/zhangyiming.html
F00206,上海交通大学,上海,985/211/双一流,计算机学院（网络空间安全学院、密码学院）,张丽清,长聘教授,教授,,,https://cs.sjtu.edu.cn/jiaoshiml/zhangliqing.html
F00207,上海交通大学,上海,985/211/双一流,计算机学院（网络空间安全学院、密码学院）,张伟楠,教授,教授,,,https://cs.sjtu.edu.cn/jiaoshiml/zhangweinan.html
F00208,上海交通大学,上海,985/211/双一流,计算机学院（网络空间安全学院、密码学院）,张少霆,教授,教授,,,https://cs.sjtu.edu.cn/jiaoshiml/zhangshaoting.html
F00209,上海交通大学,上海,985/211/双一流,计算机学院（网络空间安全学院、密码学院）,徐宁仪,长聘教授,教授,,,https://cs.sjtu.edu.cn/jiaoshiml/xuningyi.html
F00210,上海交通大学,上海,985/211/双一流,计算机学院（网络空间安全学院、密码学院）,戚正伟,长聘教授,教授,虚拟化与云计算、程序分析、软硬协同优化等,,https://cs.sjtu.edu.cn/jiaoshiml/qizhengwei.html
F00211,上海交通大学,上海,985/211/双一流,计算机学院（网络空间安全学院、密码学院）,曹健,长聘教授,教授,智能数据分析、服务计算、协同信息系统和分布式人工智能,,https://cs.sjtu.edu.cn/jiaoshiml/caojian.html
F00212,上海交通大学,上海,985/211/双一流,计算机学院（网络空间安全学院、密码学院）,朱弘恣,教授,教授,,,https://cs.sjtu.edu.cn/jiaoshiml/zhuhongzi.html
F00213,上海交通大学,上海,985/211/双一流,计算机学院（网络空间安全学院、密码学院）,朱浩瑾,特聘教授,教授,物联网系统安全,,https://cs.sjtu.edu.cn/jiaoshiml/zhuhaojin.html
F00214,上海交通大学,上海,985/211/双一流,计算机学院（网络空间安全学院、密码学院）,朱燕民,长聘教授,教授,,,https://cs.sjtu.edu.cn/jiaoshiml/zhuyanmin.html
F00215,上海交通大学,上海,985/211/双一流,计算机学院（网络空间安全学院、密码学院）,李建华,特聘教授,教授,,,https://cs.sjtu.edu.cn/jiaoshiml/lijianhua.html
F00216,上海交通大学,上海,985/211/双一流,计算机学院（网络空间安全学院、密码学院）,李生红,长聘教授,教授,网络与信息资源安全管理、人工智能及其在网络空间安全领域的应用,,https://cs.sjtu.edu.cn/jiaoshiml/lishenghong.html
F00217,上海交通大学,上海,985/211/双一流,计算机学院（网络空间安全学院、密码学院）,李颉,教授,教授,人工智能、大数据、区块链、云计算、信息系统架构与安全,,https://cs.sjtu.edu.cn/jiaoshiml/lijie.html
F00218,上海交通大学,上海,985/211/双一流,计算机学院（网络空间安全学院、密码学院）,杨旭波,长聘教授,教授,虚拟现实(VR/AR/MR)、计算机图形学、人机交互,,https://cs.sjtu.edu.cn/jiaoshiml/yangxubo.html
F00219,上海交通大学,上海,985/211/双一流,计算机学院（网络空间安全学院、密码学院）,杨旸,教授,教授,,,https://cs.sjtu.edu.cn/jiaoshiml/yangyang.html
F00220,上海交通大学,上海,985/211/双一流,计算机学院（网络空间安全学院、密码学院）,梁晓峣,教授,教授,,,https://cs.sjtu.edu.cn/jiaoshiml/liangxiaoyao.html
F00221,上海交通大学,上海,985/211/双一流,计算机学院（网络空间安全学院、密码学院）,沈为,教授,教授,计算机视觉、深度学习与医学图像处理,,https://cs.sjtu.edu.cn/jiaoshiml/shenwei.html
F00222,上海交通大学,上海,985/211/双一流,计算机学院（网络空间安全学院、密码学院）,沈艳艳,教授,教授,,0009-0006-9911-5634,https://cs.sjtu.edu.cn/jiaoshiml/shenyanyan.html
F00223,上海交通大学,上海,985/211/双一流,计算机学院（网络空间安全学院、密码学院）,潘理,长聘教授,教授,网络空间内容治理，大数据与人工智能安全，基于大模型的社会计算等,,https://cs.sjtu.edu.cn/jiaoshiml/panli.html
F00224,上海交通大学,上海,985/211/双一流,计算机学院（网络空间安全学院、密码学院）,王士林,教授,教授,相关 期刊 和会议论文集中发表论文 100 多篇，论文 SC I /Google Scholar 累计引用 3700余 次，个人 h-Index 为34,0000-0002-8214-6809,https://cs.sjtu.edu.cn/jiaoshiml/wangshilin.html
F00225,上海交通大学,上海,985/211/双一流,计算机学院（网络空间安全学院、密码学院）,王磊,教授,教授,,,https://cs.sjtu.edu.cn/jiaoshiml/wanglei.html
F00226,上海交通大学,上海,985/211/双一流,计算机学院（网络空间安全学院、密码学院）,王肇国,教授,教授,,,https://cs.sjtu.edu.cn/jiaoshiml/wangzhaoguo.html
F00227,上海交通大学,上海,985/211/双一流,计算机学院（网络空间安全学院、密码学院）,白石,长聘教授,教授,密码学与计算数论,,https://cs.sjtu.edu.cn/jiaoshiml/baishi.html
F00228,上海交通大学,上海,985/211/双一流,计算机学院（网络空间安全学院、密码学院）,盛斌,特聘教授,教授,,0000-0001-8678-2784,https://cs.sjtu.edu.cn/jiaoshiml/shengbin.html
F00229,上海交通大学,上海,985/211/双一流,计算机学院（网络空间安全学院、密码学院）,管海兵,教授,教授,,,https://cs.sjtu.edu.cn/jiaoshiml/guanhaibing.html
F00230,上海交通大学,上海,985/211/双一流,计算机学院（网络空间安全学院、密码学院）,臧斌宇,长聘教授,教授,,,https://cs.sjtu.edu.cn/jiaoshiml/zangbinyu.html
F00231,上海交通大学,上海,985/211/双一流,计算机学院（网络空间安全学院、密码学院）,蒋兴浩,特聘教授,教授,的发展，相关成果在政府职能部门、互联网企业得到应用，取得良好的社会和经济效益,,https://cs.sjtu.edu.cn/jiaoshiml/jiangxinghao.html
F00232,上海交通大学,上海,985/211/双一流,计算机学院（网络空间安全学院、密码学院）,蔡鸿明,长聘教授,教授,,,https://cs.sjtu.edu.cn/jiaoshiml/caihongming.html
F00233,上海交通大学,上海,985/211/双一流,计算机学院（网络空间安全学院、密码学院）,薛广涛,特聘教授,教授,物联网、智能感知、分布式计算系统、数据流通与治理,,https://cs.sjtu.edu.cn/jiaoshiml/xueguangtao.html
F00234,上海交通大学,上海,985/211/双一流,计算机学院（网络空间安全学院、密码学院）,薛质,教授,教授,,,https://cs.sjtu.edu.cn/jiaoshiml/xuezhi.html
F00235,上海交通大学,上海,985/211/双一流,计算机学院（网络空间安全学院、密码学院）,谷大武,教授,教授,,,https://cs.sjtu.edu.cn/jiaoshiml/gudawu.html
F00236,上海交通大学,上海,985/211/双一流,计算机学院（网络空间安全学院、密码学院）,赵世振,教授,教授,,,https://cs.sjtu.edu.cn/jiaoshiml/zhaoshizhen.html
F00237,上海交通大学,上海,985/211/双一流,计算机学院（网络空间安全学院、密码学院）,赵海,长聘教授,教授,探索人工智能基础大模型之上实现通用人工智能的一切可能性,0000-0001-7290-0487,https://cs.sjtu.edu.cn/jiaoshiml/zhaohai.html
F00238,上海交通大学,上海,985/211/双一流,计算机学院（网络空间安全学院、密码学院）,过敏意,教授,教授,,,https://cs.sjtu.edu.cn/jiaoshiml/guominyi.html
F00239,上海交通大学,上海,985/211/双一流,计算机学院（网络空间安全学院、密码学院）,邓倩妮,教授,教授,计算机系统结构、并行与网络计算,,https://cs.sjtu.edu.cn/jiaoshiml/dengqianni.html
F00240,上海交通大学,上海,985/211/双一流,计算机学院（网络空间安全学院、密码学院）,邢朝平,教授,教授,,,https://cs.sjtu.edu.cn/jiaoshiml/xingchaoping.html
F00241,上海交通大学,上海,985/211/双一流,计算机学院（网络空间安全学院、密码学院）,邱卫东,长聘教授,教授,,,https://cs.sjtu.edu.cn/jiaoshiml/qiuweidong.html
F00242,上海交通大学,上海,985/211/双一流,计算机学院（网络空间安全学院、密码学院）,郁昱,特聘教授,教授,,,https://cs.sjtu.edu.cn/jiaoshiml/yuyu.html
F00243,上海交通大学,上海,985/211/双一流,计算机学院（网络空间安全学院、密码学院）,郑臻哲,教授,教授,,,https://cs.sjtu.edu.cn/jiaoshiml/zhengzhenzhe.html
F00244,上海交通大学,上海,985/211/双一流,计算机学院（网络空间安全学院、密码学院）,金耀辉,长聘教授,教授,大语言模型增强与应用、科学智能(AI for Science)、 数据治理与共享架构等,,https://cs.sjtu.edu.cn/jiaoshiml/jinyaohui.html
F00245,上海交通大学,上海,985/211/双一流,计算机学院（网络空间安全学院、密码学院）,陈全,教授,教授,并行与分布式计算、云计算、计算机体系结构,,https://cs.sjtu.edu.cn/jiaoshiml/chenquan.html
F00246,上海交通大学,上海,985/211/双一流,计算机学院（网络空间安全学院、密码学院）,陈榕,教授,教授,操作系统、分布式系统等基础系统软件,,https://cs.sjtu.edu.cn/jiaoshiml/chenrong.html
F00247,上海交通大学,上海,985/211/双一流,计算机学院（网络空间安全学院、密码学院）,陈海波,特聘教授,教授,操作系统、分布式系统与系统安全，研究成果通过产学研深度结合被应用到数十亿设备，产生了广泛的学术与产业影响,,https://cs.sjtu.edu.cn/jiaoshiml/chenhaibo.html
F00248,上海交通大学,上海,985/211/双一流,计算机学院（网络空间安全学院、密码学院）,陈翌佳,长聘教授,教授,计算机与数学的交叉领域，包括逻辑、算法与计算复杂性,,https://cs.sjtu.edu.cn/jiaoshiml/chenyijia.html
F00249,上海交通大学,上海,985/211/双一流,计算机学院（网络空间安全学院、密码学院）,陈贵海,特聘教授,教授,,,https://cs.sjtu.edu.cn/jiaoshiml/chenguihai.html
F00250,上海交通大学,上海,985/211/双一流,计算机学院（网络空间安全学院、密码学院）,韩帅,教授,教授,公钥密码学，主要研究和设计具有如下特性的公钥密码算法与协议： - 公钥加密、数字签名、功能加密、密钥协商,,https://cs.sjtu.edu.cn/jiaoshiml/hanshuai.html
F00251,上海交通大学,上海,985/211/双一流,计算机学院（网络空间安全学院、密码学院）,马利庄,特聘教授,教授,,,https://cs.sjtu.edu.cn/jiaoshiml/malizhuang.html
F00252,上海交通大学,上海,985/211/双一流,计算机学院（网络空间安全学院、密码学院）,马超,教授,教授,,,https://cs.sjtu.edu.cn/jiaoshiml/machao.html
F00253,上海交通大学,上海,985/211/双一流,计算机学院（网络空间安全学院、密码学院）,骆源,长聘教授,教授,信息论、信息安全和区块链技术，在IEEE TIT TIFS TWC JSAC等国际重要刊物发表学术论文150余篇,,https://cs.sjtu.edu.cn/jiaoshiml/luoyuan.html
F00254,上海交通大学,上海,985/211/双一流,计算机学院（网络空间安全学院、密码学院）,高岳,教授,教授,,,https://cs.sjtu.edu.cn/jiaoshiml/gaoyue.html
F00255,上海交通大学,上海,985/211/双一流,计算机学院（网络空间安全学院、密码学院）,高晓沨,长聘教授,教授,,,https://cs.sjtu.edu.cn/jiaoshiml/gaoxiaofeng.html
F00256,上海交通大学,上海,985/211/双一流,计算机学院（网络空间安全学院、密码学院）,黄林鹏,特聘教授,教授,分布式系统软件,,https://cs.sjtu.edu.cn/jiaoshiml/huanglinpeng.html
F00257,上海交通大学,上海,985/211/双一流,计算机学院（网络空间安全学院、密码学院）,吴奇,特聘研究员,研究员,聚焦机器人、类脑计算、具身智能、智能体对抗、博弈与决策等,,https://cs.sjtu.edu.cn/jiaoshiml/wuqi.html
F00258,上海交通大学,上海,985/211/双一流,计算机学院（网络空间安全学院、密码学院）,吴越,研究员,研究员,物联网安全、 5G/6G 移动通信安全、车联网安全、卫星网络安全和人工智能安全与隐私保护等,,https://cs.sjtu.edu.cn/jiaoshiml/wuyue.html
F00259,上海交通大学,上海,985/211/双一流,计算机学院（网络空间安全学院、密码学院）,归琳,特聘研究员,研究员,,,https://cs.sjtu.edu.cn/jiaoshiml/guilin.html
F00260,上海交通大学,上海,985/211/双一流,计算机学院（网络空间安全学院、密码学院）,李健,研究员,研究员,"AI Infra, 新型异构云计算架构，虚拟化技术",,https://cs.sjtu.edu.cn/jiaoshiml/lijian.html
F00261,上海交通大学,上海,985/211/双一流,计算机学院（网络空间安全学院、密码学院）,杨小康,研究员,研究员,,,https://cs.sjtu.edu.cn/jiaoshiml/yangxiaokang.html
F00262,上海交通大学,上海,985/211/双一流,计算机学院（网络空间安全学院、密码学院）,蒋力,研究员,研究员,计算机系统结构，芯片设计自动化,,https://cs.sjtu.edu.cn/jiaoshiml/jiangli.html
F00263,上海交通大学,上海,985/211/双一流,计算机学院（网络空间安全学院、密码学院）,钟浩,研究员,研究员,,,https://cs.sjtu.edu.cn/jiaoshiml/zhonghao.html
F00264,上海交通大学,上海,985/211/双一流,计算机学院（网络空间安全学院、密码学院）,钱彦旻,特聘研究员,研究员,,,https://cs.sjtu.edu.cn/jiaoshiml/qianyanmin.html
F00265,上海交通大学,上海,985/211/双一流,计算机学院（网络空间安全学院、密码学院）,阮娜,研究员,研究员,,0000-0002-7673-9843,https://cs.sjtu.edu.cn/jiaoshiml/ruanna.html
F00266,上海交通大学,上海,985/211/双一流,计算机学院（网络空间安全学院、密码学院）,陈雨亭,研究员,研究员,感兴趣的同学和我进一步讨论：人工智能、编程语言、编译器和虚拟机,,https://cs.sjtu.edu.cn/jiaoshiml/chenyuting.html
F00267,上海交通大学,上海,985/211/双一流,计算机学院（网络空间安全学院、密码学院）,刘海涛,讲师,讲师,,,https://cs.sjtu.edu.cn/jiaoshiml/liuhaitao.html
F00268,上海交通大学,上海,985/211/双一流,计算机学院（网络空间安全学院、密码学院）,单蓉胜,讲师,讲师,,,https://cs.sjtu.edu.cn/jiaoshiml/shanrongsheng.html
F00269,上海交通大学,上海,985/211/双一流,计算机学院（网络空间安全学院、密码学院）,周志洪,讲师,讲师,,0000-0002-3946-2478,https://cs.sjtu.edu.cn/jiaoshiml/zhouzhihong.html
F00270,上海交通大学,上海,985/211/双一流,计算机学院（网络空间安全学院、密码学院）,孙焱,讲师,讲师,,,https://cs.sjtu.edu.cn/jiaoshiml/sunyan.html
F00271,上海交通大学,上海,985/211/双一流,计算机学院（网络空间安全学院、密码学院）,王国忠,讲师,讲师,,,https://cs.sjtu.edu.cn/jiaoshiml/wangguozhong.html
F00272,上海交通大学,上海,985/211/双一流,计算机学院（网络空间安全学院、密码学院）,王强民,讲师,讲师,,,https://cs.sjtu.edu.cn/jiaoshiml/wangqiangmin.html
F00273,上海交通大学,上海,985/211/双一流,计算机学院（网络空间安全学院、密码学院）,苏贵洋,讲师,讲师,,,https://cs.sjtu.edu.cn/jiaoshiml/suguiyang.html
F00274,上海交通大学,上海,985/211/双一流,计算机学院（网络空间安全学院、密码学院）,马颖华,讲师,讲师,代码安全、内容安全、数据安全合规性分析,,https://cs.sjtu.edu.cn/jiaoshiml/mayinghua.html
F00275,东北大学,沈阳,985/211/双一流,计算机科学与工程学院,刘尧,,其他,多媒体信息安全以及隐私保护深度学习,,http://www.cse.neu.edu.cn/2022/1230/c6641a225151/page.htm
F00276,东北大学,沈阳,985/211/双一流,计算机科学与工程学院,吴宏林,,其他,研究成果 科研奖励 论文,,http://www.cse.neu.edu.cn/2019/1206/c6641a162076/page.htm
F00277,东北大学,沈阳,985/211/双一流,计算机科学与工程学院,境外引智,,其他,研究成果 科研奖励 论文,,http://www.cse.neu.edu.cn/6389/list.htm
F00278,东北大学,沈阳,985/211/双一流,计算机科学与工程学院,教师出国,,其他,研究成果 科研奖励 论文,,http://www.cse.neu.edu.cn/6387/list.htm
F00279,东北大学,沈阳,985/211/双一流,计算机科学与工程学院,留学东大,,其他,研究成果 科研奖励 论文,,http://www.cse.neu.edu.cn/6390/list.htm
F00280,东北大学,沈阳,985/211/双一流,计算机科学与工程学院,程经纬,,其他,研究成果 科研奖励 论文,,http://www.cse.neu.edu.cn/2019/1206/c6641a162080/page.htm
F00281,东北大学,沈阳,985/211/双一流,计算机科学与工程学院,刘正皓,副教授,副教授,研究成果 科研奖励 论文,,http://www.cse.neu.edu.cn/2019/0314/c6641a157448/page.htm
F00282,东北大学,沈阳,985/211/双一流,计算机科学与工程学院,宋晓诗,副教授,副教授,通信网，网络生存性和可靠性等,,http://www.cse.neu.edu.cn/2019/0314/c6641a157476/page.htm
F00283,东北大学,沈阳,985/211/双一流,计算机科学与工程学院,赵慕飞,副教授,副教授,光量子检测及应用，量子通信，量子信息理论等,,http://www.cse.neu.edu.cn/2025/0324/c6641a280358/page.htm
F00284,东北大学,沈阳,985/211/双一流,计算机科学与工程学院,金曦,副教授,副教授,研究成果 科研奖励 论文,0009-0000-8878-3174,http://www.cse.neu.edu.cn/2019/0314/c6641a157449/page.htm
F00285,东北大学,沈阳,985/211/双一流,计算机科学与工程学院,刘积仁,教授,教授,研究成果 科研奖励 论文,,http://www.cse.neu.edu.cn/2022/1116/c6641a222286/page.htm
F00286,东北大学,沈阳,985/211/双一流,计算机科学与工程学院,张岩峰,教授,教授,研究成果 科研奖励 论文,,http://www.cse.neu.edu.cn/2019/0303/c6641a157513/page.htm
F00287,东北大学,沈阳,985/211/双一流,计算机科学与工程学院,覃文军,教授,教授,研究成果 科研奖励 论文,,http://www.cse.neu.edu.cn/2019/0314/c6641a157447/page.htm
F00288,东北大学,沈阳,985/211/双一流,计算机科学与工程学院,王金明,讲师,讲师,研究成果 科研奖励 论文,,http://www.cse.neu.edu.cn/2026/0902/c6641a462970/page.htm
F00289,东南大学,南京,985/211/双一流,计算机科学与工程学院、软件学院、人工智能学院,杨绍富,特聘教授,教授,,,https://cse.seu.edu.cn/49354/list.htm
F00290,东南大学,南京,985/211/双一流,计算机科学与工程学院、软件学院、人工智能学院,陈阳,特聘教授,教授,,,https://cse.seu.edu.cn/49354/list.htm
F00291,东南大学,南京,985/211/双一流,计算机科学与工程学院、软件学院、人工智能学院,魏秀参,特聘教授,教授,,,https://cse.seu.edu.cn/49354/list.htm
F00292,中国人民大学,北京,985/211/双一流,高瓴人工智能学院,沈蔚然,,其他,通用人工智能技术及其应用，特别是（1）最优传输驱动的机器学习方法,,https://ai.ruc.edu.cn/szdw/index.htm
F00293,中国人民大学,北京,985/211/双一流,高瓴人工智能学院,胡迪,,其他,理论计算机与经济学的交叉学科，... 中文 English 胡迪,,https://ai.ruc.edu.cn/szdw/index.htm
F00294,中国人民大学,北京,985/211/双一流,高瓴人工智能学院,刘勇,副教授,副教授,计算机视觉、机器学习和模式识别，主要研究序列数据的特征... 中文 English 刘勇,,https://ai.ruc.edu.cn/szdw/index.htm
F00295,中国人民大学,北京,985/211/双一流,高瓴人工智能学院,张骁,副教授,副教授,,,https://ai.ruc.edu.cn/szdw/index.htm
F00296,中国人民大学,北京,985/211/双一流,高瓴人工智能学院,林衍凯,副教授,副教授,,,https://ai.ruc.edu.cn/szdw/index.htm
F00297,中国人民大学,北京,985/211/双一流,高瓴人工智能学院,毛佳昕,副教授,副教授,多模态交互智能，以主要作者在T-PAMI/ICML/CVPR/CoRL等人工智能顶级期刊及会议发表论文60余篇，六篇荣获CVPR、... 中文 English 毛佳昕,,https://ai.ruc.edu.cn/szdw/index.htm
F00298,中国人民大学,北京,985/211/双一流,高瓴人工智能学院,王子贺,副教授,副教授,,,https://ai.ruc.edu.cn/szdw/index.htm
F00299,中国人民大学,北京,985/211/双一流,高瓴人工智能学院,王希廷,副教授,副教授,,,https://ai.ruc.edu.cn/szdw/index.htm
F00300,中国人民大学,北京,985/211/双一流,高瓴人工智能学院,许洪腾,副教授,副教授,大语言模型、强化学习、信息检索和因果推断等，发表高水平论文100余篇，谷歌引用1.7万余次,,https://ai.ruc.edu.cn/szdw/index.htm
F00301,中国人民大学,北京,985/211/双一流,高瓴人工智能学院,马彦彪,预聘助理教授,助理教授,信息检索与智能体，以主要作者身份在ACL、NeurIPS、AAAI、SIGIR、TOIS等人工智能和信息检索领域顶级期刊和会议上发表论文20余篇... 中文 English 马彦彪,,https://ai.ruc.edu.cn/szdw/index.htm
F00302,中国人民大学,北京,985/211/双一流,高瓴人工智能学院,中文,长聘教授,教授,机器学习... 中文 English,,https://ai.ruc.edu.cn/szdw/index.htm
F00303,中国人民大学,北京,985/211/双一流,高瓴人工智能学院,卢志武,长聘教授,教授,,,https://ai.ruc.edu.cn/szdw/index.htm
F00304,中国人民大学,北京,985/211/双一流,高瓴人工智能学院,孙浩,长聘教授,教授,,,https://ai.ruc.edu.cn/szdw/index.htm
F00305,中国人民大学,北京,985/211/双一流,高瓴人工智能学院,宋睿华,教授,教授,互联网搜索与推荐，在重要国际期刊和会议发表论文超过100篇，出... 中文 English 宋睿华,,https://ai.ruc.edu.cn/szdw/index.htm
F00306,中国人民大学,北京,985/211/双一流,高瓴人工智能学院,徐君,教授,教授,,,https://ai.ruc.edu.cn/szdw/index.htm
F00307,中国人民大学,北京,985/211/双一流,高瓴人工智能学院,文继荣,长聘教授,教授,,0000-0002-9777-9676,https://ai.ruc.edu.cn/szdw/index.htm
F00308,中国人民大学,北京,985/211/双一流,高瓴人工智能学院,曹朝,长聘教授,教授,,,https://ai.ruc.edu.cn/szdw/index.htm
F00309,中国人民大学,北京,985/211/双一流,高瓴人工智能学院,曾毅,教授,教授,,,https://ai.ruc.edu.cn/szdw/index.htm
F00310,中国人民大学,北京,985/211/双一流,高瓴人工智能学院,李崇轩,教授,教授,,,https://ai.ruc.edu.cn/szdw/index.htm
F00311,中国人民大学,北京,985/211/双一流,高瓴人工智能学院,祁琦,特聘教授,教授,多模态理解、创作和交互,,https://ai.ruc.edu.cn/szdw/index.htm
F00312,中国人民大学,北京,985/211/双一流,高瓴人工智能学院,窦志成,教授,教授,信息检索与自然语言处理，共计发表论文200余篇，谷歌... 中文 English 窦志成,,https://ai.ruc.edu.cn/szdw/index.htm
F00313,中国人民大学,北京,985/211/双一流,高瓴人工智能学院,苏冰,教授,教授,,,https://ai.ruc.edu.cn/szdw/index.htm
F00314,中国人民大学,北京,985/211/双一流,高瓴人工智能学院,赵鑫,长聘教授,教授,机器学习... 中文 English 赵鑫,,https://ai.ruc.edu.cn/szdw/index.htm
F00315,中国人民大学,北京,985/211/双一流,高瓴人工智能学院,魏哲巍,教授,教授,智能信息检索、智能体、大模型检索增强、A... 中文 English 魏哲巍,,https://ai.ruc.edu.cn/szdw/index.htm
F00316,中国人民大学,北京,985/211/双一流,高瓴人工智能学院,周骁,研究员,研究员,多智能体系统、博弈论、机制设计和机器学习，在相关... 中文 English 周骁,,https://ai.ruc.edu.cn/szdw/index.htm
F00317,中国人民大学,北京,985/211/双一流,高瓴人工智能学院,朱余韬,研究员,研究员,可解释、负责任的人工智能，相关,,https://ai.ruc.edu.cn/szdw/index.htm
F00318,中国人民大学,北京,985/211/双一流,高瓴人工智能学院,陈旭,研究员,研究员,信息检索、网络搜索、搜索用... 中文 English 陈旭,,https://ai.ruc.edu.cn/szdw/index.htm
F00319,中国人民大学,北京,985/211/双一流,高瓴人工智能学院,黄文炳,研究员,研究员,预训练模型、自然语言处理,,https://ai.ruc.edu.cn/szdw/index.htm
F00320,中国人民大学,北京,985/211/双一流,高瓴人工智能学院,卫雅珂,讲师,讲师,智能科学计算，关... 中文 English 卫雅珂,,https://ai.ruc.edu.cn/szdw/index.htm
F00321,中国人民大学,北京,985/211/双一流,高瓴人工智能学院,吴泳涛,讲师,讲师,多模态感知与机理等,,https://ai.ruc.edu.cn/szdw/index.htm
F00322,中国人民大学,北京,985/211/双一流,高瓴人工智能学院,张瑞,讲师,讲师,,,https://ai.ruc.edu.cn/szdw/index.htm
F00323,中国矿业大学(北京),北京,211/双一流,机械与电气工程学院,立德为首,副教授,副教授,摩擦磨损、智能制造,,https://jdxy.cumtb.edu.cn/info/1162/4159.htm
F00324,中国矿业大学(北京),北京,211/双一流,机械与电气工程学院,以生为本,教授,教授,微机电系统、仿生柔性/光纤传感技术和仿生机器人,,https://jdxy.cumtb.edu.cn/info/1162/4169.htm
F00325,中国矿业大学(北京),北京,211/双一流,机械与电气工程学院,春风化雨,讲师,讲师,设备状态监测与故障诊断,,https://jdxy.cumtb.edu.cn/info/1162/4149.htm
F00326,中国科学技术大学,合肥,985/211/双一流,计算机科学与技术学院,万寿红,副教授,副教授,,,http://cs.ustc.edu.cn/fjs_23239/list.htm
F00327,中国科学技术大学,合肥,985/211/双一流,计算机科学与技术学院,刘贵全,副教授,副教授,,,http://cs.ustc.edu.cn/fjs_23239/list.htm
F00328,中国科学技术大学,合肥,985/211/双一流,计算机科学与技术学院,吉建民,副教授,副教授,,,http://cs.ustc.edu.cn/fjs_23239/list.htm
F00329,中国科学技术大学,合肥,985/211/双一流,计算机科学与技术学院,吕敏,副教授,副教授,,,http://cs.ustc.edu.cn/fjs_23239/list.htm
F00330,中国科学技术大学,合肥,985/211/双一流,计算机科学与技术学院,吴俊敏,副教授,副教授,,,http://cs.ustc.edu.cn/fjs_23239/list.htm
F00331,中国科学技术大学,合肥,985/211/双一流,计算机科学与技术学院,吴锋,副教授,副教授,,,http://cs.ustc.edu.cn/fjs_23239/list.htm
F00332,中国科学技术大学,合肥,985/211/双一流,计算机科学与技术学院,周熙人,副教授,副教授,,,http://cs.ustc.edu.cn/fjs_23239/list.htm
F00333,中国科学技术大学,合肥,985/211/双一流,计算机科学与技术学院,周颢,副教授,副教授,,,http://cs.ustc.edu.cn/fjs_23239/list.htm
F00334,中国科学技术大学,合肥,985/211/双一流,计算机科学与技术学院,孙经纬,副教授,副教授,,,http://cs.ustc.edu.cn/fjs_23239/list.htm
F00335,中国科学技术大学,合肥,985/211/双一流,计算机科学与技术学院,宫磊,副教授,副教授,,0000-0002-0995-5781,http://cs.ustc.edu.cn/fjs_23239/list.htm
F00336,中国科学技术大学,合肥,985/211/双一流,计算机科学与技术学院,张俊霞,副教授,副教授,,,http://cs.ustc.edu.cn/fjs_23239/list.htm
F00337,中国科学技术大学,合肥,985/211/双一流,计算机科学与技术学院,张辉,副教授,副教授,,,http://cs.ustc.edu.cn/fjs_23239/list.htm
F00338,中国科学技术大学,合肥,985/211/双一流,计算机科学与技术学院,徐伟,副教授,副教授,,,http://cs.ustc.edu.cn/fjs_23239/list.htm
F00339,中国科学技术大学,合肥,985/211/双一流,计算机科学与技术学院,曾凡平,副教授,副教授,,,http://cs.ustc.edu.cn/fjs_23239/list.htm
F00340,中国科学技术大学,合肥,985/211/双一流,计算机科学与技术学院,李金龙,副教授,副教授,,,http://cs.ustc.edu.cn/fjs_23239/list.htm
F00341,中国科学技术大学,合肥,985/211/双一流,计算机科学与技术学院,杨威,副教授,副教授,,,http://cs.ustc.edu.cn/fjs_23239/list.htm
F00342,中国科学技术大学,合肥,985/211/双一流,计算机科学与技术学院,王皓,副教授,副教授,,,http://cs.ustc.edu.cn/fjs_23239/list.htm
F00343,中国科学技术大学,合肥,985/211/双一流,计算机科学与技术学院,王行甫,副教授,副教授,,,http://cs.ustc.edu.cn/fjs_23239/list.htm
F00344,中国科学技术大学,合肥,985/211/双一流,计算机科学与技术学院,田野,副教授,副教授,,,http://cs.ustc.edu.cn/fjs_23239/list.htm
F00345,中国科学技术大学,合肥,985/211/双一流,计算机科学与技术学院,苗付友,副教授,副教授,,,http://cs.ustc.edu.cn/fjs_23239/list.htm
F00346,中国科学技术大学,合肥,985/211/双一流,计算机科学与技术学院,董兰芳,副教授,副教授,,,http://cs.ustc.edu.cn/fjs_23239/list.htm
F00347,中国科学技术大学,合肥,985/211/双一流,计算机科学与技术学院,解围,副教授,副教授,,,http://cs.ustc.edu.cn/fjs_23239/list.htm
F00348,中国科学技术大学,合肥,985/211/双一流,计算机科学与技术学院,许杨,副教授,副教授,,,http://cs.ustc.edu.cn/fjs_23239/list.htm
F00349,中国科学技术大学,合肥,985/211/双一流,计算机科学与技术学院,赵功名,副教授,副教授,,,http://cs.ustc.edu.cn/fjs_23239/list.htm
F00350,中国科学技术大学,合肥,985/211/双一流,计算机科学与技术学院,邢凯,副教授,副教授,,,http://cs.ustc.edu.cn/fjs_23239/list.htm
F00351,中国科学技术大学,合肥,985/211/双一流,计算机科学与技术学院,郑启龙,副教授,副教授,,,http://cs.ustc.edu.cn/fjs_23239/list.htm
F00352,中国科学技术大学,合肥,985/211/双一流,计算机科学与技术学院,郑浩然,副教授,副教授,,,http://cs.ustc.edu.cn/fjs_23239/list.htm
F00353,中国科学技术大学,合肥,985/211/双一流,计算机科学与技术学院,金培权,副教授,副教授,,,http://cs.ustc.edu.cn/fjs_23239/list.htm
F00354,中国科学技术大学,合肥,985/211/双一流,计算机科学与技术学院,闫宇博,副教授,副教授,,,http://cs.ustc.edu.cn/fjs_23239/list.htm
F00355,中国科学技术大学,合肥,985/211/双一流,计算机科学与技术学院,陈凯明,副教授,副教授,,,http://cs.ustc.edu.cn/fjs_23239/list.htm
F00356,中国科学技术大学,合肥,985/211/双一流,计算机科学与技术学院,陈香兰,副教授,副教授,,,http://cs.ustc.edu.cn/fjs_23239/list.htm
F00357,中国科学技术大学,合肥,985/211/双一流,计算机科学与技术学院,韩文廷,副教授,副教授,,,http://cs.ustc.edu.cn/fjs_23239/list.htm
F00358,中国科学技术大学,合肥,985/211/双一流,计算机科学与技术学院,马建辉,副教授,副教授,,,http://cs.ustc.edu.cn/fjs_23239/list.htm
F00359,中国科学技术大学,合肥,985/211/双一流,计算机科学与技术学院,黄振亚,副教授,副教授,,,http://cs.ustc.edu.cn/fjs_23239/list.htm
F00360,中国科学技术大学,合肥,985/211/双一流,计算机科学与技术学院,黄文超,副教授,副教授,,,http://cs.ustc.edu.cn/fjs_23239/list.htm
F00361,中国科学技术大学,合肥,985/211/双一流,计算机科学与技术学院,黄章进,副教授,副教授,,,http://cs.ustc.edu.cn/fjs_23239/list.htm
F00362,中国科学技术大学,合肥,985/211/双一流,计算机科学与技术学院,刘建春,副研究员,副研究员,,,http://cs.ustc.edu.cn/trfyjy/list.htm
F00363,中国科学技术大学,合肥,985/211/双一流,计算机科学与技术学院,张凯,副研究员,副研究员,,,http://cs.ustc.edu.cn/trfyjy/list.htm
F00364,中国科学技术大学,合肥,985/211/双一流,计算机科学与技术学院,徐殷,副研究员,副研究员,,,http://cs.ustc.edu.cn/trfyjy/list.htm
F00365,中国科学技术大学,合肥,985/211/双一流,计算机科学与技术学院,曹晨红,副研究员,副研究员,,,http://cs.ustc.edu.cn/trfyjy/list.htm
F00366,中国科学技术大学,合肥,985/211/双一流,计算机科学与技术学院,王翔宇,副研究员,副研究员,,,http://cs.ustc.edu.cn/trfyjy/list.htm
F00367,中国科学技术大学,合肥,985/211/双一流,计算机科学与技术学院,白有辉,副研究员,副研究员,,,http://cs.ustc.edu.cn/trfyjy/list.htm
F00368,中国科学技术大学,合肥,985/211/双一流,计算机科学与技术学院,石震波,副研究员,副研究员,,,http://cs.ustc.edu.cn/trfyjy/list.htm
F00369,中国科学技术大学,合肥,985/211/双一流,计算机科学与技术学院,程明月,副研究员,副研究员,,,http://cs.ustc.edu.cn/trfyjy/list.htm
F00370,中国科学技术大学,合肥,985/211/双一流,计算机科学与技术学院,赵思蕊,副研究员,副研究员,,,http://cs.ustc.edu.cn/trfyjy/list.htm
F00371,中国科学技术大学,合肥,985/211/双一流,计算机科学与技术学院,陈俊仕,副研究员,副研究员,,,http://cs.ustc.edu.cn/trfyjy/list.htm
F00372,中国科学技术大学,合肥,985/211/双一流,计算机科学与技术学院,丁虎,教授,教授,,,http://cs.ustc.edu.cn/js_23235/list.htm
F00373,中国科学技术大学,合肥,985/211/双一流,计算机科学与技术学院,余卓隆,教授,教授,,,http://cs.ustc.edu.cn/trjs/list.htm
F00374,中国科学技术大学,合肥,985/211/双一流,计算机科学与技术学院,侯嘉慧,教授,教授,,,http://cs.ustc.edu.cn/trjs/list.htm
F00375,中国科学技术大学,合肥,985/211/双一流,计算机科学与技术学院,刘淇,教授,教授,,,http://cs.ustc.edu.cn/js_23235/list.htm
F00376,中国科学技术大学,合肥,985/211/双一流,计算机科学与技术学院,华蓓,教授,教授,,0000-0001-7281-8977,http://cs.ustc.edu.cn/js_23235/list.htm
F00377,中国科学技术大学,合肥,985/211/双一流,计算机科学与技术学院,周学海,教授,教授,,,http://cs.ustc.edu.cn/js_23235/list.htm
F00378,中国科学技术大学,合肥,985/211/双一流,计算机科学与技术学院,孙广中,教授,教授,,,http://cs.ustc.edu.cn/js_23235/list.htm
F00379,中国科学技术大学,合肥,985/211/双一流,计算机科学与技术学院,孙达,教授,教授,,0000-0002-0334-2554,http://cs.ustc.edu.cn/trjs/list.htm
F00380,中国科学技术大学,合肥,985/211/双一流,计算机科学与技术学院,安虹,教授,教授,,,http://cs.ustc.edu.cn/js_23235/list.htm
F00381,中国科学技术大学,合肥,985/211/双一流,计算机科学与技术学院,宋骐,教授,教授,,,http://cs.ustc.edu.cn/trjs/list.htm
F00382,中国科学技术大学,合肥,985/211/双一流,计算机科学与技术学院,尼克,教授,教授,,,http://cs.ustc.edu.cn/trjs/list.htm
F00383,中国科学技术大学,合肥,985/211/双一流,计算机科学与技术学院,廖倩芳,教授,教授,,,http://cs.ustc.edu.cn/trjs/list.htm
F00384,中国科学技术大学,合肥,985/211/双一流,计算机科学与技术学院,张信明,教授,教授,,,http://cs.ustc.edu.cn/js_23235/list.htm
F00385,中国科学技术大学,合肥,985/211/双一流,计算机科学与技术学院,张兰,教授,教授,,,http://cs.ustc.edu.cn/js_23235/list.htm
F00386,中国科学技术大学,合肥,985/211/双一流,计算机科学与技术学院,张昱,教授,教授,,,http://cs.ustc.edu.cn/js_23235/list.htm
F00387,中国科学技术大学,合肥,985/211/双一流,计算机科学与技术学院,张燕咏,教授,教授,,,http://cs.ustc.edu.cn/js_23235/list.htm
F00388,中国科学技术大学,合肥,985/211/双一流,计算机科学与技术学院,张骏雪,教授,教授,,,http://cs.ustc.edu.cn/trjs/list.htm
F00389,中国科学技术大学,合肥,985/211/双一流,计算机科学与技术学院,彭攀,教授,教授,,,http://cs.ustc.edu.cn/trjs/list.htm
F00390,中国科学技术大学,合肥,985/211/双一流,计算机科学与技术学院,徐云,教授,教授,,,http://cs.ustc.edu.cn/js_23235/list.htm
F00391,中国科学技术大学,合肥,985/211/双一流,计算机科学与技术学院,徐宏力,教授,教授,,,http://cs.ustc.edu.cn/js_23235/list.htm
F00392,中国科学技术大学,合肥,985/211/双一流,计算机科学与技术学院,徐小华,教授,教授,,,http://cs.ustc.edu.cn/trjs/list.htm
F00393,中国科学技术大学,合肥,985/211/双一流,计算机科学与技术学院,徐林莉,教授,教授,,,http://cs.ustc.edu.cn/js_23235/list.htm
F00394,中国科学技术大学,合肥,985/211/双一流,计算机科学与技术学院,徐童,教授,教授,,,http://cs.ustc.edu.cn/trjs/list.htm
F00395,中国科学技术大学,合肥,985/211/双一流,计算机科学与技术学院,李京,教授,教授,,,http://cs.ustc.edu.cn/js_23235/list.htm
F00396,中国科学技术大学,合肥,985/211/双一流,计算机科学与技术学院,李向阳,教授,教授,,,http://cs.ustc.edu.cn/js_23235/list.htm
F00397,中国科学技术大学,合肥,985/211/双一流,计算机科学与技术学院,李安然,教授,教授,,,http://cs.ustc.edu.cn/trjs/list.htm
F00398,中国科学技术大学,合肥,985/211/双一流,计算机科学与技术学院,李曦,教授,教授,,,http://cs.ustc.edu.cn/js_23235/list.htm
F00399,中国科学技术大学,合肥,985/211/双一流,计算机科学与技术学院,李永坤,教授,教授,,,http://cs.ustc.edu.cn/js_23235/list.htm
F00400,中国科学技术大学,合肥,985/211/双一流,计算机科学与技术学院,李诚,教授,教授,,0000-0003-4451-2852,http://cs.ustc.edu.cn/trjs/list.htm
F00401,中国科学技术大学,合肥,985/211/双一流,计算机科学与技术学院,束欣凯,教授,教授,,,http://cs.ustc.edu.cn/trjs/list.htm
F00402,中国科学技术大学,合肥,985/211/双一流,计算机科学与技术学院,杨子江,教授,教授,,,http://cs.ustc.edu.cn/js_23235/list.htm
F00403,中国科学技术大学,合肥,985/211/双一流,计算机科学与技术学院,汪炀,教授,教授,,,http://cs.ustc.edu.cn/js_23235/list.htm
F00404,中国科学技术大学,合肥,985/211/双一流,计算机科学与技术学院,熊焰,教授,教授,,,http://cs.ustc.edu.cn/js_23235/list.htm
F00405,中国科学技术大学,合肥,985/211/双一流,计算机科学与技术学院,王上飞,教授,教授,,,http://cs.ustc.edu.cn/js_23235/list.htm
F00406,中国科学技术大学,合肥,985/211/双一流,计算机科学与技术学院,王超,教授,教授,,,http://cs.ustc.edu.cn/js_23235/list.htm
F00407,中国科学技术大学,合肥,985/211/双一流,计算机科学与技术学院,糜相行,教授,教授,,,http://cs.ustc.edu.cn/trjs/list.htm
F00408,中国科学技术大学,合肥,985/211/双一流,计算机科学与技术学院,组合优化,教授,教授,,,http://cs.ustc.edu.cn/trjs/list.htm
F00409,中国科学技术大学,合肥,985/211/双一流,计算机科学与技术学院,肖明军,教授,教授,,,http://cs.ustc.edu.cn/js_23235/list.htm
F00410,中国科学技术大学,合肥,985/211/双一流,计算机科学与技术学院,蔡晓辉,教授,教授,,,http://cs.ustc.edu.cn/js_23235/list.htm
F00411,中国科学技术大学,合肥,985/211/双一流,计算机科学与技术学院,许胤龙,教授,教授,,,http://cs.ustc.edu.cn/js_23235/list.htm
F00412,中国科学技术大学,合肥,985/211/双一流,计算机科学与技术学院,谈海生,教授,教授,,,http://cs.ustc.edu.cn/trjs/list.htm
F00413,中国科学技术大学,合肥,985/211/双一流,计算机科学与技术学院,连德富,教授,教授,,,http://cs.ustc.edu.cn/js_23235/list.htm
F00414,中国科学技术大学,合肥,985/211/双一流,计算机科学与技术学院,邵帅,教授,教授,,,http://cs.ustc.edu.cn/trjs/list.htm
F00415,中国科学技术大学,合肥,985/211/双一流,计算机科学与技术学院,阮文杰,教授,教授,,,http://cs.ustc.edu.cn/trjs/list.htm
F00416,中国科学技术大学,合肥,985/211/双一流,计算机科学与技术学院,陈小平,教授,教授,,,http://cs.ustc.edu.cn/js_23235/list.htm
F00417,中国科学技术大学,合肥,985/211/双一流,计算机科学与技术学院,陈恩红,教授,教授,,,http://cs.ustc.edu.cn/js_23235/list.htm
F00418,中国科学技术大学,合肥,985/211/双一流,计算机科学与技术学院,陈欢欢,教授,教授,,,http://cs.ustc.edu.cn/js_23235/list.htm
F00419,中国科学技术大学,合肥,985/211/双一流,计算机科学与技术学院,陈雪,教授,教授,,0009-0000-8031-4947,http://cs.ustc.edu.cn/trjs/list.htm
F00420,中国科学技术大学,合肥,985/211/双一流,计算机科学与技术学院,顾乃杰,教授,教授,,,http://cs.ustc.edu.cn/js_23235/list.htm
F00421,中国科学技术大学,合肥,985/211/双一流,计算机科学与技术学院,黄刘生,教授,教授,,,http://cs.ustc.edu.cn/js_23235/list.htm
F00422,中国科学技术大学,合肥,985/211/双一流,计算机科学与技术学院,龚伟,教授,教授,,,http://cs.ustc.edu.cn/js_23235/list.htm
F00423,中国科学技术大学,合肥,985/211/双一流,计算机科学与技术学院,加入我们,研究员,研究员,,,http://cs.ustc.edu.cn/tryjy_23237/list.htm
F00424,中国科学技术大学,合肥,985/211/双一流,计算机科学与技术学院,谢洪,研究员,研究员,,0000-0001-7935-7210,http://cs.ustc.edu.cn/tryjy_23237/list.htm
F00425,中国科学技术大学,合肥,985/211/双一流,计算机科学与技术学院,微笑在线,讲师,讲师,,,http://cs.ustc.edu.cn/js_23242/list.htm
F00426,中国科学技术大学,合肥,985/211/双一流,计算机科学与技术学院,罗奇鸣,讲师,讲师,,,http://cs.ustc.edu.cn/js_23242/list.htm
F00427,中山大学,广州,985/211/双一流,计算机学院,密码学,,其他,密码学、密码技术在保密管理工作中的应用,,https://cse.sysu.edu.cn/teacher
F00428,中山大学,广州,985/211/双一流,计算机学院,于帅,副教授,副教授,,,https://cse.sysu.edu.cn/teacher
F00429,中山大学,广州,985/211/双一流,计算机学院,任江涛,副教授,副教授,,,https://cse.sysu.edu.cn/teacher
F00430,中山大学,广州,985/211/双一流,计算机学院,余伟江,副教授,副教授,,,https://cse.sysu.edu.cn/teacher
F00431,中山大学,广州,985/211/双一流,计算机学院,刘佩妮,副教授,副教授,,,https://cse.sysu.edu.cn/teacher
F00432,中山大学,广州,985/211/双一流,计算机学院,刘聪,副教授,副教授,分布式优化、机器学习、大数据处理 刘聪 副教授,,https://cse.sysu.edu.cn/teacher
F00433,中山大学,广州,985/211/双一流,计算机学院,刘阳,副教授,副教授,,,https://cse.sysu.edu.cn/teacher
F00434,中山大学,广州,985/211/双一流,计算机学院,吴岸聪,副教授,副教授,,,https://cse.sysu.edu.cn/teacher
F00435,中山大学,广州,985/211/双一流,计算机学院,周晓聪,副教授,副教授,围绕智慧家庭、智慧社区等智能空间中的人工智能核心技术问题开展关键技术研究及转化应用,,https://cse.sysu.edu.cn/teacher
F00436,中山大学,广州,985/211/双一流,计算机学院,孟静珂,副教授,副教授,信息论与编码、空间通信、B5G/6G通信、光通信、高性能存储、语义通信、隐蔽通信等,,https://cse.sysu.edu.cn/teacher
F00437,中山大学,广州,985/211/双一流,计算机学院,张冬雨,副教授,副教授,,,https://cse.sysu.edu.cn/teacher
F00438,中山大学,广州,985/211/双一流,计算机学院,张子臻,副教授,副教授,,,https://cse.sysu.edu.cn/teacher
F00439,中山大学,广州,985/211/双一流,计算机学院,张晓溪,副教授,副教授,高性能与智能计算基础设施（HPC/AI Infra）：GPU系统、编程编译、LLM/Agent 张晓溪 副教授,,https://cse.sysu.edu.cn/teacher
F00440,中山大学,广州,985/211/双一流,计算机学院,张献伟,副教授,副教授,计算机视觉、计算机图形学、人工智能 张献伟 副教授,,https://cse.sysu.edu.cn/teacher
F00441,中山大学,广州,985/211/双一流,计算机学院,张青,副教授,副教授,密码学理论及其应用，特别是： 椭圆曲线和超椭圆曲线密码体制,,https://cse.sysu.edu.cn/teacher
F00442,中山大学,广州,985/211/双一流,计算机学院,戴智明,副教授,副教授,机器人的单机自主与多机协同、具身智能、群体智能 戴智明 副教授,,https://cse.sysu.edu.cn/teacher
F00443,中山大学,广州,985/211/双一流,计算机学院,曾坤,副教授,副教授,长期致力于HPC+多模态人工智能的研究和应用，包括多模态机器学习、生成式模型、HPC+AI for Science、科学智能体、世界模型、具身智能 曾坤 副教授,,https://cse.sysu.edu.cn/teacher
F00444,中山大学,广州,985/211/双一流,计算机学院,权国聪,副教授,副教授,量子计算模型、分布式量子算法、量子与概率及模糊离散事件系统、量子模型学习、半量子密钥分配、量子通信中的完备性与安全性问题,,https://cse.sysu.edu.cn/teacher
F00445,中山大学,广州,985/211/双一流,计算机学院,李全忠,副教授,副教授,机器学习、大数据分析、图像处理、最优化理论与算法 李全忠 副教授,,https://cse.sysu.edu.cn/teacher
F00446,中山大学,广州,985/211/双一流,计算机学院,李洽,副教授,副教授,,,https://cse.sysu.edu.cn/teacher
F00447,中山大学,广州,985/211/双一流,计算机学院,杜江溯,副教授,副教授,人形机器人移动操作（Humanoid Loco-Manipulation）、具身世界模型、多模态人与场景交互建模、三维视觉 杜江溯 副教授,,https://cse.sysu.edu.cn/teacher
F00448,中山大学,广州,985/211/双一流,计算机学院,杜育松,副教授,副教授,并行与分布式大模型训推系统、高性能计算、计算机系统结构 杜育松 副教授,,https://cse.sysu.edu.cn/teacher
F00449,中山大学,广州,985/211/双一流,计算机学院,杨思蓓,副教授,副教授,大规模优化理论与方法，优化算法软件包开发，及其在人工智能、机器学习、数据科学、最优传输、图像处理等领域中的应用 杨思蓓 副教授,,https://cse.sysu.edu.cn/teacher
F00450,中山大学,广州,985/211/双一流,计算机学院,杨磊,副教授,副教授,正反问题计算及其应用 杨磊 副教授,,https://cse.sysu.edu.cn/teacher
F00451,中山大学,广州,985/211/双一流,计算机学院,桑应朋,副教授,副教授,数据挖掘与知识发现、机器学习、模式识别、医学人工智能、金融科技、智能交通系统 桑应朋 副教授,,https://cse.sysu.edu.cn/teacher
F00452,中山大学,广州,985/211/双一流,计算机学院,汪涛,副教授,副教授,,,https://cse.sysu.edu.cn/teacher
F00453,中山大学,广州,985/211/双一流,计算机学院,沈明华,副教授,副教授,数据隐私保护、网络信息安全 沈明华 副教授,,https://cse.sysu.edu.cn/teacher
F00454,中山大学,广州,985/211/双一流,计算机学院,沈颖,副教授,副教授,,,https://cse.sysu.edu.cn/teacher
F00455,中山大学,广州,985/211/双一流,计算机学院,潘嵘,副教授,副教授,聚焦于计算机视觉在具身载体上的应用，主要包括场景理解、多模态学习与视觉导航,,https://cse.sysu.edu.cn/teacher
F00456,中山大学,广州,985/211/双一流,计算机学院,潘炎,副教授,副教授,,,https://cse.sysu.edu.cn/teacher
F00457,中山大学,广州,985/211/双一流,计算机学院,王州霞,副教授,副教授,机器学习与数据挖掘 王州霞 副教授,,https://cse.sysu.edu.cn/teacher
F00458,中山大学,广州,985/211/双一流,计算机学院,王广润,副教授,副教授,AI for Medical Research 王广润 副教授,,https://cse.sysu.edu.cn/teacher
F00459,中山大学,广州,985/211/双一流,计算机学院,王桢,副教授,副教授,大规模随机优化、稀疏正则化与高维数据分析、复杂约束优化算法、数据和知识驱动的数值优化、电子结构计算中的优化算法、大模型训练的优化算法 王桢 副教授,,https://cse.sysu.edu.cn/teacher
F00460,中山大学,广州,985/211/双一流,计算机学院,王青,副教授,副教授,因果认知驱动的复杂视觉推理、多智能体协同高阶推理、多模态生产式AI、具身智能 王青 副教授,,https://cse.sysu.edu.cn/teacher
F00461,中山大学,广州,985/211/双一流,计算机学院,田海博,副教授,副教授,科学可视化、可视分析、人机交互、混合智能,,https://cse.sysu.edu.cn/teacher
F00462,中山大学,广州,985/211/双一流,计算机学院,石飞,副教授,副教授,自然语言处理、多模态计算、具身智能 石飞 副教授,,https://cse.sysu.edu.cn/teacher
F00463,中山大学,广州,985/211/双一流,计算机学院,管界超,副教授,副教授,优化理论及其应用、深度强化学习、智能物联网、边缘计算、绿色通信与网络 管界超 副教授,,https://cse.sysu.edu.cn/teacher
F00464,中山大学,广州,985/211/双一流,计算机学院,胡建芳,副教授,副教授,偏微分方程数学物理反问题、AI 工业软件、多学科仿真智能与应用 胡建芳 副教授,,https://cse.sysu.edu.cn/teacher
F00465,中山大学,广州,985/211/双一流,计算机学院,胡淼,副教授,副教授,大模型训练与推理，多模态大模型，视频图像理解与生成，多智能体强化学习，世界模型，3D运动生成，机器人，行为分析等 胡淼 副教授,,https://cse.sysu.edu.cn/teacher
F00466,中山大学,广州,985/211/双一流,计算机学院,苏勤亮,副教授,副教授,智能化嵌入式与实时系统、自动驾驶/机器人/无人机系统设计优化、确定性时延保障 苏勤亮 副教授,,https://cse.sysu.edu.cn/teacher
F00467,中山大学,广州,985/211/双一流,计算机学院,苏卓,副教授,副教授,机器学习、自然语言处理、统计学习 苏卓 副教授,0000-0002-6090-0110,https://cse.sysu.edu.cn/teacher
F00468,中山大学,广州,985/211/双一流,计算机学院,董浩业,副教授,副教授,生物信息学、数据挖掘、机器学习 董浩业 副教授,,https://cse.sysu.edu.cn/teacher
F00469,中山大学,广州,985/211/双一流,计算机学院,蔡穗华,副教授,副教授,,,https://cse.sysu.edu.cn/teacher
F00470,中山大学,广州,985/211/双一流,计算机学院,谢逸,副教授,副教授,,,https://cse.sysu.edu.cn/teacher
F00471,中山大学,广州,985/211/双一流,计算机学院,赖韩江,副教授,副教授,,,https://cse.sysu.edu.cn/teacher
F00472,中山大学,广州,985/211/双一流,计算机学院,赵帅,副教授,副教授,量子计算与量子信息理论 赵帅 副教授,,https://cse.sysu.edu.cn/teacher
F00473,中山大学,广州,985/211/双一流,计算机学院,赵知临,副教授,副教授,神经组合优化、深度强化学习、系统决策与组合优化、大模型优化 赵知临 副教授,,https://cse.sysu.edu.cn/teacher
F00474,中山大学,广州,985/211/双一流,计算机学院,陈亮,副教授,副教授,高性能计算（加速器设计）、人工智能、机器人系统​ 陈亮 副教授,,https://cse.sysu.edu.cn/teacher
F00475,中山大学,广州,985/211/双一流,计算机学院,陈川,副教授,副教授,信息论与纠错编码技术，及其在数字通信系统中的应用 陈川 副教授,,https://cse.sysu.edu.cn/teacher
F00476,中山大学,广州,985/211/双一流,计算机学院,陶钧,副教授,副教授,,0000-0003-4247-3490,https://cse.sysu.edu.cn/teacher
F00477,中山大学,广州,985/211/双一流,计算机学院,韦宝典,副教授,副教授,多模态感知、生成式人工智能，世界模型，具身智能 韦宝典 副教授,,https://cse.sysu.edu.cn/teacher
F00478,中山大学,广州,985/211/双一流,计算机学院,饶洋辉,副教授,副教授,1. 分布式缓存系统的理论分析与优化，及其在边缘计算、云计算、大模型中的应用,,https://cse.sysu.edu.cn/teacher
F00479,中山大学,广州,985/211/双一流,计算机学院,马锦华,副教授,副教授,生成式深度学习（生成对抗网络、扩散模型等）、深度伪造及检测、信息隐藏及分析等 马锦华 副教授,,https://cse.sysu.edu.cn/teacher
F00480,中山大学,广州,985/211/双一流,计算机学院,高成英,副教授,副教授,,,https://cse.sysu.edu.cn/teacher
F00481,中山大学,广州,985/211/双一流,计算机学院,魏朋旭,副教授,副教授,密码学与信息安全、信息论与编码、安全保密 魏朋旭 副教授,,https://cse.sysu.edu.cn/teacher
F00482,中山大学,广州,985/211/双一流,计算机学院,黄倩怡,副教授,副教授,嵌入式/CPS系统的基础理论及其工业应用,,https://cse.sysu.edu.cn/teacher
F00483,中山大学,广州,985/211/双一流,计算机学院,黎卫兵,副教授,副教授,,,https://cse.sysu.edu.cn/teacher
F00484,中山大学,广州,985/211/双一流,计算机学院,龚杰,副教授,副教授,,,https://cse.sysu.edu.cn/teacher
F00485,中山大学,广州,985/211/双一流,计算机学院,教务部,助教,助教,,,https://jwb.sysu.edu.cn
F00486,中山大学,广州,985/211/双一流,计算机学院,万海,教授,教授,密码学应用，密钥交换协议，数字签名 万海 教授,0000-0001-5357-9130,https://cse.sysu.edu.cn/teacher
F00487,中山大学,广州,985/211/双一流,计算机学院,余超,教授,教授,,,https://cse.sysu.edu.cn/teacher
F00488,中山大学,广州,985/211/双一流,计算机学院,其它应用,教授,教授,,,https://cse.sysu.edu.cn/teacher
F00489,中山大学,广州,985/211/双一流,计算机学院,冯剑琳,教授,教授,,,https://cse.sysu.edu.cn/teacher
F00490,中山大学,广州,985/211/双一流,计算机学院,凌青,教授,教授,,,https://cse.sysu.edu.cn/teacher
F00491,中山大学,广州,985/211/双一流,计算机学院,刘咏梅,教授,教授,具身智能与机器人、自进化智能体、多模态空间感知与推理、因果推理 刘咏梅 教授,,https://cse.sysu.edu.cn/teacher
F00492,中山大学,广州,985/211/双一流,计算机学院,刘宁,教授,教授,,,https://cse.sysu.edu.cn/teacher
F00493,中山大学,广州,985/211/双一流,计算机学院,刘玉葆,教授,教授,,,https://cse.sysu.edu.cn/teacher
F00494,中山大学,广州,985/211/双一流,计算机学院,卢伟,教授,教授,高性能/并行与分布式计算，绿色计算，智能化系统软件 卢伟 教授,,https://cse.sysu.edu.cn/teacher
F00495,中山大学,广州,985/211/双一流,计算机学院,卢宇彤,教授,教授,医学人工智能，医学计算机辅助诊断，医学影像分析，机器学习，影像组学，医学大数据分析 卢宇彤 教授,,https://cse.sysu.edu.cn/teacher
F00496,中山大学,广州,985/211/双一流,计算机学院,吴维刚,教授,教授,,,https://cse.sysu.edu.cn/teacher
F00497,中山大学,广州,985/211/双一流,计算机学院,吴贺俊,教授,教授,HPC+AI智能计算系统、可信智能体系统、多模态计算系统 吴贺俊 教授,,https://cse.sysu.edu.cn/teacher
F00498,中山大学,广州,985/211/双一流,计算机学院,吴迪,教授,教授,机器人视觉与具身智能、场景理解与生成、目标跟踪与重识别 吴迪 教授,,https://cse.sysu.edu.cn/teacher
F00499,中山大学,广州,985/211/双一流,计算机学院,周凡,教授,教授,以人为中心的人工智能研究：视频图像处理、计算机三维建模与生成式 AI、AI Robotics Learning(面向具身智能的计算机视频图像处理与学习) 周凡 教授,,https://cse.sysu.edu.cn/teacher
F00500,中山大学,广州,985/211/双一流,计算机学院,周知,教授,教授,,,https://cse.sysu.edu.cn/teacher
F00501,中山大学,广州,985/211/双一流,计算机学院,康显桂,教授,教授,APT检测、AI安全、漏洞检测、智能网联汽车安全、云安全、网络攻防 康显桂 教授,,https://cse.sysu.edu.cn/teacher
F00502,中山大学,广州,985/211/双一流,计算机学院,张方国,教授,教授,计算机视觉、图像处理、深度学习、机器学习等,,https://cse.sysu.edu.cn/teacher
F00503,中山大学,广州,985/211/双一流,计算机学院,成慧,教授,教授,,,https://cse.sysu.edu.cn/teacher
F00504,中山大学,广州,985/211/双一流,计算机学院,李冠彬,教授,教授,计算机视觉：工业视觉检测、人脸识别、对象检测、增强与跟踪,,https://cse.sysu.edu.cn/teacher
F00505,中山大学,广州,985/211/双一流,计算机学院,李文军,教授,教授,医疗机器人、具身智能机器人、神经计算 李文军 教授,,https://cse.sysu.edu.cn/teacher
F00506,中山大学,广州,985/211/双一流,计算机学院,李绿周,教授,教授,,,https://cse.sysu.edu.cn/teacher
F00507,中山大学,广州,985/211/双一流,计算机学院,杨宏奇,教授,教授,计算机网络与通信 杨宏奇 教授,,https://cse.sysu.edu.cn/teacher
F00508,中山大学,广州,985/211/双一流,计算机学院,杨跃东,教授,教授,计算机视觉，跨模态视觉感知、理解、生成与交互，聚焦：1）多模态大模型（LLMs/MLLMs）,,https://cse.sysu.edu.cn/teacher
F00509,中山大学,广州,985/211/双一流,计算机学院,林倞,教授,教授,,,https://cse.sysu.edu.cn/teacher
F00510,中山大学,广州,985/211/双一流,计算机学院,江颖,教授,教授,,,https://cse.sysu.edu.cn/teacher
F00511,中山大学,广州,985/211/双一流,计算机学院,温武少,教授,教授,,,https://cse.sysu.edu.cn/teacher
F00512,中山大学,广州,985/211/双一流,计算机学院,王可泽,教授,教授,致力于智能优化与学习的融通共进，形成从大数据到知识、从知识到决策的能力，以通向可解释、可通用的下一代人工智能,,https://cse.sysu.edu.cn/teacher
F00513,中山大学,广州,985/211/双一流,计算机学院,王昌栋,教授,教授,人工智能基础理论、可信大模型、形式化方法. 王昌栋 教授,0000-0001-5972-559X,https://cse.sysu.edu.cn/teacher
F00514,中山大学,广州,985/211/双一流,计算机学院,王晓,教授,教授,科学计算、优化控制、电力仿真、灾害控制、机器学习等. 王晓 教授,,https://cse.sysu.edu.cn/teacher
F00515,中山大学,广州,985/211/双一流,计算机学院,王瑞轩,教授,教授,,,https://cse.sysu.edu.cn/teacher
F00516,中山大学,广州,985/211/双一流,计算机学院,王甲海,教授,教授,新AI架构、大物理模型（物理智能、具身智能、多模态大模型、大语言模型、世界模型）、生成式AI、世界模型量化金融投资、自然科学 王甲海 教授,,https://cse.sysu.edu.cn/teacher
F00517,中山大学,广州,985/211/双一流,计算机学院,肖侬,教授,教授,,0000-0002-2166-977X,https://cse.sysu.edu.cn/teacher
F00518,中山大学,广州,985/211/双一流,计算机学院,衡益,教授,教授,大模型系统优化、计算机网络、分布式计算系统、边缘计算、算力网 衡益 教授,,https://cse.sysu.edu.cn/teacher
F00519,中山大学,广州,985/211/双一流,计算机学院,谢晓华,教授,教授,,,https://cse.sysu.edu.cn/teacher
F00520,中山大学,广州,985/211/双一流,计算机学院,谭宁,教授,教授,智能视觉计算理论与应用，全屋智能计算技术，面向医康养的多模态AI融合计算 谭宁 教授,0000-0003-0710-6409,https://cse.sysu.edu.cn/teacher
F00521,中山大学,广州,985/211/双一流,计算机学院,谭志军,教授,教授,,,https://cse.sysu.edu.cn/teacher
F00522,中山大学,广州,985/211/双一流,计算机学院,赖剑煌,教授,教授,多模态数据分析、数据挖掘、信息检索 赖剑煌 教授,,https://cse.sysu.edu.cn/teacher
F00523,中山大学,广州,985/211/双一流,计算机学院,邱道文,教授,教授,,,https://cse.sysu.edu.cn/teacher
F00524,中山大学,广州,985/211/双一流,计算机学院,邹青松,教授,教授,,,https://cse.sysu.edu.cn/teacher
F00525,中山大学,广州,985/211/双一流,计算机学院,郑伟诗,教授,教授,,,https://cse.sysu.edu.cn/teacher
F00526,中山大学,广州,985/211/双一流,计算机学院,郑培嘉,教授,教授,计算机视觉、多模态学习及其在目标分割与检测、行为理解、视频描述、表情识别等方面的应用,,https://cse.sysu.edu.cn/teacher
F00527,中山大学,广州,985/211/双一流,计算机学院,郑慧诚,教授,教授,机器学习、计算机视觉与具身智能、生成式人工智能 郑慧诚 教授,,https://cse.sysu.edu.cn/teacher
F00528,中山大学,广州,985/211/双一流,计算机学院,郭得科,教授,教授,机器学习理论与算法、多智能体强化学习、持续学习、元学习 郭得科 教授,,https://cse.sysu.edu.cn/teacher
F00529,中山大学,广州,985/211/双一流,计算机学院,金舒原,教授,教授,长期从事高性能计算、医学成像与分析、深度学习、积分方程快速算法、高维稀疏逼近、随机偏微分方程等方向的研究,,https://cse.sysu.edu.cn/teacher
F00530,中山大学,广州,985/211/双一流,计算机学院,陆遥,教授,教授,,,https://cse.sysu.edu.cn/teacher
F00531,中山大学,广州,985/211/双一流,计算机学院,陈刚,教授,教授,联邦学习、大模型可靠性、机器学习鲁棒性、图机器学习 陈刚 教授,,https://cse.sysu.edu.cn/teacher
F00532,中山大学,广州,985/211/双一流,计算机学院,陈志广,教授,教授,端侧智能体、多智能体算法、大模型推理加速、具身大小脑系统、低空多模态大模型、卫星智能计算 陈志广 教授,,https://cse.sysu.edu.cn/teacher
F00533,中山大学,广州,985/211/双一流,计算机学院,陈旭,教授,教授,分布式系统、操作系统、计算机网络、云计算、软件可靠性 陈旭 教授,,https://cse.sysu.edu.cn/teacher
F00534,中山大学,广州,985/211/双一流,计算机学院,陈鹏飞,教授,教授,推荐系统、图计算、机器学习、软件工程 陈鹏飞 教授,,https://cse.sysu.edu.cn/teacher
F00535,中山大学,广州,985/211/双一流,计算机学院,马啸,教授,教授,,,https://cse.sysu.edu.cn/teacher
F00536,中山大学,广州,985/211/双一流,计算机学院,骆伟祺,教授,教授,超智融合高性能计算系统、并行系统软件，面向领域的HPC+AI超算应用支撑平台、大模型存储技术、超智量协同计算技术,,https://cse.sysu.edu.cn/teacher
F00537,中山大学,广州,985/211/双一流,计算机学院,黄凯,教授,教授,高性能计算/并行计算系统与应用优化、高性能人工智能计算、科学数据并行处理与存储IO系统 黄凯 教授,,https://cse.sysu.edu.cn/teacher
F00538,中山大学,广州,985/211/双一流,计算机学院,黄聃,教授,教授,,,https://cse.sysu.edu.cn/teacher
F00539,云南大学,昆明,211/双一流,软件学院（人工智能学院）,于倩,副教授,副教授,,,http://www.sei.ynu.edu.cn/szdw/zzjs.htm
F00540,云南大学,昆明,211/双一流,软件学院（人工智能学院）,何婧,副教授,副教授,,,http://www.sei.ynu.edu.cn/szdw/zzjs.htm
F00541,云南大学,昆明,211/双一流,软件学院（人工智能学院）,何臻力,副教授,副教授,,,http://www.sei.ynu.edu.cn/szdw/zzjs.htm
F00542,云南大学,昆明,211/双一流,软件学院（人工智能学院）,余项,副教授,副教授,大数据分析、人工智能、认知计算,,http://www.sei.ynu.edu.cn/info/1023/1779.htm
F00543,云南大学,昆明,211/双一流,软件学院（人工智能学院）,储星,副教授,副教授,,,http://www.sei.ynu.edu.cn/szdw/zzjs.htm
F00544,云南大学,昆明,211/双一流,软件学院（人工智能学院）,先后,副教授,副教授,,,http://www.sei.ynu.edu.cn/info/1023/1160.htm
F00545,云南大学,昆明,211/双一流,软件学院（人工智能学院）,冯立波,副教授,副教授,,,http://www.sei.ynu.edu.cn/szdw/zzjs.htm
F00546,云南大学,昆明,211/双一流,软件学院（人工智能学院）,刘璟,副教授,副教授,,,http://www.sei.ynu.edu.cn/szdw/zzjs.htm
F00547,云南大学,昆明,211/双一流,软件学院（人工智能学院）,刘金卓,副教授,副教授,,,http://www.sei.ynu.edu.cn/szdw/zzjs.htm
F00548,云南大学,昆明,211/双一流,软件学院（人工智能学院）,团学工作,副教授,副教授,,,http://www.sei.ynu.edu.cn/txgz.htm
F00549,云南大学,昆明,211/双一流,软件学院（人工智能学院）,在职教师,副教授,副教授,,,http://www.sei.ynu.edu.cn/szdw/zzjs.htm
F00550,云南大学,昆明,211/双一流,软件学院（人工智能学院）,张云春,副教授,副教授,,,http://www.sei.ynu.edu.cn/szdw/zzjs.htm
F00551,云南大学,昆明,211/双一流,软件学院（人工智能学院）,张德海,副教授,副教授,,,http://www.sei.ynu.edu.cn/szdw/zzjs.htm
F00552,云南大学,昆明,211/双一流,软件学院（人工智能学院）,政治面貌,副教授,副教授,,,http://www.sei.ynu.edu.cn/info/1023/1170.htm
F00553,云南大学,昆明,211/双一流,软件学院（人工智能学院）,易超,副教授,副教授,,0009-0006-1904-1058,http://www.sei.ynu.edu.cn/szdw/zzjs.htm
F00554,云南大学,昆明,211/双一流,软件学院（人工智能学院）,林英,副教授,副教授,,,http://www.sei.ynu.edu.cn/szdw/zzjs.htm
F00555,云南大学,昆明,211/双一流,软件学院（人工智能学院）,武丽雯,副教授,副教授,,,http://www.sei.ynu.edu.cn/szdw/zzjs.htm
F00556,云南大学,昆明,211/双一流,软件学院（人工智能学院）,江倩,副教授,副教授,,,http://www.sei.ynu.edu.cn/szdw/zzjs.htm
F00557,云南大学,昆明,211/双一流,软件学院（人工智能学院）,江华,副教授,副教授,,,http://www.sei.ynu.edu.cn/szdw/zzjs.htm
F00558,云南大学,昆明,211/双一流,软件学院（人工智能学院）,王普明,副教授,副教授,,,http://www.sei.ynu.edu.cn/szdw/zzjs.htm
F00559,云南大学,昆明,211/双一流,软件学院（人工智能学院）,秦江龙,副教授,副教授,,,http://www.sei.ynu.edu.cn/szdw/zzjs.htm
F00560,云南大学,昆明,211/双一流,软件学院（人工智能学院）,职位,副教授,副教授,,,http://www.sei.ynu.edu.cn/info/1023/1170.htm
F00561,云南大学,昆明,211/双一流,软件学院（人工智能学院）,苗圣法,副教授,副教授,,,http://www.sei.ynu.edu.cn/szdw/zzjs.htm
F00562,云南大学,昆明,211/双一流,软件学院（人工智能学院）,薛岗,副教授,副教授,,,http://www.sei.ynu.edu.cn/szdw/zzjs.htm
F00563,云南大学,昆明,211/双一流,软件学院（人工智能学院）,赵娜,副教授,副教授,,,http://www.sei.ynu.edu.cn/szdw/zzjs.htm
F00564,云南大学,昆明,211/双一流,软件学院（人工智能学院）,金鑫,副教授,副教授,,,http://www.sei.ynu.edu.cn/szdw/zzjs.htm
F00565,云南大学,昆明,211/双一流,软件学院（人工智能学院）,孙兴平,副研究员,副研究员,,,http://www.sei.ynu.edu.cn/szdw/zzjs.htm
F00566,云南大学,昆明,211/双一流,软件学院（人工智能学院）,康洪炜,副研究员,副研究员,,,http://www.sei.ynu.edu.cn/szdw/zzjs.htm
F00567,云南大学,昆明,211/双一流,软件学院（人工智能学院）,段清,副研究员,副研究员,,,http://www.sei.ynu.edu.cn/szdw/zzjs.htm
F00568,云南大学,昆明,211/双一流,软件学院（人工智能学院）,沈勇,副研究员,副研究员,,,http://www.sei.ynu.edu.cn/szdw/zzjs.htm
F00569,云南大学,昆明,211/双一流,软件学院（人工智能学院）,余程嵘,助理研究员,助理研究员,,,http://www.sei.ynu.edu.cn/szdw/zzjs.htm
F00570,云南大学,昆明,211/双一流,软件学院（人工智能学院）,包崇明,助理研究员,助理研究员,,,http://www.sei.ynu.edu.cn/szdw/zzjs.htm
F00571,云南大学,昆明,211/双一流,软件学院（人工智能学院）,米彦霖,助理研究员,助理研究员,,,http://www.sei.ynu.edu.cn/szdw/zzjs.htm
F00572,云南大学,昆明,211/双一流,软件学院（人工智能学院）,黄珊珊,助理研究员,助理研究员,,,http://www.sei.ynu.edu.cn/szdw/zzjs.htm
F00573,云南大学,昆明,211/双一流,软件学院（人工智能学院）,二十余篇,教授,教授,以迁移学习、深度学习与集成学习为研究对象，运用其解决时间序列数据挖掘中的难点与热点问题，产出了一系列研究成果,,http://www.sei.ynu.edu.cn/info/1023/1450.htm
F00574,云南大学,昆明,211/双一流,软件学院（人工智能学院）,云南省,教授,教授,,,http://www.sei.ynu.edu.cn/info/1023/1480.htm
F00575,云南大学,昆明,211/双一流,软件学院（人工智能学院）,博导,教授,教授,,,http://www.sei.ynu.edu.cn/info/1023/1106.htm
F00576,云南大学,昆明,211/双一流,软件学院（人工智能学院）,周维,教授,教授,,,http://www.sei.ynu.edu.cn/szdw/zzjs.htm
F00577,云南大学,昆明,211/双一流,软件学院（人工智能学院）,姚绍文,教授,教授,,,http://www.sei.ynu.edu.cn/szdw/zzjs.htm
F00578,云南大学,昆明,211/双一流,软件学院（人工智能学院）,工学博士,教授,教授,,,http://www.sei.ynu.edu.cn/info/1023/1160.htm
F00579,云南大学,昆明,211/双一流,软件学院（人工智能学院）,康雁,教授,教授,,,http://www.sei.ynu.edu.cn/szdw/zzjs.htm
F00580,云南大学,昆明,211/双一流,软件学院（人工智能学院）,张璇,教授,教授,,,http://www.sei.ynu.edu.cn/szdw/zzjs.htm
F00581,云南大学,昆明,211/双一流,软件学院（人工智能学院）,招收博士,教授,教授,图机器学习、智慧医养、物联网 招收博士， 以图机器学习为主,,http://www.sei.ynu.edu.cn/info/1023/1166.htm
F00582,云南大学,昆明,211/双一流,软件学院（人工智能学院）,教师姓名,教授,教授,,,http://www.sei.ynu.edu.cn/info/1023/1099.htm
F00583,云南大学,昆明,211/双一流,软件学院（人工智能学院）,教育背景,教授,教授,,,http://www.sei.ynu.edu.cn/info/1023/1438.htm
F00584,云南大学,昆明,211/双一流,软件学院（人工智能学院）,时间,教授,教授,,,http://www.sei.ynu.edu.cn/info/1023/1099.htm
F00585,云南大学,昆明,211/双一流,软件学院（人工智能学院）,李劲,教授,教授,,,http://www.sei.ynu.edu.cn/szdw/zzjs.htm
F00586,云南大学,昆明,211/双一流,软件学院（人工智能学院）,杨云,教授,教授,,,http://www.sei.ynu.edu.cn/szdw/zzjs.htm
F00587,云南大学,昆明,211/双一流,软件学院（人工智能学院）,梁宇,教授,教授,,,http://www.sei.ynu.edu.cn/szdw/zzjs.htm
F00588,云南大学,昆明,211/双一流,软件学院（人工智能学院）,王炜,教授,教授,,,http://www.sei.ynu.edu.cn/szdw/zzjs.htm
F00589,云南大学,昆明,211/双一流,软件学院（人工智能学院）,电子邮件,教授,教授,人工智能，集成学习，时间序列数据挖掘，情感计算，智慧医养，智慧安全 电子邮件：yangyun@ynu.edu.cn,,http://www.sei.ynu.edu.cn/info/1023/1099.htm
F00590,云南大学,昆明,211/双一流,软件学院（人工智能学院）,硕士,教授,教授,云计算技术,,http://www.sei.ynu.edu.cn/info/1023/1438.htm
F00591,云南大学,昆明,211/双一流,软件学院（人工智能学院）,职务,教授,教授,,,http://www.sei.ynu.edu.cn/info/1023/1099.htm
F00592,云南大学,昆明,211/双一流,软件学院（人工智能学院）,蔡莉,教授,教授,,,http://www.sei.ynu.edu.cn/szdw/zzjs.htm
F00593,云南大学,昆明,211/双一流,软件学院（人工智能学院）,访学经历,特聘教授,教授,,,http://www.sei.ynu.edu.cn/info/1023/1480.htm
F00594,云南大学,昆明,211/双一流,软件学院（人工智能学院）,谢诚,教授,教授,,0000-0002-4484-7428,http://www.sei.ynu.edu.cn/szdw/zzjs.htm
F00595,云南大学,昆明,211/双一流,软件学院（人工智能学院）,赵明雄,教授,教授,,,http://www.sei.ynu.edu.cn/szdw/zzjs.htm
F00596,云南大学,昆明,211/双一流,软件学院（人工智能学院）,刘俊晖,讲师,讲师,,,http://www.sei.ynu.edu.cn/szdw/zzjs.htm
F00597,云南大学,昆明,211/双一流,软件学院（人工智能学院）,刘春花,讲师,讲师,,,http://www.sei.ynu.edu.cn/szdw/zzjs.htm
F00598,云南大学,昆明,211/双一流,软件学院（人工智能学院）,周玉珏,讲师,讲师,,,http://www.sei.ynu.edu.cn/szdw/zzjs.htm
F00599,云南大学,昆明,211/双一流,软件学院（人工智能学院）,唐丽,讲师,讲师,,,http://www.sei.ynu.edu.cn/szdw/zzjs.htm
F00600,云南大学,昆明,211/双一流,软件学院（人工智能学院）,宋冰冰,讲师,讲师,,,http://www.sei.ynu.edu.cn/szdw/zzjs.htm
F00601,云南大学,昆明,211/双一流,软件学院（人工智能学院）,巫思杏,讲师,讲师,,,http://www.sei.ynu.edu.cn/szdw/zzjs.htm
F00602,云南大学,昆明,211/双一流,软件学院（人工智能学院）,廖赟,讲师,讲师,,,http://www.sei.ynu.edu.cn/szdw/zzjs.htm
F00603,云南大学,昆明,211/双一流,软件学院（人工智能学院）,张艳,讲师,讲师,,,http://www.sei.ynu.edu.cn/szdw/zzjs.htm
F00604,云南大学,昆明,211/双一流,软件学院（人工智能学院）,彭宏,讲师,讲师,,,http://www.sei.ynu.edu.cn/szdw/zzjs.htm
F00605,云南大学,昆明,211/双一流,软件学院（人工智能学院）,李震雄,讲师,讲师,,,http://www.sei.ynu.edu.cn/szdw/zzjs.htm
F00606,云南大学,昆明,211/双一流,软件学院（人工智能学院）,杜飞,讲师,讲师,,,http://www.sei.ynu.edu.cn/szdw/zzjs.htm
F00607,云南大学,昆明,211/双一流,软件学院（人工智能学院）,王菡苑,讲师,讲师,,,http://www.sei.ynu.edu.cn/szdw/zzjs.htm
F00608,云南大学,昆明,211/双一流,软件学院（人工智能学院）,胡盛,讲师,讲师,,,http://www.sei.ynu.edu.cn/szdw/zzjs.htm
F00609,云南大学,昆明,211/双一流,软件学院（人工智能学院）,董云云,讲师,讲师,,,http://www.sei.ynu.edu.cn/szdw/zzjs.htm
F00610,云南大学,昆明,211/双一流,软件学院（人工智能学院）,许红星,讲师,讲师,,,http://www.sei.ynu.edu.cn/szdw/zzjs.htm
F00611,云南大学,昆明,211/双一流,软件学院（人工智能学院）,谭靖虹,讲师,讲师,,,http://www.sei.ynu.edu.cn/szdw/zzjs.htm
F00612,云南大学,昆明,211/双一流,软件学院（人工智能学院）,郭竞,讲师,讲师,,,http://www.sei.ynu.edu.cn/szdw/zzjs.htm
F00613,云南大学,昆明,211/双一流,软件学院（人工智能学院）,陈清毅,讲师,讲师,,,http://www.sei.ynu.edu.cn/szdw/zzjs.htm
F00614,云南大学,昆明,211/双一流,软件学院（人工智能学院）,韦平,讲师,讲师,,,http://www.sei.ynu.edu.cn/szdw/zzjs.htm
F00615,云南大学,昆明,211/双一流,软件学院（人工智能学院）,高嵩,讲师,讲师,,,http://www.sei.ynu.edu.cn/szdw/zzjs.htm
F00616,云南大学,昆明,211/双一流,软件学院（人工智能学院）,黄光能,讲师,讲师,,,http://www.sei.ynu.edu.cn/szdw/zzjs.htm
F00617,云南大学,昆明,211/双一流,软件学院（人工智能学院）,黄宏跃,讲师,讲师,,,http://www.sei.ynu.edu.cn/szdw/zzjs.htm
F00618,云南大学,昆明,211/双一流,软件学院（人工智能学院）,黄月,讲师,讲师,,,http://www.sei.ynu.edu.cn/szdw/zzjs.htm
F00619,北京大学,北京,985/211/双一流,智能学院,丁晚秋,工程师,其他,生物信息学,,https://www.ai.pku.edu.cn/info/1436/2901.htm
F00620,北京大学,北京,985/211/双一流,智能学院,曲天书,副教授,副教授,空间听觉，虚拟声音，三维音频场景分析，多通道音频编码,,https://www.ai.pku.edu.cn/info/1326/2868.htm
F00621,北京大学,北京,985/211/双一流,智能学院,音频编码,副教授,副教授,音频编码，空间听觉，声源定位与增强,,https://www.cis.pku.edu.cn/szdw/zzjs.htm
F00622,北京大学,北京,985/211/双一流,智能学院,王文尧,副研究员,副研究员,,,https://www.ai.pku.edu.cn/info/1435/2976.htm
F00623,北京大学,北京,985/211/双一流,智能学院,贺笛,助理教授,助理教授,,,https://www.cis.pku.edu.cn/szdw/zzjs.htm
F00624,北京大学,北京,985/211/双一流,智能学院,马郓,助理教授,助理教授,智能系统软件，主要关注Web系统和移动系统的设计和优化,,https://www.ai.pku.edu.cn/info/1138/2064.htm
F00625,北京大学,北京,985/211/双一流,智能学院,万小军,教授,教授,自然语言处理与文本挖掘,,https://www.ai.pku.edu.cn/info/1314/1717.htm
F00626,北京大学,北京,985/211/双一流,智能学院,刘宏,教授,教授,计算机视觉与智能机器人,0000-0002-2051-4514,https://www.ai.pku.edu.cn/info/1281/2961.htm
F00627,北京大学,北京,985/211/双一流,智能学院,刘家瑛,教授,教授,智能媒体技术与视觉理解,,https://www.ai.pku.edu.cn/info/1312/1683.htm
F00628,北京大学,北京,985/211/双一流,智能学院,张岩,教授,教授,,,https://www.cis.pku.edu.cn/szdw/zzjs.htm
F00629,北京大学,北京,985/211/双一流,智能学院,林宙辰,教授,教授,机器学习、数值优化,,https://www.ai.pku.edu.cn/info/1284/1641.htm
F00630,北京大学,北京,985/211/双一流,智能学院,王亦洲,教授,教授,计算机视觉、统计建模与计算、数字视觉艺术,0009-0003-5232-1244,https://www.ai.pku.edu.cn/info/1136/1219.htm
F00631,北京大学,北京,985/211/双一流,智能学院,王天兵,教授,教授,严重创伤救治、医疗急救的信息化建设,,https://www.ai.pku.edu.cn/info/1280/1728.htm
F00632,北京大学,北京,985/211/双一流,智能学院,王栋,教授,教授,国际冷战史、国际关系理论、国际安全、东亚安全、美国外交、中美关系,0000-0002-4428-6501,https://www.ai.pku.edu.cn/info/1141/3113.htm
F00633,北京大学,北京,985/211/双一流,智能学院,王立威,教授,教授,机器学习理论,,https://www.ai.pku.edu.cn/info/1139/3166.htm
F00634,北京大学,北京,985/211/双一流,智能学院,王腾蛟,教授,教授,数据库与数据挖掘,,https://www.ai.pku.edu.cn/info/1217/1494.htm
F00635,北京大学,北京,985/211/双一流,智能学院,王龙,教授,教授,复杂系统智能控制、网络化系统控制、多机器人系统控制、集群行为与集群智能、演化博弈与群体决策,,https://www.ai.pku.edu.cn/info/1313/1767.htm
F00636,北京大学,北京,985/211/双一流,智能学院,蔡一茂,教授,教授,先进存储器技术、柔性电子及智能芯片关键技术,,https://www.ai.pku.edu.cn/info/1137/1227.htm
F00637,北京大学,北京,985/211/双一流,智能学院,陈宝权,教授,教授,,,https://www.cis.pku.edu.cn/szdw/zzjs.htm
F00638,北京大学,北京,985/211/双一流,智能学院,马坚伟,教授,教授,,,https://www.ai.pku.edu.cn/info/1328/1956.htm
F00639,北京大学,北京,985/211/双一流,智能学院,王奕森,研究员,研究员,,,https://www.cis.pku.edu.cn/szdw/zzjs.htm
F00640,北京大学,北京,985/211/双一流,智能学院,王胜锋,研究员,研究员,慢性病流行病学（肿瘤为主），数智化驱动的药物流行病学，罕见病流行病学，健康医疗大数据的开发利用,,https://www.ai.pku.edu.cn/info/1140/2870.htm
F00641,北京大学,北京,985/211/双一流,智能学院,王长松,研究员,研究员,城市与区域历史地理,,https://www.ai.pku.edu.cn/info/1386/3073.htm
F00642,北京大学,北京,985/211/双一流,智能学院,马秀莉,讲师,讲师,,,https://www.cis.pku.edu.cn/szdw/zzjs.htm
F00643,北京工业大学,北京,211/双一流,计算机学院,其中,特聘教授,教授,,,https://sist.bjut.edu.cn/szdw/dwgk.htm
F00644,北京工业大学,北京,211/双一流,计算机学院,截至,教授,教授,,,https://cs.bjut.edu.cn/szdw/dwgk.htm
F00645,北京工业大学,北京,211/双一流,计算机学院,校址,教授,教授,,,https://cs.bjut.edu.cn/szdw/dwgk.htm
F00646,北京师范大学,北京,985/211/双一流,人工智能学院,王立志,教授,教授,图像视频处理、计算摄像学、 计算机视觉 、智能媒体 计算 电子,,https://ai.bnu.edu.cn/xygk/szdw/zgj/793eb40ff72248448534a65f4e8a6642.htm
F00647,北京师范大学,北京,985/211/双一流,人工智能学院,郭建伟,教授,教授,计算机图形学、虚拟现实、人工智能、虚拟仿真教育,,https://ai.bnu.edu.cn/xygk/szdw/zgj/49cd041d10ce4b33a7c0870b53997c29.htm
F00648,北京师范大学,北京,985/211/双一流,人工智能学院,黄永祯,教授,教授,计算机视觉与模式识别 电子,,https://ai.bnu.edu.cn/xygk/szdw/zgj/bfed57e2f8fc4de2a6b370063517f801.htm
F00649,北京科技大学,北京,211/双一流,人工智能学院,于欣波,,其他,扑翼飞行机器人、视觉导航、视觉伺服控制 于欣波,,https://ai.ustb.edu.cn/szdw/index.htm
F00650,北京科技大学,北京,211/双一流,人工智能学院,付强,,其他,计算机视觉、多模态协同感知、人工智能应用 付强,,https://ai.ustb.edu.cn/szdw/index.htm
F00651,北京科技大学,北京,211/双一流,人工智能学院,刘志杰,,其他,复杂环境智能探测与感知 刘志杰,,https://ai.ustb.edu.cn/szdw/index.htm
F00652,北京科技大学,北京,211/双一流,人工智能学院,刘红敏,,其他,脑机智能、机器学习与模式识别、健康医疗大数据与安全诊疗平台、虚拟现实与多模态穿戴系统、认知数字药物与增强等 刘红敏,,https://ai.ustb.edu.cn/szdw/index.htm
F00653,北京科技大学,北京,211/双一流,人工智能学院,吴荩,,其他,智能机器人、具身智能、分布参数系统 吴荩,0000-0001-8508-9064,https://ai.ustb.edu.cn/szdw/index.htm
F00654,北京科技大学,北京,211/双一流,人工智能学院,周鹏,,其他,致力于机器人学、位姿估计、组合导航系统、嵌入式电路与系统、最优化方法,,https://ai.ustb.edu.cn/szdw/index.htm
F00655,北京科技大学,北京,211/双一流,人工智能学院,孙亮,,其他,微型扑翼飞行机器人、软体机器人和智能控制 孙亮,,https://ai.ustb.edu.cn/szdw/index.htm
F00656,北京科技大学,北京,211/双一流,人工智能学院,张利欣,,其他,非线性力学系统控制、智能控制理论及应用、空间飞行器控制、机器人控制 张利欣,,https://ai.ustb.edu.cn/szdw/index.htm
F00657,北京科技大学,北京,211/双一流,人工智能学院,张海君,,其他,智能无人系统协同规划、控制等 张海君,,https://ai.ustb.edu.cn/szdw/index.htm
F00658,北京科技大学,北京,211/双一流,人工智能学院,张爽,,其他,智能6G、空天地网络、人工智能等 张爽,,https://ai.ustb.edu.cn/szdw/index.htm
F00659,北京科技大学,北京,211/双一流,人工智能学院,徐婧林,,其他,扑翼飞行机器人、智能无人系统、柔性机器人控制、智能控制、分布参数系统控制 徐婧林,,https://ai.ustb.edu.cn/szdw/index.htm
F00660,北京科技大学,北京,211/双一流,人工智能学院,文冬,,其他,图形与虚拟现实，智能人机交互，仿真计算与工业智能等 文冬,,https://ai.ustb.edu.cn/szdw/index.htm
F00661,北京科技大学,北京,211/双一流,人工智能学院,樊彬,,其他,模式识别与文字识别 计算机视觉 人工智能芯片 工业智能与工业软件 樊彬,,https://ai.ustb.edu.cn/szdw/index.htm
F00662,北京科技大学,北京,211/双一流,人工智能学院,王笑琨,,其他,机器人智能控制、人机协同、材料合成机器人 王笑琨,,https://ai.ustb.edu.cn/szdw/index.htm
F00663,北京科技大学,北京,211/双一流,人工智能学院,覃京燕,,其他,计算机视觉，视频理解，细粒度运动分析 覃京燕,,https://ai.ustb.edu.cn/szdw/index.htm
F00664,北京科技大学,北京,211/双一流,人工智能学院,贺威,,其他,视觉机器学习、智能感知 贺威,,https://ai.ustb.edu.cn/szdw/index.htm
F00665,北京科技大学,北京,211/双一流,人工智能学院,邱波,,其他,机器视觉与智能感知团队，主要开展模式识别、机器学习、计算机视觉以及其在工业工程领域的应用技术研究 邱波,,https://ai.ustb.edu.cn/szdw/index.htm
F00666,北京科技大学,北京,211/双一流,人工智能学院,邹尧,,其他,模式识别、图像处理、机器学习、机器视觉、智能系统、天文信息处理、数据挖掘 邹尧,,https://ai.ustb.edu.cn/szdw/index.htm
F00667,北京科技大学,北京,211/双一流,人工智能学院,殷绪成,教授,教授,,,https://ai.ustb.edu.cn/szdw/index.htm
F00668,北京科技大学,北京,211/双一流,人工智能学院,王耀祖,教授,教授,,,https://ai.ustb.edu.cn/szdw/index.htm
F00669,北京航空航天大学,北京,985/211/双一流,计算机学院,万寒,副教授,副教授,,,https://scse.buaa.edu.cn/szdw/qtjs/fjs.htm
F00670,北京航空航天大学,北京,985/211/双一流,计算机学院,傅翠娇,副教授,副教授,,,https://scse.buaa.edu.cn/szdw/qtjs/fjs.htm
F00671,北京航空航天大学,北京,985/211/双一流,计算机学院,刘禹,副教授,副教授,,,https://scse.buaa.edu.cn/szdw/qtjs/fjs.htm
F00672,北京航空航天大学,北京,985/211/双一流,计算机学院,刘艳芳,副教授,副教授,,,https://scse.buaa.edu.cn/szdw/qtjs/fjs.htm
F00673,北京航空航天大学,北京,985/211/双一流,计算机学院,刘雪峰,副教授,副教授,,,https://scse.buaa.edu.cn/szdw/qtjs/fjs.htm
F00674,北京航空航天大学,北京,985/211/双一流,计算机学院,吕江花,副教授,副教授,,,https://scse.buaa.edu.cn/szdw/qtjs/fjs.htm
F00675,北京航空航天大学,北京,985/211/双一流,计算机学院,吕良双,副教授,副教授,,,https://scse.buaa.edu.cn/szdw/qtjs/fjs.htm
F00676,北京航空航天大学,北京,985/211/双一流,计算机学院,吴壮志,副教授,副教授,,,https://scse.buaa.edu.cn/szdw/qtjs/fjs.htm
F00677,北京航空航天大学,北京,985/211/双一流,计算机学院,吴秀娟,副教授,副教授,,,https://scse.buaa.edu.cn/szdw/qtjs/fjs.htm
F00678,北京航空航天大学,北京,985/211/双一流,计算机学院,吴际,副教授,副教授,,,https://scse.buaa.edu.cn/szdw/qtjs/fjs.htm
F00679,北京航空航天大学,北京,985/211/双一流,计算机学院,周彬,副教授,副教授,,,https://scse.buaa.edu.cn/szdw/qtjs/fjs.htm
F00680,北京航空航天大学,北京,985/211/双一流,计算机学院,夏清,副教授,副教授,,,https://scse.buaa.edu.cn/szdw/qtjs/fjs.htm
F00681,北京航空航天大学,北京,985/211/双一流,计算机学院,孙庆赟,副教授,副教授,,,https://scse.buaa.edu.cn/szdw/qtjs/fjs.htm
F00682,北京航空航天大学,北京,985/211/双一流,计算机学院,孙庆骁,副教授,副教授,,,https://scse.buaa.edu.cn/szdw/qtjs/fjs.htm
F00683,北京航空航天大学,北京,985/211/双一流,计算机学院,孙磊磊,副教授,副教授,,,https://scse.buaa.edu.cn/szdw/qtjs/fjs.htm
F00684,北京航空航天大学,北京,985/211/双一流,计算机学院,孙青,副教授,副教授,,,https://scse.buaa.edu.cn/szdw/qtjs/fjs.htm
F00685,北京航空航天大学,北京,985/211/双一流,计算机学院,季书帆,副教授,副教授,,,https://scse.buaa.edu.cn/szdw/qtjs/fjs.htm
F00686,北京航空航天大学,北京,985/211/双一流,计算机学院,尚利宏,副教授,副教授,,,https://scse.buaa.edu.cn/szdw/qtjs/fjs.htm
F00687,北京航空航天大学,北京,985/211/双一流,计算机学院,巢文涵,副教授,副教授,,,https://scse.buaa.edu.cn/szdw/qtjs/fjs.htm
F00688,北京航空航天大学,北京,985/211/双一流,计算机学院,巫蜀江,副教授,副教授,,,https://scse.buaa.edu.cn/szdw/qtjs/fjs.htm
F00689,北京航空航天大学,北京,985/211/双一流,计算机学院,廖晓坚,副教授,副教授,,,https://scse.buaa.edu.cn/szdw/qtjs/fjs.htm
F00690,北京航空航天大学,北京,985/211/双一流,计算机学院,张亮,副教授,副教授,,,https://scse.buaa.edu.cn/szdw/qtjs/fjs.htm
F00691,北京航空航天大学,北京,985/211/双一流,计算机学院,张子威,副教授,副教授,,,https://scse.buaa.edu.cn/szdw/qtjs/fjs.htm
F00692,北京航空航天大学,北京,985/211/双一流,计算机学院,张曼,副教授,副教授,,,https://scse.buaa.edu.cn/szdw/qtjs/fjs.htm
F00693,北京航空航天大学,北京,985/211/双一流,计算机学院,张钊,副教授,副教授,,0000-0003-3616-558X,https://scse.buaa.edu.cn/szdw/qtjs/fjs.htm
F00694,北京航空航天大学,北京,985/211/双一流,计算机学院,徐红,副教授,副教授,,,https://scse.buaa.edu.cn/szdw/qtjs/fjs.htm
F00695,北京航空航天大学,北京,985/211/双一流,计算机学院,晏海华,副教授,副教授,,,https://scse.buaa.edu.cn/szdw/qtjs/fjs.htm
F00696,北京航空航天大学,北京,985/211/双一流,计算机学院,曾宇祥,副教授,副教授,,,https://scse.buaa.edu.cn/szdw/qtjs/fjs.htm
F00697,北京航空航天大学,北京,985/211/双一流,计算机学院,李伟欣,副教授,副教授,,,https://scse.buaa.edu.cn/szdw/qtjs/fjs.htm
F00698,北京航空航天大学,北京,985/211/双一流,计算机学院,李安南,副教授,副教授,,,https://scse.buaa.edu.cn/szdw/qtjs/fjs.htm
F00699,北京航空航天大学,北京,985/211/双一流,计算机学院,李巍,副教授,副教授,,,https://scse.buaa.edu.cn/szdw/qtjs/fjs.htm
F00700,北京航空航天大学,北京,985/211/双一流,计算机学院,李恬霖,副教授,副教授,,,https://scse.buaa.edu.cn/szdw/qtjs/fjs.htm
F00701,北京航空航天大学,北京,985/211/双一流,计算机学院,李炜,副教授,副教授,,,https://scse.buaa.edu.cn/szdw/qtjs/fjs.htm
F00702,北京航空航天大学,北京,985/211/双一流,计算机学院,李莹,副教授,副教授,,,https://scse.buaa.edu.cn/szdw/qtjs/fjs.htm
F00703,北京航空航天大学,北京,985/211/双一流,计算机学院,李辉勇,副教授,副教授,,,https://scse.buaa.edu.cn/szdw/qtjs/fjs.htm
F00704,北京航空航天大学,北京,985/211/双一流,计算机学院,林学练,副教授,副教授,,,https://scse.buaa.edu.cn/szdw/qtjs/fjs.htm
F00705,北京航空航天大学,北京,985/211/双一流,计算机学院,柳泽明,副教授,副教授,,,https://scse.buaa.edu.cn/szdw/qtjs/fjs.htm
F00706,北京航空航天大学,北京,985/211/双一流,计算机学院,栾钟治,副教授,副教授,,,https://scse.buaa.edu.cn/szdw/qtjs/fjs.htm
F00707,北京航空航天大学,北京,985/211/双一流,计算机学院,汤振宇,副教授,副教授,,,https://scse.buaa.edu.cn/szdw/qtjs/fjs.htm
F00708,北京航空航天大学,北京,985/211/双一流,计算机学院,熊桂喜,副教授,副教授,,,https://scse.buaa.edu.cn/szdw/qtjs/fjs.htm
F00709,北京航空航天大学,北京,985/211/双一流,计算机学院,牛虹婷,副教授,副教授,,,https://scse.buaa.edu.cn/szdw/qtjs/fjs.htm
F00710,北京航空航天大学,北京,985/211/双一流,计算机学院,王帅,副教授,副教授,,,https://scse.buaa.edu.cn/szdw/qtjs/fjs.htm
F00711,北京航空航天大学,北京,985/211/双一流,计算机学院,王思远,副教授,副教授,,,https://scse.buaa.edu.cn/szdw/qtjs/fjs.htm
F00712,北京航空航天大学,北京,985/211/双一流,计算机学院,王良,副教授,副教授,,,https://scse.buaa.edu.cn/szdw/qtjs/fjs.htm
F00713,北京航空航天大学,北京,985/211/双一流,计算机学院,王锐,副教授,副教授,,,https://scse.buaa.edu.cn/szdw/qtjs/fjs.htm
F00714,北京航空航天大学,北京,985/211/双一流,计算机学院,程健,副教授,副教授,,0000-0002-8265-2381,https://scse.buaa.edu.cn/szdw/qtjs/fjs.htm
F00715,北京航空航天大学,北京,985/211/双一流,计算机学院,童超,副教授,副教授,,0000-0003-4414-4965,https://scse.buaa.edu.cn/szdw/qtjs/fjs.htm
F00716,北京航空航天大学,北京,985/211/双一流,计算机学院,罗杰,副教授,副教授,,,https://scse.buaa.edu.cn/szdw/qtjs/fjs.htm
F00717,北京航空航天大学,北京,985/211/双一流,计算机学院,葛声,副教授,副教授,,,https://scse.buaa.edu.cn/szdw/qtjs/fjs.htm
F00718,北京航空航天大学,北京,985/211/双一流,计算机学院,解晨浩,副教授,副教授,,,https://scse.buaa.edu.cn/szdw/qtjs/fjs.htm
F00719,北京航空航天大学,北京,985/211/双一流,计算机学院,诸彤宇,副教授,副教授,,,https://scse.buaa.edu.cn/szdw/qtjs/fjs.htm
F00720,北京航空航天大学,北京,985/211/双一流,计算机学院,谭鑫,副教授,副教授,,,https://scse.buaa.edu.cn/szdw/qtjs/fjs.htm
F00721,北京航空航天大学,北京,985/211/双一流,计算机学院,谷云超,副教授,副教授,,,https://scse.buaa.edu.cn/szdw/qtjs/fjs.htm
F00722,北京航空航天大学,北京,985/211/双一流,计算机学院,赵一凡,副教授,副教授,,,https://scse.buaa.edu.cn/szdw/qtjs/fjs.htm
F00723,北京航空航天大学,北京,985/211/双一流,计算机学院,邓婷,副教授,副教授,,,https://scse.buaa.edu.cn/szdw/qtjs/fjs.htm
F00724,北京航空航天大学,北京,985/211/双一流,计算机学院,郑锦,副教授,副教授,,,https://scse.buaa.edu.cn/szdw/qtjs/fjs.htm
F00725,北京航空航天大学,北京,985/211/双一流,计算机学院,郭园方,副教授,副教授,,,https://scse.buaa.edu.cn/szdw/qtjs/fjs.htm
F00726,北京航空航天大学,北京,985/211/双一流,计算机学院,阮利,副教授,副教授,,,https://scse.buaa.edu.cn/szdw/qtjs/fjs.htm
F00727,北京航空航天大学,北京,985/211/双一流,计算机学院,陆平,副教授,副教授,,,https://scse.buaa.edu.cn/szdw/qtjs/fjs.htm
F00728,北京航空航天大学,北京,985/211/双一流,计算机学院,陈佳鑫,副教授,副教授,,,https://scse.buaa.edu.cn/szdw/qtjs/fjs.htm
F00729,北京航空航天大学,北京,985/211/双一流,计算机学院,陶重阳,副教授,副教授,,,https://scse.buaa.edu.cn/szdw/qtjs/fjs.htm
F00730,北京航空航天大学,北京,985/211/双一流,计算机学院,何智涛,副研究员,副研究员,,,https://scse.buaa.edu.cn/szdw/qtjs/fjs.htm
F00731,北京航空航天大学,北京,985/211/双一流,计算机学院,刘艾杉,副研究员,副研究员,,,https://scse.buaa.edu.cn/szdw/qtjs/fjs.htm
F00732,北京航空航天大学,北京,985/211/双一流,计算机学院,蒋竞,副研究员,副研究员,,,https://scse.buaa.edu.cn/szdw/qtjs/fjs.htm
F00733,北京航空航天大学,北京,985/211/双一流,计算机学院,冯逸骏,助理研究员,助理研究员,,,https://scse.buaa.edu.cn/szdw/qtjs/js1.htm
F00734,北京航空航天大学,北京,985/211/双一流,计算机学院,吴健,助理研究员,助理研究员,,,https://scse.buaa.edu.cn/szdw/qtjs/js1.htm
F00735,北京航空航天大学,北京,985/211/双一流,计算机学院,潘祎诚,助理研究员,助理研究员,,,https://scse.buaa.edu.cn/szdw/qtjs/js1.htm
F00736,北京航空航天大学,北京,985/211/双一流,计算机学院,禹鹏,助理研究员,助理研究员,,,https://scse.buaa.edu.cn/szdw/qtjs/js1.htm
F00737,北京航空航天大学,北京,985/211/双一流,计算机学院,连小利,助理研究员,助理研究员,,,https://scse.buaa.edu.cn/szdw/qtjs/js1.htm
F00738,北京航空航天大学,北京,985/211/双一流,计算机学院,陈玮,助理研究员,助理研究员,,,https://scse.buaa.edu.cn/szdw/qtjs/js1.htm
F00739,北京航空航天大学,北京,985/211/双一流,计算机学院,上一篇,教授,教授,,,https://scse.buaa.edu.cn/info/1078/8422.htm
F00740,北京航空航天大学,北京,985/211/双一流,计算机学院,全体教师,教授,教授,,,https://scse.buaa.edu.cn/szdw/qtjs.htm
F00741,北京航空航天大学,北京,985/211/双一流,计算机学院,冷彪,教授,教授,,,https://scse.buaa.edu.cn/szdw/qtjs.htm
F00742,北京航空航天大学,北京,985/211/双一流,计算机学院,刘庆杰,教授,教授,,,https://scse.buaa.edu.cn/szdw/qtjs.htm
F00743,北京航空航天大学,北京,985/211/双一流,计算机学院,刘旭东,教授,教授,,,https://scse.buaa.edu.cn/szdw/qtjs.htm
F00744,北京航空航天大学,北京,985/211/双一流,计算机学院,刘瑞,教授,教授,,,https://scse.buaa.edu.cn/szdw/qtjs.htm
F00745,北京航空航天大学,北京,985/211/双一流,计算机学院,刘磊,教授,教授,,,https://scse.buaa.edu.cn/szdw/qtjs.htm
F00746,北京航空航天大学,北京,985/211/双一流,计算机学院,刘祥龙,教授,教授,,,https://scse.buaa.edu.cn/szdw/qtjs.htm
F00747,北京航空航天大学,北京,985/211/双一流,计算机学院,刘轶,教授,教授,,,https://scse.buaa.edu.cn/szdw/qtjs.htm
F00748,北京航空航天大学,北京,985/211/双一流,计算机学院,吕卫锋,教授,教授,,,https://scse.buaa.edu.cn/szdw/qtjs.htm
F00749,北京航空航天大学,北京,985/211/双一流,计算机学院,吴威,教授,教授,,,https://scse.buaa.edu.cn/szdw/qtjs.htm
F00750,北京航空航天大学,北京,985/211/双一流,计算机学院,周忠,教授,教授,,0000-0002-5825-7517,https://scse.buaa.edu.cn/szdw/qtjs.htm
F00751,北京航空航天大学,北京,985/211/双一流,计算机学院,唐文忠,教授,教授,,,https://scse.buaa.edu.cn/szdw/qtjs.htm
F00752,北京航空航天大学,北京,985/211/双一流,计算机学院,夏春和,教授,教授,,,https://scse.buaa.edu.cn/szdw/qtjs.htm
F00753,北京航空航天大学,北京,985/211/双一流,计算机学院,姜博,教授,教授,,,https://scse.buaa.edu.cn/szdw/qtjs.htm
F00754,北京航空航天大学,北京,985/211/双一流,计算机学院,姜宏旭,教授,教授,,,https://scse.buaa.edu.cn/szdw/qtjs.htm
F00755,北京航空航天大学,北京,985/211/双一流,计算机学院,岳涛,教授,教授,,,https://scse.buaa.edu.cn/szdw/qtjs.htm
F00756,北京航空航天大学,北京,985/211/双一流,计算机学院,座机,教授,教授,,,https://scse.buaa.edu.cn/info/1078/8422.htm
F00757,北京航空航天大学,北京,985/211/双一流,计算机学院,张力军,教授,教授,,,https://scse.buaa.edu.cn/szdw/qtjs.htm
F00758,北京航空航天大学,北京,985/211/双一流,计算机学院,张日崇,教授,教授,,,https://scse.buaa.edu.cn/szdw/qtjs.htm
F00759,北京航空航天大学,北京,985/211/双一流,计算机学院,张永飞,教授,教授,,,https://scse.buaa.edu.cn/szdw/qtjs.htm
F00760,北京航空航天大学,北京,985/211/双一流,计算机学院,张玉平,教授,教授,,,https://scse.buaa.edu.cn/szdw/qtjs.htm
F00761,北京航空航天大学,北京,985/211/双一流,计算机学院,张莉,教授,教授,,,https://scse.buaa.edu.cn/szdw/qtjs.htm
F00762,北京航空航天大学,北京,985/211/双一流,计算机学院,张辉,教授,教授,,,https://scse.buaa.edu.cn/szdw/qtjs.htm
F00763,北京航空航天大学,北京,985/211/双一流,计算机学院,时磊,教授,教授,,,https://scse.buaa.edu.cn/szdw/qtjs.htm
F00764,北京航空航天大学,北京,985/211/双一流,计算机学院,曹庆华,教授,教授,,,https://scse.buaa.edu.cn/szdw/qtjs.htm
F00765,北京航空航天大学,北京,985/211/双一流,计算机学院,朱皞罡,教授,教授,,,https://scse.buaa.edu.cn/szdw/qtjs.htm
F00766,北京航空航天大学,北京,985/211/双一流,计算机学院,李云春,教授,教授,,,https://scse.buaa.edu.cn/szdw/qtjs.htm
F00767,北京航空航天大学,北京,985/211/双一流,计算机学院,李博,教授,教授,,,https://scse.buaa.edu.cn/szdw/qtjs.htm
F00768,北京航空航天大学,北京,985/211/双一流,计算机学院,李帅,教授,教授,,,https://scse.buaa.edu.cn/szdw/qtjs.htm
F00769,北京航空航天大学,北京,985/211/双一流,计算机学院,李建欣,教授,教授,,,https://scse.buaa.edu.cn/szdw/qtjs.htm
F00770,北京航空航天大学,北京,985/211/双一流,计算机学院,李昂生,教授,教授,,,https://scse.buaa.edu.cn/szdw/qtjs.htm
F00771,北京航空航天大学,北京,985/211/双一流,计算机学院,李未,教授,教授,,,https://scse.buaa.edu.cn/info/1078/8422.htm
F00772,北京航空航天大学,北京,985/211/双一流,计算机学院,李波,教授,教授,,,https://scse.buaa.edu.cn/szdw/qtjs.htm
F00773,北京航空航天大学,北京,985/211/双一流,计算机学院,李甲,教授,教授,,,https://scse.buaa.edu.cn/szdw/qtjs.htm
F00774,北京航空航天大学,北京,985/211/双一流,计算机学院,李舟军,教授,教授,,,https://scse.buaa.edu.cn/szdw/qtjs.htm
F00775,北京航空航天大学,北京,985/211/双一流,计算机学院,杜博文,教授,教授,,,https://scse.buaa.edu.cn/szdw/qtjs.htm
F00776,北京航空航天大学,北京,985/211/双一流,计算机学院,杨建磊,教授,教授,,,https://scse.buaa.edu.cn/szdw/qtjs.htm
F00777,北京航空航天大学,北京,985/211/双一流,计算机学院,杨海龙,教授,教授,,,https://scse.buaa.edu.cn/szdw/qtjs.htm
F00778,北京航空航天大学,北京,985/211/双一流,计算机学院,杨钦,教授,教授,,,https://scse.buaa.edu.cn/szdw/qtjs.htm
F00779,北京航空航天大学,北京,985/211/双一流,计算机学院,梁晓辉,教授,教授,,,https://scse.buaa.edu.cn/szdw/qtjs.htm
F00780,北京航空航天大学,北京,985/211/双一流,计算机学院,欧阳元新,教授,教授,,,https://scse.buaa.edu.cn/szdw/qtjs.htm
F00781,北京航空航天大学,北京,985/211/双一流,计算机学院,汪淼,教授,教授,,0000-0002-4102-8582,https://scse.buaa.edu.cn/szdw/qtjs.htm
F00782,北京航空航天大学,北京,985/211/双一流,计算机学院,沈旭昆,教授,教授,,,https://scse.buaa.edu.cn/szdw/qtjs.htm
F00783,北京航空航天大学,北京,985/211/双一流,计算机学院,潘俊君,教授,教授,,0000-0002-0839-8573,https://scse.buaa.edu.cn/szdw/qtjs.htm
F00784,北京航空航天大学,北京,985/211/双一流,计算机学院,熊璋,教授,教授,,,https://scse.buaa.edu.cn/szdw/qtjs.htm
F00785,北京航空航天大学,北京,985/211/双一流,计算机学院,版权所有,教授,教授,,,https://scse.buaa.edu.cn/info/1078/2627.htm
F00786,北京航空航天大学,北京,985/211/双一流,计算机学院,牛建伟,教授,教授,,,https://scse.buaa.edu.cn/szdw/qtjs.htm
F00787,北京航空航天大学,北京,985/211/双一流,计算机学院,王德庆,教授,教授,,,https://scse.buaa.edu.cn/szdw/qtjs.htm
F00788,北京航空航天大学,北京,985/211/双一流,计算机学院,王睿杰,教授,教授,,,https://scse.buaa.edu.cn/szdw/qtjs.htm
F00789,北京航空航天大学,北京,985/211/双一流,计算机学院,王莉莉,教授,教授,,,https://scse.buaa.edu.cn/szdw/qtjs.htm
F00790,北京航空航天大学,北京,985/211/双一流,计算机学院,王蕴红,教授,教授,,,https://scse.buaa.edu.cn/szdw/qtjs.htm
F00791,北京航空航天大学,北京,985/211/双一流,计算机学院,王雷,教授,教授,,,https://scse.buaa.edu.cn/szdw/qtjs.htm
F00792,北京航空航天大学,北京,985/211/双一流,计算机学院,王静远,教授,教授,,,https://scse.buaa.edu.cn/szdw/qtjs.htm
F00793,北京航空航天大学,北京,985/211/双一流,计算机学院,班义琨,教授,教授,,,https://scse.buaa.edu.cn/szdw/qtjs.htm
F00794,北京航空航天大学,北京,985/211/双一流,计算机学院,白跃彬,教授,教授,,,https://scse.buaa.edu.cn/szdw/qtjs.htm
F00795,北京航空航天大学,北京,985/211/双一流,计算机学院,百晓,教授,教授,,,https://scse.buaa.edu.cn/szdw/qtjs.htm
F00796,北京航空航天大学,北京,985/211/双一流,计算机学院,盛浩,教授,教授,,0000-0002-2811-8962,https://scse.buaa.edu.cn/szdw/qtjs.htm
F00797,北京航空航天大学,北京,985/211/双一流,计算机学院,童咏昕,教授,教授,,,https://scse.buaa.edu.cn/szdw/qtjs.htm
F00798,北京航空航天大学,北京,985/211/双一流,计算机学院,罗洪斌,教授,教授,,,https://scse.buaa.edu.cn/szdw/qtjs.htm
F00799,北京航空航天大学,北京,985/211/双一流,计算机学院,翁敬农,教授,教授,,,https://scse.buaa.edu.cn/szdw/qtjs.htm
F00800,北京航空航天大学,北京,985/211/双一流,计算机学院,肖利民,教授,教授,,,https://scse.buaa.edu.cn/szdw/qtjs.htm
F00801,北京航空航天大学,北京,985/211/双一流,计算机学院,胡凯,教授,教授,,,https://scse.buaa.edu.cn/szdw/qtjs.htm
F00802,北京航空航天大学,北京,985/211/双一流,计算机学院,胡海苗,教授,教授,,,https://scse.buaa.edu.cn/szdw/qtjs.htm
F00803,北京航空航天大学,北京,985/211/双一流,计算机学院,艾明晶,教授,教授,,,https://scse.buaa.edu.cn/szdw/qtjs.htm
F00804,北京航空航天大学,北京,985/211/双一流,计算机学院,荣文戈,教授,教授,,,https://scse.buaa.edu.cn/szdw/qtjs.htm
F00805,北京航空航天大学,北京,985/211/双一流,计算机学院,蒲菊华,教授,教授,,,https://scse.buaa.edu.cn/szdw/qtjs.htm
F00806,北京航空航天大学,北京,985/211/双一流,计算机学院,袁源,教授,教授,,,https://scse.buaa.edu.cn/szdw/qtjs.htm
F00807,北京航空航天大学,北京,985/211/双一流,计算机学院,许可,教授,教授,,,https://scse.buaa.edu.cn/szdw/qtjs.htm
F00808,北京航空航天大学,北京,985/211/双一流,计算机学院,许润华,教授,教授,,,https://scse.buaa.edu.cn/szdw/qtjs.htm
F00809,北京航空航天大学,北京,985/211/双一流,计算机学院,通讯地址,教授,教授,,,https://scse.buaa.edu.cn/info/1078/2627.htm
F00810,北京航空航天大学,北京,985/211/双一流,计算机学院,邓锦亮,教授,教授,,,https://scse.buaa.edu.cn/szdw/qtjs.htm
F00811,北京航空航天大学,北京,985/211/双一流,计算机学院,郎波,教授,教授,,,https://scse.buaa.edu.cn/szdw/qtjs.htm
F00812,北京航空航天大学,北京,985/211/双一流,计算机学院,郑志明,教授,教授,,,https://scse.buaa.edu.cn/szdw/qtjs.htm
F00813,北京航空航天大学,北京,985/211/双一流,计算机学院,郝爱民,教授,教授,,,https://scse.buaa.edu.cn/szdw/qtjs.htm
F00814,北京航空航天大学,北京,985/211/双一流,计算机学院,采购管理,教授,教授,,,https://scse.buaa.edu.cn/szdw/qtjs.htm
F00815,北京航空航天大学,北京,985/211/双一流,计算机学院,钱德沛,教授,教授,,,https://scse.buaa.edu.cn/szdw/qtjs.htm
F00816,北京航空航天大学,北京,985/211/双一流,计算机学院,陆峰,教授,教授,,,https://scse.buaa.edu.cn/szdw/qtjs.htm
F00817,北京航空航天大学,北京,985/211/双一流,计算机学院,韩军,教授,教授,,,https://scse.buaa.edu.cn/szdw/qtjs.htm
F00818,北京航空航天大学,北京,985/211/双一流,计算机学院,马帅,教授,教授,,,https://scse.buaa.edu.cn/szdw/qtjs.htm
F00819,北京航空航天大学,北京,985/211/双一流,计算机学院,马新柱,教授,教授,,,https://scse.buaa.edu.cn/szdw/qtjs.htm
F00820,北京航空航天大学,北京,985/211/双一流,计算机学院,马殿富,教授,教授,,,https://scse.buaa.edu.cn/szdw/qtjs.htm
F00821,北京航空航天大学,北京,985/211/双一流,计算机学院,高小鹏,教授,教授,,,https://scse.buaa.edu.cn/szdw/qtjs.htm
F00822,北京航空航天大学,北京,985/211/双一流,计算机学院,高阳,教授,教授,,,https://scse.buaa.edu.cn/szdw/qtjs.htm
F00823,北京航空航天大学,北京,985/211/双一流,计算机学院,黄斐然,教授,教授,,,https://scse.buaa.edu.cn/szdw/qtjs.htm
F00824,北京航空航天大学,北京,985/211/双一流,计算机学院,黄迪,教授,教授,,,https://scse.buaa.edu.cn/szdw/qtjs.htm
F00825,北京航空航天大学,北京,985/211/双一流,计算机学院,齐越,教授,教授,,0009-0001-5275-669X,https://scse.buaa.edu.cn/szdw/qtjs.htm
F00826,北京航空航天大学,北京,985/211/双一流,计算机学院,他旭翔,讲师,讲师,,,https://scse.buaa.edu.cn/szdw/qtjs/js1.htm
F00827,北京航空航天大学,北京,985/211/双一流,计算机学院,任健,讲师,讲师,,0000-0001-7924-9586,https://scse.buaa.edu.cn/szdw/qtjs/js1.htm
F00828,北京航空航天大学,北京,985/211/双一流,计算机学院,刘芳,讲师,讲师,,,https://scse.buaa.edu.cn/szdw/qtjs/js1.htm
F00829,北京航空航天大学,北京,985/211/双一流,计算机学院,吴洪宇,讲师,讲师,,,https://scse.buaa.edu.cn/szdw/qtjs/js1.htm
F00830,北京航空航天大学,北京,985/211/双一流,计算机学院,孙自安,讲师,讲师,,,https://scse.buaa.edu.cn/szdw/qtjs/js1.htm
F00831,北京航空航天大学,北京,985/211/双一流,计算机学院,孟宪海,讲师,讲师,,,https://scse.buaa.edu.cn/szdw/qtjs/js1.htm
F00832,北京航空航天大学,北京,985/211/双一流,计算机学院,崔家浩,讲师,讲师,,,https://scse.buaa.edu.cn/szdw/qtjs/js1.htm
F00833,北京航空航天大学,北京,985/211/双一流,计算机学院,李吉刚,讲师,讲师,,,https://scse.buaa.edu.cn/szdw/qtjs/js1.htm
F00834,北京航空航天大学,北京,985/211/双一流,计算机学院,杨海燕,讲师,讲师,,,https://scse.buaa.edu.cn/szdw/qtjs/js1.htm
F00835,北京航空航天大学,北京,985/211/双一流,计算机学院,赵启阳,讲师,讲师,,,https://scse.buaa.edu.cn/szdw/qtjs/js1.htm
F00836,北京航空航天大学,北京,985/211/双一流,计算机学院,韩旭,讲师,讲师,,,https://scse.buaa.edu.cn/szdw/qtjs/js1.htm
F00837,华东师范大学,上海,985/211/双一流,计算机科学与技术学院,金健,副教授,副教授,,0000-0002-2109-4961,https://cs.ecnu.edu.cn/jzgml/list.htm
F00838,华东师范大学,上海,985/211/双一流,计算机科学与技术学院,李铁英,副研究员,副研究员,,,https://cs.ecnu.edu.cn/jzgml/list.htm
F00839,华东师范大学,上海,985/211/双一流,计算机科学与技术学院,王晓玲,教授,教授,信息检索、数据挖掘、大数据智能分析及在医疗和金融领域的应用,,https://faculty.ecnu.edu.cn/_s16/wxl2/main.psp
F00840,华东师范大学,上海,985/211/双一流,计算机科学与技术学院,职务,教授,教授,,,https://cs.ecnu.edu.cn/jzgml/list.htm
F00841,华东师范大学,上海,985/211/双一流,计算机科学与技术学院,马利庄,特聘教授,教授,计算机图形图像，可视媒体智能处理，人工智能，虚拟现实技术等,,https://faculty.ecnu.edu.cn/_s16/mlz2/main.psp
F00842,华东理工大学,上海,211/双一流,信息科学与工程学院,钱锋,教授,教授,,,https://cise.ecust.edu.cn/7685/list.htm
F00843,华中师范大学,武汉,211/双一流,计算机学院,刘会,,其他,跨媒体信息处理等 刘会,,https://cs.ccnu.edu.cn/szdw/zrjs.htm
F00844,华中师范大学,武汉,211/双一流,计算机学院,张伟,,其他,无线传感网络等 张伟,,https://cs.ccnu.edu.cn/szdw/zrjs.htm
F00845,华中师范大学,武汉,211/双一流,计算机学院,彭熙,,其他,医学图像处理等 彭熙,0009-0001-1039-8425,https://cs.ccnu.edu.cn/szdw/zrjs.htm
F00846,华中师范大学,武汉,211/双一流,计算机学院,朱瑄,,其他,视频信号处理等 朱瑄,,https://cs.ccnu.edu.cn/szdw/zrjs.htm
F00847,华中师范大学,武汉,211/双一流,计算机学院,李增扬,,其他,中文信息处理 李增扬,,https://cs.ccnu.edu.cn/szdw/zrjs.htm
F00848,华中师范大学,武汉,211/双一流,计算机学院,杨秀隆,,其他,生物信息学等 杨秀隆,,https://cs.ccnu.edu.cn/szdw/zrjs.htm
F00849,华中师范大学,武汉,211/双一流,计算机学院,王成济,,其他,信息检索等 王成济,,https://cs.ccnu.edu.cn/szdw/zrjs.htm
F00850,华中师范大学,武汉,211/双一流,计算机学院,王敏,,其他,计算机视觉等 王敏,,https://cs.ccnu.edu.cn/szdw/zrjs.htm
F00851,华中师范大学,武汉,211/双一流,计算机学院,王明安,,其他,车联网、强化学习等 王明安,,https://cs.ccnu.edu.cn/szdw/zrjs.htm
F00852,华中师范大学,武汉,211/双一流,计算机学院,程池,,其他,无线网络等 程池,0000-0001-5603-0610,https://cs.ccnu.edu.cn/szdw/zrjs.htm
F00853,华中师范大学,武汉,211/双一流,计算机学院,裴羽尘,,其他,软件架构等 裴羽尘,,https://cs.ccnu.edu.cn/szdw/zrjs.htm
F00854,华中师范大学,武汉,211/双一流,计算机学院,赵甫哲,,其他,机器视觉等 赵甫哲,,https://cs.ccnu.edu.cn/szdw/zrjs.htm
F00855,华中师范大学,武汉,211/双一流,计算机学院,刘华咏,副教授,副教授,沉浸式AI，媒体云，元宇宙 刘华咏,,https://cs.ccnu.edu.cn/szdw/fjs.htm
F00856,华中师范大学,武汉,211/双一流,计算机学院,刘铂熙,副教授,副教授,智能化软件工程 等 刘铂熙,,https://cs.ccnu.edu.cn/szdw/fjs.htm
F00857,华中师范大学,武汉,211/双一流,计算机学院,喻莹,副教授,副教授,机器学习 喻莹,0000-0003-4680-0372,https://cs.ccnu.edu.cn/szdw/fjs.htm
F00858,华中师范大学,武汉,211/双一流,计算机学院,姚华雄,副教授,副教授,人工智能等 姚华雄,,https://cs.ccnu.edu.cn/szdw/fjs.htm
F00859,华中师范大学,武汉,211/双一流,计算机学院,孙昊,副教授,副教授,移动安全等 孙昊,,https://cs.ccnu.edu.cn/szdw/fjs.htm
F00860,华中师范大学,武汉,211/双一流,计算机学院,宋文纳,副教授,副教授,软件架构等 宋文纳,,https://cs.ccnu.edu.cn/szdw/fjs.htm
F00861,华中师范大学,武汉,211/双一流,计算机学院,张清国,副教授,副教授,智能化软件工程等 张清国,,https://cs.ccnu.edu.cn/szdw/fjs.htm
F00862,华中师范大学,武汉,211/双一流,计算机学院,张猛,副教授,副教授,模式识别等 张猛,,https://cs.ccnu.edu.cn/szdw/fjs.htm
F00863,华中师范大学,武汉,211/双一流,计算机学院,张能,副教授,副教授,机器学习等 张能,,https://cs.ccnu.edu.cn/szdw/fjs.htm
F00864,华中师范大学,武汉,211/双一流,计算机学院,方钊玉,副教授,副教授,AI安全、多媒体安全 方钊玉,,https://cs.ccnu.edu.cn/szdw/fjs.htm
F00865,华中师范大学,武汉,211/双一流,计算机学院,李源,副教授,副教授,智能优化等 李源,,https://cs.ccnu.edu.cn/szdw/fjs.htm
F00866,华中师范大学,武汉,211/双一流,计算机学院,杨海彤,副教授,副教授,自然语言处理等 杨海彤,,https://cs.ccnu.edu.cn/szdw/fjs.htm
F00867,华中师范大学,武汉,211/双一流,计算机学院,涂新辉,副教授,副教授,计算机视觉、深度学习等 涂新辉,,https://cs.ccnu.edu.cn/szdw/fjs.htm
F00868,华中师范大学,武汉,211/双一流,计算机学院,罗昌银,副教授,副教授,跨媒体信息处理等 罗昌银,,https://cs.ccnu.edu.cn/szdw/fjs.htm
F00869,华中师范大学,武汉,211/双一流,计算机学院,翟黎明,副教授,副教授,无线网络等 翟黎明,,https://cs.ccnu.edu.cn/szdw/fjs.htm
F00870,华中师范大学,武汉,211/双一流,计算机学院,莫然,副教授,副教授,深度学习等 莫然,0000-0001-7556-153X,https://cs.ccnu.edu.cn/szdw/fjs.htm
F00871,华中师范大学,武汉,211/双一流,计算机学院,葛非,副教授,副教授,AI4Science，人工智能与生物信息学，组学大模型 葛非,,https://cs.ccnu.edu.cn/szdw/fjs.htm
F00872,华中师范大学,武汉,211/双一流,计算机学院,谢志文,副教授,副教授,计算机视觉等 谢志文,,https://cs.ccnu.edu.cn/szdw/fjs.htm
F00873,华中师范大学,武汉,211/双一流,计算机学院,赵卫中,副教授,副教授,无线传感网络等 赵卫中,,https://cs.ccnu.edu.cn/szdw/fjs.htm
F00874,华中师范大学,武汉,211/双一流,计算机学院,赵尔敦,副教授,副教授,无线传感网络等 赵尔敦,,https://cs.ccnu.edu.cn/szdw/fjs.htm
F00875,华中师范大学,武汉,211/双一流,计算机学院,赵洲,副教授,副教授,机器学习等 赵洲,,https://cs.ccnu.edu.cn/szdw/fjs.htm
F00876,华中师范大学,武汉,211/双一流,计算机学院,郭京蕾,副教授,副教授,容错网络等 郭京蕾,,https://cs.ccnu.edu.cn/szdw/fjs.htm
F00877,华中师范大学,武汉,211/双一流,计算机学院,钟睿,副教授,副教授,具身智能机器人 钟睿,,https://cs.ccnu.edu.cn/szdw/fjs.htm
F00878,华中师范大学,武汉,211/双一流,计算机学院,陈冠毅,副教授,副教授,无线网络等 陈冠毅,,https://cs.ccnu.edu.cn/szdw/fjs.htm
F00879,华中师范大学,武汉,211/双一流,计算机学院,陈嘉耕,副教授,副教授,自然语言处理 陈嘉耕,,https://cs.ccnu.edu.cn/szdw/fjs.htm
F00880,华中师范大学,武汉,211/双一流,计算机学院,陈怡,副教授,副教授,密码协议等 陈怡,,https://cs.ccnu.edu.cn/szdw/fjs.htm
F00881,华中师范大学,武汉,211/双一流,计算机学院,马长林,副教授,副教授,数据挖掘等 马长林,,https://cs.ccnu.edu.cn/szdw/fjs.htm
F00882,华中师范大学,武汉,211/双一流,计算机学院,何婷婷,教授,教授,软件服务工程 何婷婷,,https://cs.ccnu.edu.cn/szdw/js.htm
F00883,华中师范大学,武汉,211/双一流,计算机学院,刘明,教授,教授,人工智能系统、大数据处理与分析、图学习、联邦学习等,,https://cs.ccnu.edu.cn/szdw/js.htm
F00884,华中师范大学,武汉,211/双一流,计算机学院,崔建群,教授,教授,抗量子密码与芯片安全 崔建群,,https://cs.ccnu.edu.cn/szdw/js.htm
F00885,华中师范大学,武汉,211/双一流,计算机学院,张勇,教授,教授,生物信息学等 张勇,,https://cs.ccnu.edu.cn/szdw/js.htm
F00886,华中师范大学,武汉,211/双一流,计算机学院,张茂元,教授,教授,计算机视觉、深度学习等 张茂元,,https://cs.ccnu.edu.cn/szdw/js.htm
F00887,华中师范大学,武汉,211/双一流,计算机学院,杨进才,教授,教授,秘密共享、网络安全协议设计 杨进才,,https://cs.ccnu.edu.cn/szdw/js.htm
F00888,华中师范大学,武汉,211/双一流,计算机学院,江佳伟,教授,教授,人工智能等 江佳伟,,https://cs.ccnu.edu.cn/szdw/js.htm
F00889,华中师范大学,武汉,211/双一流,计算机学院,胡伦,教授,教授,智能网络等 胡伦,,https://cs.ccnu.edu.cn/szdw/js.htm
F00890,华中师范大学,武汉,211/双一流,计算机学院,胡珀,教授,教授,人工智能、图机器学习、生物信息 胡珀,0000-0002-7968-2838,https://cs.ccnu.edu.cn/szdw/js.htm
F00891,华中师范大学,武汉,211/双一流,计算机学院,蒋兴鹏,教授,教授,自然语言处理等 蒋兴鹏,,https://cs.ccnu.edu.cn/szdw/js.htm
F00892,华中师范大学,武汉,211/双一流,计算机学院,许静芳,教授,教授,数据挖掘等 许静芳,,https://cs.ccnu.edu.cn/szdw/js.htm
F00893,华中师范大学,武汉,211/双一流,计算机学院,谢伟,教授,教授,自然语言处理等 谢伟,,https://cs.ccnu.edu.cn/szdw/js.htm
F00894,华中师范大学,武汉,211/双一流,计算机学院,马于涛,教授,教授,智能感知与信息处理等 马于涛,,https://cs.ccnu.edu.cn/szdw/js.htm
F00895,华中师范大学,武汉,211/双一流,计算机学院,刘巍,讲师,讲师,医学图像处理等 刘巍,,https://cs.ccnu.edu.cn/szdw/js1.htm
F00896,华中师范大学,武汉,211/双一流,计算机学院,姚世雄,讲师,讲师,大数据分析等 姚世雄,,https://cs.ccnu.edu.cn/szdw/js1.htm
F00897,华中师范大学,武汉,211/双一流,计算机学院,张连发,讲师,讲师,无线网络等 张连发,,https://cs.ccnu.edu.cn/szdw/js1.htm
F00898,华中师范大学,武汉,211/双一流,计算机学院,思政教师,讲师,讲师,,,https://cs.ccnu.edu.cn/szdw/zrjs.htm
F00899,华中师范大学,武汉,211/双一流,计算机学院,李沛,讲师,讲师,,,https://cs.ccnu.edu.cn/szdw/zrjs.htm
F00900,华中师范大学,武汉,211/双一流,计算机学院,李蓉,讲师,讲师,跨域推荐系统、大模型增强的推荐等 李蓉,,https://cs.ccnu.edu.cn/szdw/js1.htm
F00901,华中师范大学,武汉,211/双一流,计算机学院,杨艳,讲师,讲师,区块链等 杨艳,,https://cs.ccnu.edu.cn/szdw/js1.htm
F00902,华中师范大学,武汉,211/双一流,计算机学院,梁如霞,讲师,讲师,人工智能安全等 梁如霞,,https://cs.ccnu.edu.cn/szdw/js1.htm
F00903,华中师范大学,武汉,211/双一流,计算机学院,王赛,讲师,讲师,图像生成、能量模型等 王赛,,https://cs.ccnu.edu.cn/szdw/js1.htm
F00904,华中师范大学,武汉,211/双一流,计算机学院,胡胜男,讲师,讲师,并行计算等 胡胜男,,https://cs.ccnu.edu.cn/szdw/js1.htm
F00905,华中师范大学,武汉,211/双一流,计算机学院,蔡霞,讲师,讲师,,,https://cs.ccnu.edu.cn/szdw/js1.htm
F00906,华中师范大学,武汉,211/双一流,计算机学院,赵玉琦,讲师,讲师,语音处理等 赵玉琦,,https://cs.ccnu.edu.cn/szdw/js1.htm
F00907,华中师范大学,武汉,211/双一流,计算机学院,赵素芬,讲师,讲师,软件工程、服务计算等 赵素芬,,https://cs.ccnu.edu.cn/szdw/js1.htm
F00908,华中师范大学,武汉,211/双一流,计算机学院,阮芸星,讲师,讲师,车联网、强化学习等 阮芸星,,https://cs.ccnu.edu.cn/szdw/js1.htm
F00909,华中师范大学,武汉,211/双一流,计算机学院,陈亚虹,讲师,讲师,计算机视觉、机器学习等 陈亚虹,,https://cs.ccnu.edu.cn/szdw/js1.htm
F00910,华中师范大学,武汉,211/双一流,计算机学院,陈曙,讲师,讲师,隐私计算、人工智能安全等 陈曙,,https://cs.ccnu.edu.cn/szdw/js1.htm
F00911,华南师范大学,广州,211/双一流,计算机学院,专职教师,教授,教授,,,http://cs.scnu.edu.cn/shiziduiwu/shizigaishu/
F00912,南京大学,南京,985/211/双一流,计算机学院,中文介绍,准聘副教授,副教授,,,http://yuhangsong.github.io/files/Atol_Lab.pdf
F00913,南京大学,南京,985/211/双一流,计算机学院,刘达欣,准聘副教授,副教授,,,https://dxliunju.github.io/
F00914,南京大学,南京,985/211/双一流,计算机学院,叶翰嘉,准聘副教授,副教授,,0000-0003-1173-1880,https://ai.nju.edu.cn/_redirect?siteId=391&columnId=18540&articleId=429391
F00915,南京大学,南京,985/211/双一流,计算机学院,宋宇航,准聘副教授,副教授,,,https://atollab.com
F00916,南京大学,南京,985/211/双一流,计算机学院,张杰,副教授,副教授,,,https://ai.nju.edu.cn/zhangjie/
F00917,南京大学,南京,985/211/双一流,计算机学院,海南岛,准聘副教授,副教授,,,https://en.wikipedia.org/wiki/Hainan
F00918,南京大学,南京,985/211/双一流,计算机学院,王天佐,准聘副教授,副教授,,,http://www.lamda.nju.edu.cn/wangtz/file/picture_v2.jpg
F00919,南京大学,南京,985/211/双一流,计算机学院,赖辉源,准聘副教授,副教授,,,https://laihuiyuan.github.io
F00920,南京大学,南京,985/211/双一流,计算机学院,赵鹏,准聘副教授,副教授,,,https://www.pengzhao-ml.com/
F00921,南京大学,南京,985/211/双一流,计算机学院,年和,副研究员,副研究员,,,https://ai.nju.edu.cn/71/c9/c18540a422345/page.htm
F00922,南京大学,南京,985/211/双一流,计算机学院,吴震,准聘助理教授,助理教授,,,https://wuzhen247.github.io/
F00923,南京大学,南京,985/211/双一流,计算机学院,罗元凯,准聘助理教授,助理教授,,,https://luoyk1999.github.io/
F00924,南京大学,南京,985/211/双一流,计算机学院,葛存菁,准聘助理教授,助理教授,,,https://bearben.github.io/
F00925,南京大学,南京,985/211/双一流,计算机学院,赵敏,准聘助理教授,助理教授,,,https://gracezhao1997.github.io/
F00926,南京大学,南京,985/211/双一流,计算机学院,俞扬,教授,教授,,,https://ai.nju.edu.cn/_redirect?siteId=391&columnId=18540&articleId=321887
F00927,南京大学,南京,985/211/双一流,计算机学院,卓汉逵,教授,教授,,,https://ai.nju.edu.cn/hankz/
F00928,南京大学,南京,985/211/双一流,计算机学院,吴建鑫,教授,教授,,,https://ai.nju.edu.cn/_redirect?siteId=391&columnId=18540&articleId=322023
F00929,南京大学,南京,985/211/双一流,计算机学院,姜远,教授,教授,,,https://ai.nju.edu.cn/_redirect?siteId=391&columnId=18540&articleId=322016
F00930,南京大学,南京,985/211/双一流,计算机学院,张利军,教授,教授,,,https://ai.nju.edu.cn/zlj/
F00931,南京大学,南京,985/211/双一流,计算机学院,张建兵,教授,教授,,,https://ai.nju.edu.cn/_redirect?siteId=391&columnId=18540&articleId=322107
F00932,南京大学,南京,985/211/双一流,计算机学院,戴新宇,教授,教授,,,https://ai.nju.edu.cn/_redirect?siteId=391&columnId=18540&articleId=321836
F00933,南京大学,南京,985/211/双一流,计算机学院,文档,教授,教授,,,https://ai.nju.edu.cn/For_Students.html
F00934,南京大学,南京,985/211/双一流,计算机学院,李培佳,教授,教授,,,https://ai.nju.edu.cn/rinc/student/lipeijia/index1.html
F00935,南京大学,南京,985/211/双一流,计算机学院,李宇峰,教授,教授,,,https://cs.nju.edu.cn/liyf/
F00936,南京大学,南京,985/211/双一流,计算机学院,武港山,教授,教授,,,https://ai.nju.edu.cn/_redirect?siteId=391&columnId=18540&articleId=322020
F00937,南京大学,南京,985/211/双一流,计算机学院,王魏,教授,教授,,,https://cs.nju.edu.cn/wangwei/
F00938,南京大学,南京,985/211/双一流,计算机学院,申富饶,教授,教授,数据分析 神经网络 机器人智能 成员 论文 著书,,https://ai.nju.edu.cn/_redirect?siteId=391&columnId=18540&articleId=321886
F00939,南京大学,南京,985/211/双一流,计算机学院,章宗长,教授,教授,,,https://ai.nju.edu.cn/_redirect?siteId=391&columnId=18540&articleId=421918
F00940,南京大学,南京,985/211/双一流,计算机学院,詹德川,教授,教授,,0000-0002-3533-2078,https://ai.nju.edu.cn/_redirect?siteId=391&columnId=18540&articleId=322030
F00941,南京大学,南京,985/211/双一流,计算机学院,赵一铮,教授,教授,,,https://ai.nju.edu.cn/_redirect?siteId=391&columnId=18540&articleId=321888
F00942,南京大学,南京,985/211/双一流,计算机学院,这里,教授,教授,,,https://ai.nju.edu.cn/teaching_PR.html
F00943,南京大学,南京,985/211/双一流,计算机学院,郭苏涵,教授,教授,,,https://ai.nju.edu.cn/rinc/student/guosuhan/Personal_Portfolio/portforlio.html
F00944,南京大学,南京,985/211/双一流,计算机学院,钱超,教授,教授,人工智能、演化计算、机器学习,,https://ai.nju.edu.cn/71/c9/c18540a422345/page.htm
F00945,南京大学,南京,985/211/双一流,计算机学院,高尉,教授,教授,,,https://ai.nju.edu.cn/_redirect?siteId=391&columnId=18540&articleId=321837
F00946,南京大学,南京,985/211/双一流,计算机学院,黎铭,教授,教授,,,https://ai.nju.edu.cn/_redirect?siteId=391&columnId=18540&articleId=321868
F00947,南京航空航天大学,南京,211/双一流,计算机科学与技术学院/软件学院,燕雪峰,副教授,副教授,,,http://faculty.nuaa.edu.cn/yxf/zh_CN/index.htm
F00948,南京航空航天大学,南京,211/双一流,计算机科学与技术学院/软件学院,章建军,副教授,副教授,,,http://faculty.nuaa.edu.cn/ZhangJianjun/zh_CN/index.htm
F00949,南京航空航天大学,南京,211/双一流,计算机科学与技术学院/软件学院,韩皓,副教授,副教授,,0000-0002-7912-027X,http://faculty.nuaa.edu.cn/hanhao/zh_CN/index.htm
F00950,南京航空航天大学,南京,211/双一流,计算机科学与技术学院/软件学院,严丽,教授,教授,,,http://faculty.nuaa.edu.cn/yanli/zh_CN/index.htm
F00951,南京航空航天大学,南京,211/双一流,计算机科学与技术学院/软件学院,伍玮,教授,教授,,,https://faculty.nuaa.edu.cn/wuwei1/zh_CN/index.htm
F00952,南京航空航天大学,南京,211/双一流,计算机科学与技术学院/软件学院,关东海,教授,教授,,,http://faculty.nuaa.edu.cn/guandonghai/zh_CN/index.htm
F00953,南京航空航天大学,南京,211/双一流,计算机科学与技术学院/软件学院,冯爱民,教授,教授,图像处理、 机器学习等 ，具体包括多模态大模型、 异常检测 、时序预测、持续学习等，先后发表学术论文30余篇，授权/申请,,https://faculty.nuaa.edu.cn/fam/zh_CN/index.htm
F00954,南京航空航天大学,南京,211/双一流,计算机科学与技术学院/软件学院,刘宁钟,教授,教授,机器学习，计算机视觉,,https://faculty.nuaa.edu.cn/lnz/zh_CN/index.htm
F00955,南京航空航天大学,南京,211/双一流,计算机科学与技术学院/软件学院,刘春颜,教授,教授,,,http://faculty.nuaa.edu.cn/liuchunyan/zh_CN/index.htm
F00956,南京航空航天大学,南京,211/双一流,计算机科学与技术学院/软件学院,刘艾,教授,教授,范畴论、软件测试、理论计算机科学、软件形式化方法等,0000-0001-8222-2157,https://faculty.nuaa.edu.cn/liuai/zh_CN/index.htm
F00957,南京航空航天大学,南京,211/双一流,计算机科学与技术学院/软件学院,卜艳玲,教授,教授,,,http://faculty.nuaa.edu.cn/yanling/zh_CN/index.htm
F00958,南京航空航天大学,南京,211/双一流,计算机科学与技术学院/软件学院,卢晓珍,教授,教授,,,http://faculty.nuaa.edu.cn/luxiaozhen/zh_CN/index/385349/list/index.htm
F00959,南京航空航天大学,南京,211/双一流,计算机科学与技术学院/软件学院,叶方伟,教授,教授,网络空间安全、计算机科学与技术、 软件工程 课题组2026级硕士/博士招生中！,,https://faculty.nuaa.edu.cn/yefangwei/zh_CN/index.htm
F00960,南京航空航天大学,南京,211/双一流,计算机科学与技术学院/软件学院,叶海波,教授,教授,"机器学习,大模型，物联网",,https://faculty.nuaa.edu.cn/yehaibo/zh_CN/index.htm
F00961,南京航空航天大学,南京,211/双一流,计算机科学与技术学院/软件学院,周宇,教授,教授,,,http://faculty.nuaa.edu.cn/zhouyu/zh_CN/index.htm
F00962,南京航空航天大学,南京,211/双一流,计算机科学与技术学院/软件学院,周强,教授,教授,,,http://faculty.nuaa.edu.cn/zhouqiang/zh_CN/index.htm
F00963,南京航空航天大学,南京,211/双一流,计算机科学与技术学院/软件学院,周晓彤,教授,教授,应用密码学、分布式系统安全、人工智能安全等,,https://faculty.nuaa.edu.cn/zhouxiaotong/zh_CN/index.htm
F00964,南京航空航天大学,南京,211/双一流,计算机科学与技术学院/软件学院,周玉倩,教授,教授,,,http://faculty.nuaa.edu.cn/zhouyuqian/zh_CN/index.htm
F00965,南京航空航天大学,南京,211/双一流,计算机科学与技术学院/软件学院,周璐,教授,教授,,,http://faculty.nuaa.edu.cn/zhoulu2020/zh_CN/index.htm
F00966,南京航空航天大学,南京,211/双一流,计算机科学与技术学院/软件学院,周良,教授,教授,,,http://faculty.nuaa.edu.cn/zl10/zh_CN/index.htm
F00967,南京航空航天大学,南京,211/双一流,计算机科学与技术学院/软件学院,唐艺璇,教授,教授,,,http://faculty.nuaa.edu.cn/tangyixuan/zh_CN/index.htm
F00968,南京航空航天大学,南京,211/双一流,计算机科学与技术学院/软件学院,夏正友,教授,教授,,,http://faculty.nuaa.edu.cn/xzy1/zh_CN/index.htm
F00969,南京航空航天大学,南京,211/双一流,计算机科学与技术学院/软件学院,孙涵,教授,教授,一：计算机科学与技术 1. 数字图像处理、计算机视觉 2.模式识别 学科,,https://faculty.nuaa.edu.cn/sh/zh_CN/index.htm
F00970,南京航空航天大学,南京,211/双一流,计算机科学与技术学院/软件学院,宫丽娜,教授,教授,Research Focus,,https://faculty.nuaa.edu.cn/gonglina/zh_CN/index.htm
F00971,南京航空航天大学,南京,211/双一流,计算机科学与技术学院/软件学院,常相茂,教授,教授,,,http://faculty.nuaa.edu.cn/cxm3/zh_CN/index.htm
F00972,南京航空航天大学,南京,211/双一流,计算机科学与技术学院/软件学院,康达周,教授,教授,,,http://faculty.nuaa.edu.cn/kdz/zh_CN/index.htm
F00973,南京航空航天大学,南京,211/双一流,计算机科学与技术学院/软件学院,张元睿,教授,教授,感兴趣的研究生加入，有意者可通过邮件与我,,https://faculty.nuaa.edu.cn/zhangyuanrui/zh_CN/index.htm
F00974,南京航空航天大学,南京,211/双一流,计算机科学与技术学院/软件学院,张吉,教授,教授,,,http://faculty.nuaa.edu.cn/zhangji/zh_CN/index.htm
F00975,南京航空航天大学,南京,211/双一流,计算机科学与技术学院/软件学院,张彤,教授,教授,,,http://faculty.nuaa.edu.cn/zhangtong/zh_CN/index.htm
F00976,南京航空航天大学,南京,211/双一流,计算机科学与技术学院/软件学院,张德平,教授,教授,,,http://faculty.nuaa.edu.cn/zdp/zh_CN/index.htm
F00977,南京航空航天大学,南京,211/双一流,计算机科学与技术学院/软件学院,张晟中,教授,教授,图机器学习与数据挖掘,,https://faculty.nuaa.edu.cn/zhangshengzhong/zh_CN/index.htm
F00978,南京航空航天大学,南京,211/双一流,计算机科学与技术学院/软件学院,张智轶,教授,教授,,,http://faculty.nuaa.edu.cn/zhangzhiyi/zh_CN/index.htm
F00979,南京航空航天大学,南京,211/双一流,计算机科学与技术学院/软件学院,张立言,教授,教授,一：计算机科学与技术 多媒体数据分析与检索，模式识别，数据挖掘及大数据分析， 图像处理与分析，人工智能，机器学习 学科,,https://faculty.nuaa.edu.cn/zhangliyan/zh_CN/index.htm
F00980,南京航空航天大学,南京,211/双一流,计算机科学与技术学院/软件学院,张静宣,教授,教授,,,http://faculty.nuaa.edu.cn/zhangjingxuan/zh_CN/index.htm
F00981,南京航空航天大学,南京,211/双一流,计算机科学与技术学院/软件学院,徐悦,教授,教授,,,http://faculty.nuaa.edu.cn/xuyue/zh_CN/index.htm
F00982,南京航空航天大学,南京,211/双一流,计算机科学与技术学院/软件学院,徐敏,教授,教授,,,http://faculty.nuaa.edu.cn/xm/zh_CN/index.htm
F00983,南京航空航天大学,南京,211/双一流,计算机科学与技术学院/软件学院,徐祝庆,教授,教授,,,http://faculty.nuaa.edu.cn/xuzhuqing/zh_CN/index.htm
F00984,南京航空航天大学,南京,211/双一流,计算机科学与技术学院/软件学院,方黎明,教授,教授,,,http://faculty.nuaa.edu.cn/fangliming/zh_CN/index.htm
F00985,南京航空航天大学,南京,211/双一流,计算机科学与技术学院/软件学院,施慧彬,教授,教授,,,http://faculty.nuaa.edu.cn/shb/zh_CN/index.htm
F00986,南京航空航天大学,南京,211/双一流,计算机科学与技术学院/软件学院,易畅言,教授,教授,,,http://faculty.nuaa.edu.cn/changyan_yi/zh_CN/index.htm
F00987,南京航空航天大学,南京,211/双一流,计算机科学与技术学院/软件学院,曹子宁,教授,教授,,,http://faculty.nuaa.edu.cn/czn/zh_CN/index.htm
F00988,南京航空航天大学,南京,211/双一流,计算机科学与技术学院/软件学院,朱友文,教授,教授,,,http://faculty.nuaa.edu.cn/zhuyouwen/zh_CN/index.htm
F00989,南京航空航天大学,南京,211/双一流,计算机科学与技术学院/软件学院,朱小军,教授,教授,,,http://faculty.nuaa.edu.cn/xzhu/zh_CN/index.htm
F00990,南京航空航天大学,南京,211/双一流,计算机科学与技术学院/软件学院,朱朝晖,教授,教授,,,http://faculty.nuaa.edu.cn/zcz/zh_CN/index.htm
F00991,南京航空航天大学,南京,211/双一流,计算机科学与技术学院/软件学院,朱琨,教授,教授,,,http://faculty.nuaa.edu.cn/zhukun/zh_CN/index.htm
F00992,南京航空航天大学,南京,211/双一流,计算机科学与技术学院/软件学院,李丹,教授,教授,,,http://faculty.nuaa.edu.cn/lidan1/zh_CN/index.htm
F00993,南京航空航天大学,南京,211/双一流,计算机科学与技术学院/软件学院,李伟湋,教授,教授,,,http://faculty.nuaa.edu.cn/liweiwei/zh_CN/index.htm
F00994,南京航空航天大学,南京,211/双一流,计算机科学与技术学院/软件学院,李娟,教授,教授,,,http://faculty.nuaa.edu.cn/lijuan/zh_CN/index.htm
F00995,南京航空航天大学,南京,211/双一流,计算机科学与技术学院/软件学院,李振华,教授,教授,"计算智能、机器学习、大模型对抗攻防和AI安全, 在国际顶级期刊和会议发表论文20余篇",,https://faculty.nuaa.edu.cn/lizhenhua/zh_CN/index.htm
F00996,南京航空航天大学,南京,211/双一流,计算机科学与技术学院/软件学院,李绍园,教授,教授,[1]数据挖掘 [2]机器学习,,https://faculty.nuaa.edu.cn/lishaoyuan/zh_CN/index.htm
F00997,南京航空航天大学,南京,211/双一流,计算机科学与技术学院/软件学院,李逸聪,教授,教授,可信图数据挖掘、智能体技术、推荐系统等，也很想做无人机或与三航结合的方向（与学校特色结合 ）,,https://faculty.nuaa.edu.cn/liyicong/zh_CN/index.htm
F00998,南京航空航天大学,南京,211/双一流,计算机科学与技术学院/软件学院,李野,教授,教授,机器学习和计算数学的交叉学科研究，AI for Science的前沿,,https://faculty.nuaa.edu.cn/liye/zh_CN/index.htm
F00999,南京航空航天大学,南京,211/双一流,计算机科学与技术学院/软件学院,李鑫,教授,教授,,,http://faculty.nuaa.edu.cn/lixin/zh_CN/index.htm
F01000,南京航空航天大学,南京,211/双一流,计算机科学与技术学院/软件学院,李静,教授,教授,,,http://faculty.nuaa.edu.cn/lj12/zh_CN/index.htm
F01001,南京航空航天大学,南京,211/双一流,计算机科学与技术学院/软件学院,杜庆伟,教授,教授,,,http://faculty.nuaa.edu.cn/dqw/zh_CN/index.htm
F01002,南京航空航天大学,南京,211/双一流,计算机科学与技术学院/软件学院,杨志斌,教授,教授,,,http://faculty.nuaa.edu.cn/yangzhibin/zh_CN/index.htm
F01003,南京航空航天大学,南京,211/双一流,计算机科学与技术学院/软件学院,杨文华,教授,教授,,,http://faculty.nuaa.edu.cn/yangwenhua2/zh_CN/index.htm
F01004,南京航空航天大学,南京,211/双一流,计算机科学与技术学院/软件学院,杨群,教授,教授,,0000-0001-6824-8473,http://faculty.nuaa.edu.cn/yq2/zh_CN/index.htm
F01005,南京航空航天大学,南京,211/双一流,计算机科学与技术学院/软件学院,林超,教授,教授,1. 大模型与多智能体安全 围绕大模型与多智能体系统中的安全、隐私和可信问题，研究多方模型协同训练、模型提取攻击与防御、模型版权保护、隐私泄露分析等方向，提升人工智能系统在开放环境下的安全性、鲁棒性和可验证性,,https://faculty.nuaa.edu.cn/linchao/zh_CN/index.htm
F01006,南京航空航天大学,南京,211/双一流,计算机科学与技术学院/软件学院,梁栋,教授,教授,,,http://faculty.nuaa.edu.cn/liangdong/zh_CN/index.htm
F01007,南京航空航天大学,南京,211/双一流,计算机科学与技术学院/软件学院,沈国华,教授,教授,,,http://faculty.nuaa.edu.cn/sgh/zh_CN/index.htm
F01008,南京航空航天大学,南京,211/双一流,计算机科学与技术学院/软件学院,王然,教授,教授,,,http://faculty.nuaa.edu.cn/wangran/zh_CN/index.htm
F01009,南京航空航天大学,南京,211/双一流,计算机科学与技术学院/软件学院,王箭,教授,教授,,,http://faculty.nuaa.edu.cn/wj1/zh_CN/index.htm
F01010,南京航空航天大学,南京,211/双一流,计算机科学与技术学院/软件学院,王肇康,教授,教授,,,http://faculty.nuaa.edu.cn/wangzhaokang/zh_CN/index.htm
F01011,南京航空航天大学,南京,211/双一流,计算机科学与技术学院/软件学院,王铁鑫,教授,教授,,,http://faculty.nuaa.edu.cn/wangtiexin/zh_CN/index.htm
F01012,南京航空航天大学,南京,211/双一流,计算机科学与技术学院/软件学院,田育龙,教授,教授,,,http://faculty.nuaa.edu.cn/tianyulong/zh_CN/index.htm
F01013,南京航空航天大学,南京,211/双一流,计算机科学与技术学院/软件学院,申大忠,教授,教授,Research Focus,,https://faculty.nuaa.edu.cn/shendazhong/zh_CN/index.htm
F01014,南京航空航天大学,南京,211/双一流,计算机科学与技术学院/软件学院,白英彬,教授,教授,在标签噪声、弱监督学习、表示学习、图神经网络和神经符号学习等方向,,https://faculty.nuaa.edu.cn/%7Ea6nQZv/zh_CN/index.htm
F01015,南京航空航天大学,南京,211/双一流,计算机科学与技术学院/软件学院,皮德常,教授,教授,,,http://faculty.nuaa.edu.cn/pdc/zh_CN/index.htm
F01016,南京航空航天大学,南京,211/双一流,计算机科学与技术学院/软件学院,章阳,教授,教授,,,http://faculty.nuaa.edu.cn/yang
F01017,南京航空航天大学,南京,211/双一流,计算机科学与技术学院/软件学院,肖冠平,教授,教授,,,http://faculty.nuaa.edu.cn/xiaoguanping/zh_CN/index.htm
F01018,南京航空航天大学,南京,211/双一流,计算机科学与技术学院/软件学院,胡军,教授,教授,,,http://faculty.nuaa.edu.cn/hujun/zh_CN/index.htm
F01019,南京航空航天大学,南京,211/双一流,计算机科学与技术学院/软件学院,胡峰,教授,教授,,,http://faculty.nuaa.edu.cn/hufeng/zh_CN/index.htm
F01020,南京航空航天大学,南京,211/双一流,计算机科学与技术学院/软件学院,胥帅,教授,教授,,,http://faculty.nuaa.edu.cn/xushuai/zh_CN/index.htm
F01021,南京航空航天大学,南京,211/双一流,计算机科学与技术学院/软件学院,臧天梓,教授,教授,人工智能、 数据挖掘与信息检索、深度学习算法等 ，累计发表 高水平学术期刊和会议论文30余篇 ，均为SCI或EI收录论文，其中包括 CCF A类期刊论文11篇 ， CCF B类期刊和会议论文17篇,,https://faculty.nuaa.edu.cn/zangtianzi/zh_CN/index.htm
F01022,南京航空航天大学,南京,211/双一流,计算机科学与技术学院/软件学院,蒋夏军,教授,教授,,,http://faculty.nuaa.edu.cn/jxj/zh_CN/index.htm
F01023,南京航空航天大学,南京,211/双一流,计算机科学与技术学院/软件学院,蔡淼,教授,教授,,,http://faculty.nuaa.edu.cn/caimiao/zh_CN/index.htm
F01024,南京航空航天大学,南京,211/双一流,计算机科学与技术学院/软件学院,薛善良,教授,教授,,,http://faculty.nuaa.edu.cn/xsl/zh_CN/index.htm
F01025,南京航空航天大学,南京,211/双一流,计算机科学与技术学院/软件学院,袁伟伟,教授,教授,数 据挖 掘 ，大模型的领域应用，人工 智能的领域应用,,https://faculty.nuaa.edu.cn/yuanweiwei/zh_CN/index.htm
F01026,南京航空航天大学,南京,211/双一流,计算机科学与技术学院/软件学院,袁家斌,教授,教授,,,http://faculty.nuaa.edu.cn/yjb1/zh_CN/index.htm
F01027,南京航空航天大学,南京,211/双一流,计算机科学与技术学院/软件学院,许娟,教授,教授,,0000-0002-7395-8290,http://faculty.nuaa.edu.cn/xj/zh_CN/index.htm
F01028,南京航空航天大学,南京,211/双一流,计算机科学与技术学院/软件学院,许峰,教授,教授,,,http://faculty.nuaa.edu.cn/xf/zh_CN/index.htm
F01029,南京航空航天大学,南京,211/双一流,计算机科学与技术学院/软件学院,许建秋,教授,教授,,,http://faculty.nuaa.edu.cn/jianqiu/zh_CN/index.htm
F01030,南京航空航天大学,南京,211/双一流,计算机科学与技术学院/软件学院,谢强,教授,教授,,,http://faculty.nuaa.edu.cn/xq1/zh_CN/index.htm
F01031,南京航空航天大学,南京,211/双一流,计算机科学与技术学院/软件学院,谭晓阳,教授,教授,一：计算机科学与技术 01 深度强化学习 02计算机视觉与生物计量学 03 模式识别与智能系统 学科,,https://faculty.nuaa.edu.cn/txy/zh_CN/index.htm
F01032,南京航空航天大学,南京,211/双一流,计算机科学与技术学院/软件学院,赵彦超,教授,教授,,,http://faculty.nuaa.edu.cn/zhaoyanchao/zh_CN/index.htm
F01033,南京航空航天大学,南京,211/双一流,计算机科学与技术学院/软件学院,赵星宇,教授,教授,机器学习与数据挖掘，具体包括多标记学习、标记分布学习、强化学习等,,https://faculty.nuaa.edu.cn/zhaoxingyu/zh_CN/index.htm
F01034,南京航空航天大学,南京,211/双一流,计算机科学与技术学院/软件学院,赵蕴龙,教授,教授,,,http://faculty.nuaa.edu.cn/zhaoyunlong/zh_CN/index.htm
F01035,南京航空航天大学,南京,211/双一流,计算机科学与技术学院/软件学院,邓海,教授,教授,,0009-0009-2867-1985,http://faculty.nuaa.edu.cn/denghai/zh_CN/index.htm
F01036,南京航空航天大学,南京,211/双一流,计算机科学与技术学院/软件学院,邹卫琴,教授,教授,,,http://faculty.nuaa.edu.cn/zouweiqin/zh_CN/index.htm
F01037,南京航空航天大学,南京,211/双一流,计算机科学与技术学院/软件学院,郑吉平,教授,教授,,,http://faculty.nuaa.edu.cn/jzh/zh_CN/index.htm
F01038,南京航空航天大学,南京,211/双一流,计算机科学与技术学院/软件学院,郑洪源,教授,教授,,,http://faculty.nuaa.edu.cn/zhy3/zh_CN/index.htm
F01039,南京航空航天大学,南京,211/双一流,计算机科学与技术学院/软件学院,郝洁,教授,教授,,,http://faculty.nuaa.edu.cn/haojie/zh_CN/index.htm
F01040,南京航空航天大学,南京,211/双一流,计算机科学与技术学院/软件学院,郭成昊,教授,教授,,,http://faculty.nuaa.edu.cn/guochenghao/zh_CN/index.htm
F01041,南京航空航天大学,南京,211/双一流,计算机科学与技术学院/软件学院,钱巨,教授,教授,,,http://faculty.nuaa.edu.cn/qianju/zh_CN/index.htm
F01042,南京航空航天大学,南京,211/双一流,计算机科学与技术学院/软件学院,钱红燕,教授,教授,,,http://faculty.nuaa.edu.cn/qhy/zh_CN/index.htm
F01043,南京航空航天大学,南京,211/双一流,计算机科学与技术学院/软件学院,陈丹,教授,教授,,,http://faculty.nuaa.edu.cn/cd/zh_CN/index.htm
F01044,南京航空航天大学,南京,211/双一流,计算机科学与技术学院/软件学院,陈兵,教授,教授,,,http://faculty.nuaa.edu.cn/cb4/zh_CN/index.htm
F01045,南京航空航天大学,南京,211/双一流,计算机科学与技术学院/软件学院,陈哲,教授,教授,,,http://faculty.nuaa.edu.cn/zhechen/zh_CN/index.htm
F01046,南京航空航天大学,南京,211/双一流,计算机科学与技术学院/软件学院,陈想,教授,教授,[1]大模型安全 [2]多模态大模型 [3]具身智能 [4]自然语言处理,,https://faculty.nuaa.edu.cn/ChenXiang/zh_CN/index.htm
F01047,南京航空航天大学,南京,211/双一流,计算机科学与技术学院/软件学院,陈星宇,教授,教授,智能感知、具身智能、物联网、普适计算、移动机器人,,https://faculty.nuaa.edu.cn/chenxingyu/zh_CN/index/424392/list/index.htm
F01048,南京航空航天大学,南京,211/双一流,计算机科学与技术学院/软件学院,陈松灿,教授,教授,,,https://faculty.nuaa.edu.cn/csc/zh_CN/index.htm
F01049,南京航空航天大学,南京,211/双一流,计算机科学与技术学院/软件学院,陈海燕,教授,教授,,,http://faculty.nuaa.edu.cn/chy/zh_CN/index.htm
F01050,南京航空航天大学,南京,211/双一流,计算机科学与技术学院/软件学院,韩云光,教授,教授,,,http://faculty.nuaa.edu.cn/hanyunguang/zh_CN/index.htm
F01051,南京航空航天大学,南京,211/双一流,计算机科学与技术学院/软件学院,韩星烁,教授,教授,,,https://faculty.nuaa.edu.cn/hanxingshuo/en/index.htm
F01052,南京航空航天大学,南京,211/双一流,计算机科学与技术学院/软件学院,顾晶晶,教授,教授,数据挖掘 - 城市计算 - 多智能体 - AI System 学科方向一：计算机科学与技术 学科方向二：软件工程 发表学术论文、,,https://faculty.nuaa.edu.cn/gjj/zh_CN/index.htm
F01053,南京航空航天大学,南京,211/双一流,计算机科学与技术学院/软件学院,马宗民,教授,教授,,,http://faculty.nuaa.edu.cn/mazongmin/zh_CN/index.htm
F01054,南京航空航天大学,南京,211/双一流,计算机科学与技术学院/软件学院,魏明强,教授,教授,Research Focus,,https://faculty.nuaa.edu.cn/weimingqiang/zh_CN/index.htm
F01055,南京航空航天大学,南京,211/双一流,计算机科学与技术学院/软件学院,黄圣君,教授,教授,机器学习、数据挖掘、模式识别,,https://faculty.nuaa.edu.cn/huangsj/zh_CN/index.htm
F01056,南京航空航天大学,南京,211/双一流,计算机科学与技术学院/软件学院,黄志球,教授,教授,,,http://faculty.nuaa.edu.cn/hzq/zh_CN/index.htm
F01057,南京航空航天大学,南京,211/双一流,计算机科学与技术学院/软件学院,黄欣沂,教授,教授,人工智能安全 数据安全 公钥密码学,,https://faculty.nuaa.edu.cn/huangxinyi/zh_CN/index.htm
F01058,南京航空航天大学,南京,211/双一流,计算机科学与技术学院/软件学院,黄飞虎,教授,教授,（1）机器学习、高效优化、大模型高效训练与推理、分布式学习、可信的人工智能,,https://faculty.nuaa.edu.cn/huangfeihu1/zh_CN/index.htm
F01059,南京航空航天大学,南京,211/双一流,计算机科学与技术学院/软件学院,耿传兴,讲师,讲师,机器学习、模式识别，主要涉及动态、开放、非平稳场景中鲁棒分类/识别模型的构建与优化研究,,https://faculty.nuaa.edu.cn/gengchuanxing/zh_CN/index.htm
F01060,南京航空航天大学,南京,211/双一流,计算机科学与技术学院/软件学院,薛乔,讲师,讲师,,0000-0001-5523-3918,http://faculty.nuaa.edu.cn/xueqiao/zh_CN/index.htm
F01061,南京航空航天大学,南京,211/双一流,计算机科学与技术学院/软件学院,陶传奇,讲师,讲师,,,http://faculty.nuaa.edu.cn/taochuanqi/zh_CN/index.htm
F01062,南开大学,天津,985/211/双一流,人工智能学院,何昆鹏,副教授,副教授,,,https://ai.nankai.edu.cn/szdw/fjs_fyjy_.htm
F01063,南开大学,天津,985/211/双一流,人工智能学院,光电传感,副教授,副教授,,,https://ai.nankai.edu.cn/szdw/fjs_fyjy_.htm
F01064,南开大学,天津,985/211/双一流,人工智能学院,全雄文,副教授,副教授,,,https://ai.nankai.edu.cn/szdw/fjs_fyjy_.htm
F01065,南开大学,天津,985/211/双一流,人工智能学院,刘晓芳,副教授,副教授,,0000-0002-8137-4201,https://ai.nankai.edu.cn/szdw/fjs_fyjy_.htm
F01066,南开大学,天津,985/211/双一流,人工智能学院,刘曜玮,副教授,副教授,,,https://ai.nankai.edu.cn/szdw/fjs_fyjy_.htm
F01067,南开大学,天津,985/211/双一流,人工智能学院,卢彪,副教授,副教授,,,https://ai.nankai.edu.cn/szdw/fjs_fyjy_.htm
F01068,南开大学,天津,985/211/双一流,人工智能学院,吴庆祥,副教授,副教授,,,https://ai.nankai.edu.cn/szdw/fjs_fyjy_.htm
F01069,南开大学,天津,985/211/双一流,人工智能学院,吴民,副教授,副教授,,,https://ai.nankai.edu.cn/szdw/fjs_fyjy_.htm
F01070,南开大学,天津,985/211/双一流,人工智能学院,孙昊,副教授,副教授,,,https://ai.nankai.edu.cn/szdw/fjs_fyjy_.htm
F01071,南开大学,天津,985/211/双一流,人工智能学院,徐晓轩,副教授,副教授,,,https://ai.nankai.edu.cn/szdw/fjs_fyjy_.htm
F01072,南开大学,天津,985/211/双一流,人工智能学院,微纳操作,副教授,副教授,,,https://ai.nankai.edu.cn/szdw/fjs_fyjy_.htm
F01073,南开大学,天津,985/211/双一流,人工智能学院,方格,副教授,副教授,,0000-0001-6104-7353,https://ai.nankai.edu.cn/szdw/fjs_fyjy_.htm
F01074,南开大学,天津,985/211/双一流,人工智能学院,李文宇,副教授,副教授,,,https://ai.nankai.edu.cn/szdw/fjs_fyjy_.htm
F01075,南开大学,天津,985/211/双一流,人工智能学院,李欢,副教授,副教授,,,https://ai.nankai.edu.cn/szdw/fjs_fyjy_.htm
F01076,南开大学,天津,985/211/双一流,人工智能学院,杨桐,副教授,副教授,,,https://ai.nankai.edu.cn/szdw/fjs_fyjy_.htm
F01077,南开大学,天津,985/211/双一流,人工智能学院,武毅男,副教授,副教授,,,https://ai.nankai.edu.cn/szdw/fjs_fyjy_.htm
F01078,南开大学,天津,985/211/双一流,人工智能学院,王付永,副教授,副教授,,,https://ai.nankai.edu.cn/szdw/fjs_fyjy_.htm
F01079,南开大学,天津,985/211/双一流,人工智能学院,王明华,副教授,副教授,,,https://ai.nankai.edu.cn/szdw/fjs_fyjy_.htm
F01080,南开大学,天津,985/211/双一流,人工智能学院,王润花,副教授,副教授,,,https://ai.nankai.edu.cn/szdw/fjs_fyjy_.htm
F01081,南开大学,天津,985/211/双一流,人工智能学院,王翔宇,副教授,副教授,,,https://ai.nankai.edu.cn/szdw/fjs_fyjy_.htm
F01082,南开大学,天津,985/211/双一流,人工智能学院,袁明星,副教授,副教授,,,https://ai.nankai.edu.cn/szdw/fjs_fyjy_.htm
F01083,南开大学,天津,985/211/双一流,人工智能学院,谢珂迪,副教授,副教授,,,https://ai.nankai.edu.cn/szdw/fjs_fyjy_.htm
F01084,南开大学,天津,985/211/双一流,人工智能学院,赵启立,副教授,副教授,,,https://ai.nankai.edu.cn/szdw/fjs_fyjy_.htm
F01085,南开大学,天津,985/211/双一流,人工智能学院,赵振杰,副教授,副教授,,,https://ai.nankai.edu.cn/szdw/fjs_fyjy_.htm
F01086,南开大学,天津,985/211/双一流,人工智能学院,邓勇舰,副教授,副教授,邓勇舰 副教授,,https://ai.nankai.edu.cn/szdw/fjs_fyjy_.htm
F01087,南开大学,天津,985/211/双一流,人工智能学院,于宁波,教授,教授,,,https://ai.nankai.edu.cn/szdw/js_yjy_.htm
F01088,南开大学,天津,985/211/双一流,人工智能学院,代煜,教授,教授,,,https://ai.nankai.edu.cn/szdw/js_yjy_.htm
F01089,南开大学,天津,985/211/双一流,人工智能学院,倪元华,教授,教授,,,https://ai.nankai.edu.cn/szdw/js_yjy_.htm
F01090,南开大学,天津,985/211/双一流,人工智能学院,刘忠信,教授,教授,,,https://ai.nankai.edu.cn/szdw/js_yjy_.htm
F01091,南开大学,天津,985/211/双一流,人工智能学院,刘景泰,教授,教授,,,https://ai.nankai.edu.cn/szdw/js_yjy_.htm
F01092,南开大学,天津,985/211/双一流,人工智能学院,刘杰,教授,教授,,,https://ai.nankai.edu.cn/szdw/js_yjy_.htm
F01093,南开大学,天津,985/211/双一流,人工智能学院,刘进超,教授,教授,,,https://ai.nankai.edu.cn/szdw/js_yjy_.htm
F01094,南开大学,天津,985/211/双一流,人工智能学院,孙宁,教授,教授,,,https://ai.nankai.edu.cn/szdw/js_yjy_.htm
F01095,南开大学,天津,985/211/双一流,人工智能学院,孙明玮,教授,教授,,,https://ai.nankai.edu.cn/szdw/js_yjy_.htm
F01096,南开大学,天津,985/211/双一流,人工智能学院,孙明竹,教授,教授,,,https://ai.nankai.edu.cn/szdw/js_yjy_.htm
F01097,南开大学,天津,985/211/双一流,人工智能学院,孙雷,教授,教授,,,https://ai.nankai.edu.cn/szdw/js_yjy_.htm
F01098,南开大学,天津,985/211/双一流,人工智能学院,孙青林,教授,教授,,,https://ai.nankai.edu.cn/szdw/js_yjy_.htm
F01099,南开大学,天津,985/211/双一流,人工智能学院,宁泽鹏,教授,教授,,,https://ai.nankai.edu.cn/szdw/js_yjy_.htm
F01100,南开大学,天津,985/211/双一流,人工智能学院,张军,教授,教授,,,https://ai.nankai.edu.cn/szdw/js_yjy_.htm
F01101,南开大学,天津,985/211/双一流,人工智能学院,张娟娟,教授,教授,,,https://ai.nankai.edu.cn/szdw/js_yjy_.htm
F01102,南开大学,天津,985/211/双一流,人工智能学院,张建勋,教授,教授,,,https://ai.nankai.edu.cn/szdw/js_yjy_.htm
F01103,南开大学,天津,985/211/双一流,人工智能学院,张建磊,教授,教授,,,https://ai.nankai.edu.cn/szdw/js_yjy_.htm
F01104,南开大学,天津,985/211/双一流,人工智能学院,张春燕,教授,教授,,,https://ai.nankai.edu.cn/szdw/js_yjy_.htm
F01105,南开大学,天津,985/211/双一流,人工智能学院,张晓宇,教授,教授,,,https://ai.nankai.edu.cn/szdw/js_yjy_.htm
F01106,南开大学,天津,985/211/双一流,人工智能学院,张杰,教授,教授,,,https://ai.nankai.edu.cn/szdw/js_yjy_.htm
F01107,南开大学,天津,985/211/双一流,人工智能学院,张瀚,教授,教授,,0000-0002-3165-0490,https://ai.nankai.edu.cn/szdw/js_yjy_.htm
F01108,南开大学,天津,985/211/双一流,人工智能学院,张雪波,教授,教授,,,https://ai.nankai.edu.cn/szdw/js_yjy_.htm
F01109,南开大学,天津,985/211/双一流,人工智能学院,方勇纯,教授,教授,,,https://ai.nankai.edu.cn/szdw/js_yjy_.htm
F01110,南开大学,天津,985/211/双一流,人工智能学院,李鹏,教授,教授,,,https://ai.nankai.edu.cn/szdw/js_yjy_.htm
F01111,南开大学,天津,985/211/双一流,人工智能学院,杨柳,教授,教授,,,https://ai.nankai.edu.cn/szdw/js_yjy_.htm
F01112,南开大学,天津,985/211/双一流,人工智能学院,梁潇,教授,教授,,,https://ai.nankai.edu.cn/szdw/js_yjy_.htm
F01113,南开大学,天津,985/211/双一流,人工智能学院,段峰,教授,教授,,,https://ai.nankai.edu.cn/szdw/js_yjy_.htm
F01114,南开大学,天津,985/211/双一流,人工智能学院,王鸿鹏,教授,教授,,,https://ai.nankai.edu.cn/szdw/js_yjy_.htm
F01115,南开大学,天津,985/211/双一流,人工智能学院,目标检测,教授,教授,,,https://ai.nankai.edu.cn/szdw/js_yjy_.htm
F01116,南开大学,天津,985/211/双一流,人工智能学院,秦岩丁,教授,教授,,,https://ai.nankai.edu.cn/szdw/js_yjy_.htm
F01117,南开大学,天津,985/211/双一流,人工智能学院,苑晶,教授,教授,,,https://ai.nankai.edu.cn/szdw/js_yjy_.htm
F01118,南开大学,天津,985/211/双一流,人工智能学院,荣休教师,教授,教授,,,https://ai.nankai.edu.cn/szdw/js_yjy_.htm
F01119,南开大学,天津,985/211/双一流,人工智能学院,詹志辉,教授,教授,,0000-0003-0862-0514,https://ai.nankai.edu.cn/szdw/js_yjy_.htm
F01120,南开大学,天津,985/211/双一流,人工智能学院,许静,教授,教授,,,https://ai.nankai.edu.cn/szdw/js_yjy_.htm
F01121,南开大学,天津,985/211/双一流,人工智能学院,赵新,教授,教授,,,https://ai.nankai.edu.cn/szdw/js_yjy_.htm
F01122,南开大学,天津,985/211/双一流,人工智能学院,郭宪,教授,教授,,,https://ai.nankai.edu.cn/szdw/js_yjy_.htm
F01123,南开大学,天津,985/211/双一流,人工智能学院,陈增强,教授,教授,,,https://ai.nankai.edu.cn/szdw/js_yjy_.htm
F01124,南开大学,天津,985/211/双一流,人工智能学院,陈飞,教授,教授,陈飞 教授,,https://ai.nankai.edu.cn/szdw/js_yjy_.htm
F01125,南开大学,天津,985/211/双一流,人工智能学院,霍卫光,教授,教授,,,https://ai.nankai.edu.cn/szdw/js_yjy_.htm
F01126,南开大学,天津,985/211/双一流,人工智能学院,韩建达,教授,教授,,,https://ai.nankai.edu.cn/szdw/js_yjy_.htm
F01127,南开大学,天津,985/211/双一流,人工智能学院,齐占峰,研究员,研究员,,,https://ai.nankai.edu.cn/szdw/js_yjy_.htm
F01128,南开大学,天津,985/211/双一流,人工智能学院,党宇,讲师,讲师,,0000-0003-0368-7277,https://ai.nankai.edu.cn/szdw/j_s.htm
F01129,南开大学,天津,985/211/双一流,人工智能学院,张艺荻,讲师,讲师,,,https://ai.nankai.edu.cn/szdw/j_s.htm
F01130,南开大学,天津,985/211/双一流,人工智能学院,毕聪,讲师,讲师,毕聪 讲师,0000-0001-8196-6242,https://ai.nankai.edu.cn/szdw/j_s.htm
F01131,南开大学,天津,985/211/双一流,人工智能学院,王斌,讲师,讲师,,,https://ai.nankai.edu.cn/szdw/j_s.htm
F01132,南开大学,天津,985/211/双一流,人工智能学院,韩明静,讲师,讲师,,,https://ai.nankai.edu.cn/szdw/j_s.htm
F01133,南开大学,天津,985/211/双一流,人工智能学院,黎建宇,讲师,讲师,,,https://ai.nankai.edu.cn/szdw/j_s.htm
F01134,合肥工业大学,合肥,211/双一流,计算机与信息学院（人工智能学院）,乔焰,副教授,副教授,涵盖网络测量、网络系统与理论、网络中的机器学习（ML for Networking）、网络数据（e.g. 时间序列）分析、AIGC、大语言模型等前沿领域,0000-0002-4407-1762,http://faculty.hfut.edu.cn/qiaoyan/zh_CN/index.htm
F01135,合肥工业大学,合肥,211/双一流,计算机与信息学院（人工智能学院）,余烨,副教授,副教授,Research Focus,0000-0002-8646-8426,http://faculty.hfut.edu.cn/yz12345678/zh_CN/index.htm
F01136,合肥工业大学,合肥,211/双一流,计算机与信息学院（人工智能学院）,刁云峰,副教授,副教授,人工智能安全，计算机视觉，深度学习 等,,http://faculty.hfut.edu.cn/diaoyunfeng/zh_CN/index.htm
F01137,合肥工业大学,合肥,211/双一流,计算机与信息学院（人工智能学院）,刘军,副教授,副教授,嵌入式系统、基于机器学习的故障测试和机器学习加速等软件、硬件结合方面的研究工作,,http://faculty.hfut.edu.cn/lj21/zh_CN/index.htm
F01138,合肥工业大学,合肥,211/双一流,计算机与信息学院（人工智能学院）,刘冰意,副教授,副教授,→具身焊接机器人 →多智能体协同控制 → 多源信息融合 → 机器感知与机器视觉 →脉冲磁约束可控核聚变关键诊断技术 → 水声通信及水下目标探测 ★,,http://faculty.hfut.edu.cn/liubingyi/zh_CN/index.htm
F01139,合肥工业大学,合肥,211/双一流,计算机与信息学院（人工智能学院）,刘建,副教授,副教授,前景广阔 & 大有可为,,http://faculty.hfut.edu.cn/liujian2017/zh_CN/index.htm
F01140,合肥工业大学,合肥,211/双一流,计算机与信息学院（人工智能学院）,刘正琼,副教授,副教授,机器视觉、图像处理，无线通信、信息管理,,http://faculty.hfut.edu.cn/lzq12/zh_CN/index.htm
F01141,合肥工业大学,合肥,211/双一流,计算机与信息学院（人工智能学院）,刘浏,副教授,副教授,[1] 6D姿态估计 [2] 智能机器人 [3] 三维视觉 [4] 深度学习 [5] 计算机视觉,,http://faculty.hfut.edu.cn/liuliu/zh_CN/index.htm
F01142,合肥工业大学,合肥,211/双一流,计算机与信息学院（人工智能学院）,卜晨阳,副教授,副教授,知识驱动的离线优化,0000-0001-8203-0956,http://faculty.hfut.edu.cn/chenyangbu/zh_CN/index.htm
F01143,合肥工业大学,合肥,211/双一流,计算机与信息学院（人工智能学院）,卫星,副教授,副教授,,,http://faculty.hfut.edu.cn/wx123/zh_CN/index.htm
F01144,合肥工业大学,合肥,211/双一流,计算机与信息学院（人工智能学院）,史骏,副教授,副教授,[1] 机器学习、深度学习、计算机视觉、多模态和大模型等人工智能技术基础理论及其在医学、航空航天和遥感等领域应用,,http://faculty.hfut.edu.cn/shijun/zh_CN/index.htm
F01145,合肥工业大学,合肥,211/双一流,计算机与信息学院（人工智能学院）,吕增威,副教授,副教授,多智能体深度强化学习、安全深度强化学习、物理信息深度强化学习、电磁暂态计算方法等 应用方向： 雷电探测、电力物联网、 低空调度、群组列车调度 纵向,,http://faculty.hfut.edu.cn/lvzengwei/zh_CN/index/276209/list/index.htm
F01146,合肥工业大学,合肥,211/双一流,计算机与信息学院（人工智能学院）,吴克伟,副教授,副教授,,,http://faculty.hfut.edu.cn/wukewei/zh_CN/index.htm
F01147,合肥工业大学,合肥,211/双一流,计算机与信息学院（人工智能学院）,吴文明,副教授,副教授,计算机图形学、计算机视觉与人工智能,,http://faculty.hfut.edu.cn/wuwenming/zh_CN/index.htm
F01148,合肥工业大学,合肥,211/双一流,计算机与信息学院（人工智能学院）,吴晶晶,副教授,副教授,"多媒体信息处理，抑郁症检测、行人再识别、视觉 目标跟踪， 所在团队为合肥工业大学计算机与信息学院（人工智能学院）媒体计算实验室（ Laboratory of Multimedia Computing, LMC ）",,http://faculty.hfut.edu.cn/wujingjing/zh_CN/index.htm
F01149,合肥工业大学,合肥,211/双一流,计算机与信息学院（人工智能学院）,周墨淼,副教授,副教授,面向车联网/低空网络的无线传输理论、信号智能检测与抗干扰技术、深度强化学习方法等,,http://faculty.hfut.edu.cn/zhoumomiao/zh_CN/index.htm
F01150,合肥工业大学,合肥,211/双一流,计算机与信息学院（人工智能学院）,周王球,副教授,副教授,智能物联网、多模态数据融合、知识增强大模型推理、时间序列数据处理，共在IEEE INFOCOM、ACM UbiComp、IEEE TMC、《计算机研究与发展》等CCF推荐国内外学术会议或期刊上发表学... More+,,http://faculty.hfut.edu.cn/zhouwangqiu/zh_CN/index.htm
F01151,合肥工业大学,合肥,211/双一流,计算机与信息学院（人工智能学院）,周红平,副教授,副教授,雷达信号处理、多目标跟踪算法设计、 智能交通系统应用研发、 复杂电磁环境下雷达目标检测、基于FPGA和DSP的系统设计等,,http://faculty.hfut.edu.cn/zhp12/zh_CN/index.htm
F01152,合肥工业大学,合肥,211/双一流,计算机与信息学院（人工智能学院）,周芳,副教授,副教授,雷达信号处理，智能信号处理、雷达成像技术、目标检测识别及其应用,,http://faculty.hfut.edu.cn/zhoufang/zh_CN/index.htm
F01153,合肥工业大学,合肥,211/双一流,计算机与信息学院（人工智能学院）,姚宏亮,副教授,副教授,,,http://faculty.hfut.edu.cn/yhl1/zh_CN/index.htm
F01154,合肥工业大学,合肥,211/双一流,计算机与信息学院（人工智能学院）,姚远志,副教授,副教授,[1] 多媒体内容安全 [2] 人工智能安全,,http://faculty.hfut.edu.cn/yaoyz/zh_CN/index.htm
F01155,合肥工业大学,合肥,211/双一流,计算机与信息学院（人工智能学院）,姜兆能,副教授,副教授,[1] 天线设计与研究、计算电磁学,,http://faculty.hfut.edu.cn/jiangzhaoneng/zh_CN/index.htm
F01156,合肥工业大学,合肥,211/双一流,计算机与信息学院（人工智能学院）,岳峰,副教授,副教授,软件可靠性、智能优化、语音安全,0009-0003-8676-3083,https://ci.hfut.edu.cn/info/1129/13138.htm
F01157,合肥工业大学,合肥,211/双一流,计算机与信息学院（人工智能学院）,张仁斌,副教授,副教授,工业互联网安全、人工智能安全、数据安全与安全计算,,http://faculty.hfut.edu.cn/zrb/zh_CN/index.htm
F01158,合肥工业大学,合肥,211/双一流,计算机与信息学院（人工智能学院）,张小辉,副教授,副教授,[1] 微波系统的研制及信号处理与分析 其他,,http://faculty.hfut.edu.cn/zhangxiaohui/zh_CN/index.htm
F01159,合肥工业大学,合肥,211/双一流,计算机与信息学院（人工智能学院）,张弛,副教授,副教授,,,http://faculty.hfut.edu.cn/zhangchi12/zh_CN/index.htm
F01160,合肥工业大学,合肥,211/双一流,计算机与信息学院（人工智能学院）,张慧,副教授,副教授,AI Security、AI4Science、Privacy Protection、Pattern Recognition,,https://faculty.hfut.edu.cn/zhanghui123456/zh_CN/index.htm
F01161,合肥工业大学,合肥,211/双一流,计算机与信息学院（人工智能学院）,张本宏,副教授,副教授,,,http://faculty.hfut.edu.cn/zhangbh/zh_CN/index.htm
F01162,合肥工业大学,合肥,211/双一流,计算机与信息学院（人工智能学院）,张海燕,副教授,副教授,人工智能、视频图像处理、信号检测与处理,,http://faculty.hfut.edu.cn/zhy11/zh_CN/index.htm
F01163,合肥工业大学,合肥,211/双一流,计算机与信息学院（人工智能学院）,张玉红,副教授,副教授,[1] 大模型智能问答 [2] 基于异质网络、知识图谱领域的机器学习 [3] 迁移学习 [4] 数据挖掘与机器学习,,http://faculty.hfut.edu.cn/zyh12/zh_CN/index.htm
F01164,合肥工业大学,合肥,211/双一流,计算机与信息学院（人工智能学院）,张琨,副教授,副教授,"语义表征与推理，大模型去偏微调与价值对齐，推荐系统等，在相关领域的顶级学术会议（例如KDD,SIGIR,WWW,AAAI,ACL等）或重要学术期刊（例如IEEE TKDE, TNNLS, ACM TOIS, TIST等）发表论文30余篇，Google Scholar引用超2,400余次，获得了CCF推荐A类学术会议KDD'2018最佳学生论文奖",,http://faculty.hfut.edu.cn/zhkun/zh_CN/index.htm
F01165,合肥工业大学,合肥,211/双一流,计算机与信息学院（人工智能学院）,张赞,副教授,副教授,人工智能、机器学习、数据挖掘,0000-0002-6383-1683,http://faculty.hfut.edu.cn/zhangzan/zh_CN/index.htm
F01166,合肥工业大学,合肥,211/双一流,计算机与信息学院（人工智能学院）,张高峰,副教授,副教授,1、服务计算与具身智能 计算是智能和信息技术的基础，在大规模广域的场景下，系统复杂、规模庞大、故障意外频发，如何更好的支撑各种计算任务和AI功能实现？我们关注此类复杂系统中若干本质问题，深入分析和研究了AI大潮下的计算和服务发展方向，以计算几何和仿真为交叉结合点， 尤其是关注具身智能的特定场景 ，形成了独具特色的边缘服务和具身智能,,http://faculty.hfut.edu.cn/zhanggaofeng/zh_CN/index.htm
F01167,合肥工业大学,合肥,211/双一流,计算机与信息学院（人工智能学院）,彭敏,副教授,副教授,无线通信与网络（ 下一代网络协议、 无线资源分配、 室内定位）、智能感知（智能可穿戴设备、智能无线感知、人工智能算法）等,,http://faculty.hfut.edu.cn/pengmin/zh_CN/index.htm
F01168,合肥工业大学,合肥,211/双一流,计算机与信息学院（人工智能学院）,徐本柱,副教授,副教授,,,https://ci.hfut.edu.cn/info/1129/13130.htm
F01169,合肥工业大学,合肥,211/双一流,计算机与信息学院（人工智能学院）,惠天瑞,副教授,副教授,多模态视觉感知、多媒体分析和具身智能,,http://faculty.hfut.edu.cn/huitianrui/zh_CN/index.htm
F01170,合肥工业大学,合肥,211/双一流,计算机与信息学院（人工智能学院）,方宝富,副教授,副教授,多智能体系统、智能机器人、机器学习,,http://faculty.hfut.edu.cn/fbf/zh_CN/index.htm
F01171,合肥工业大学,合肥,211/双一流,计算机与信息学院（人工智能学院）,方静,副教授,副教授,医学图像处理、 层析成像技术、SOPC技术及应用,,http://faculty.hfut.edu.cn/fj12/zh_CN/index.htm
F01172,合肥工业大学,合肥,211/双一流,计算机与信息学院（人工智能学院）,曹力,副教授,副教授,感兴趣的同学加入研究团队,,http://faculty.hfut.edu.cn/caoli/zh_CN/index.htm
F01173,合肥工业大学,合肥,211/双一流,计算机与信息学院（人工智能学院）,李佳,副教授,副教授,情感计算、 具身智能、多模态学习、养老机器人,,http://faculty.hfut.edu.cn/lijia/zh_CN/index.htm
F01174,合肥工业大学,合肥,211/双一流,计算机与信息学院（人工智能学院）,李小红,副教授,副教授,· 计算机视觉与机器学习 · 图像处理与模式识别,,http://faculty.hfut.edu.cn/lxh12/zh_CN/index.htm
F01175,合肥工业大学,合肥,211/双一流,计算机与信息学院（人工智能学院）,李建华,副教授,副教授,人工智能与数字系统、片上存储和片上网络的交叉研究,,http://faculty.hfut.edu.cn/jhli_hfut/zh_CN/index.htm
F01176,合肥工业大学,合肥,211/双一流,计算机与信息学院（人工智能学院）,李春华,副教授,副教授,及对研究生(本科生)开放的研究课题 （1）主要,,http://faculty.hfut.edu.cn/lichunhua/zh_CN/index.htm
F01177,合肥工业大学,合肥,211/双一流,计算机与信息学院（人工智能学院）,李海,副教授,副教授,,,https://ci.hfut.edu.cn/info/1130/13204.htm
F01178,合肥工业大学,合肥,211/双一流,计算机与信息学院（人工智能学院）,李琳,副教授,副教授,虚拟现实与人机交互，曾负责团队藏文化和徽文化相关,,http://faculty.hfut.edu.cn/ll1234/zh_CN/index.htm
F01179,合肥工业大学,合肥,211/双一流,计算机与信息学院（人工智能学院）,李锋,副教授,副教授,计算机视觉、多模态大模型、图像/视频理解 等,,http://faculty.hfut.edu.cn/feng_li/zh_CN/index.htm
F01180,合肥工业大学,合肥,211/双一流,计算机与信息学院（人工智能学院）,杜华争,副教授,副教授,[1] 水下传感器网络、无线监测网络、计算智能与应用、北斗导航信息处理 其他,,http://faculty.hfut.edu.cn/dhz2016/zh_CN/index.htm
F01181,合肥工业大学,合肥,211/双一流,计算机与信息学院（人工智能学院）,杨兴明,副教授,副教授,物联网应用、计算机控制、图像处理及分析等相关工作,,http://faculty.hfut.edu.cn/yxm/zh_CN/index.htm
F01182,合肥工业大学,合肥,211/双一流,计算机与信息学院（人工智能学院）,杨娟,副教授,副教授,1. 神经网络与深度学习技术 ：涵盖网络架构创新、高效训练优化、迁移学习与小样本学习等核心方向，重点研究大模型轻量化、跨模态融合及行业落地应用,,http://faculty.hfut.edu.cn/yj1234/zh_CN/index.htm
F01183,合肥工业大学,合肥,211/双一流,计算机与信息学院（人工智能学院）,杨矫云,副教授,副教授,大数据、人工智能、因果学习等模型与算法研究及其在医疗健康领域的应用，兼任中国计算机学会理论计算机科学专业委员会委员，东芬兰大学福祉科技社会研究中心国际合作网络首任科学委员会委员,,http://faculty.hfut.edu.cn/yangjiaoyun/zh_CN/index.htm
F01184,合肥工业大学,合肥,211/双一流,计算机与信息学院（人工智能学院）,樊春晓,副教授,副教授,主要集中在多媒体内容智能分析理解与神经网络模型优化领域，以,,http://faculty.hfut.edu.cn/fanchunxiao/zh_CN/index.htm
F01185,合肥工业大学,合肥,211/双一流,计算机与信息学院（人工智能学院）,樊玉琦,副教授,副教授,,,http://faculty.hfut.edu.cn/yuqifan/zh_CN/index.htm
F01186,合肥工业大学,合肥,211/双一流,计算机与信息学院（人工智能学院）,殷剑宏,副教授,副教授,主要从事图论、组合数学、离散数学的科研和,,https://ci.hfut.edu.cn/info/1130/13210.htm
F01187,合肥工业大学,合肥,211/双一流,计算机与信息学院（人工智能学院）,毕翔,副教授,副教授,[1] 计算机视觉 [2] 嵌入式人工智能 [3] 面向车联网环境的边缘智能与计算,0000-0002-2736-4563,http://faculty.hfut.edu.cn/bx/zh_CN/index.htm
F01188,合肥工业大学,合肥,211/双一流,计算机与信息学院（人工智能学院）,汪彩萍,副教授,副教授,,,https://ci.hfut.edu.cn/info/1130/13207.htm
F01189,合肥工业大学,合肥,211/双一流,计算机与信息学院（人工智能学院）,王亚雄,副教授,副教授,但不限于数据增强、无监督/弱/半监督学习、联邦学习、域泛化/适应、新类发现等，并探索它们在各种视觉任务中的应用，例如目标检索、 图像分类、语义分割以及多模态识别等,,http://faculty.hfut.edu.cn/%7EbAb2ea/zh_CN/index.htm
F01190,合肥工业大学,合肥,211/双一流,计算机与信息学院（人工智能学院）,王垚飞,副教授,副教授,生成式隐写与隐蔽通信、 大模型安全、AIGC内容安全 诚招2027级推免研究生及本科科研实习生 现有推免硕士名额约3名,,http://faculty.hfut.edu.cn/%7EYv6VVf/zh_CN/index.htm
F01191,合肥工业大学,合肥,211/双一流,计算机与信息学院（人工智能学院）,王昕,副教授,副教授,Research focus 计算机视觉 人工智能 仿生偏振信息获取与处理 嵌入式系统与智能机器人,,http://faculty.hfut.edu.cn/wangxin/zh_CN/index.htm
F01192,合肥工业大学,合肥,211/双一流,计算机与信息学院（人工智能学院）,王晓华,副教授,副教授,,,http://faculty.hfut.edu.cn/wxh12/zh_CN/index.htm
F01193,合肥工业大学,合肥,211/双一流,计算机与信息学院（人工智能学院）,王景运,副教授,副教授,,,https://ci.hfut.edu.cn/info/1130/13208.htm
F01194,合肥工业大学,合肥,211/双一流,计算机与信息学院（人工智能学院）,王辉,副教授,副教授,复杂网络、区块链、人工智能安全等,,https://faculty.hfut.edu.cn/WHui/zh_CN/index.htm
F01195,合肥工业大学,合肥,211/双一流,计算机与信息学院（人工智能学院）,田卫东,副教授,副教授,[1] 理论研究 [2] 工程领域 其他,,http://faculty.hfut.edu.cn/twd1/zh_CN/index.htm
F01196,合肥工业大学,合肥,211/双一流,计算机与信息学院（人工智能学院）,石雷,副教授,副教授,人工智能安全、联邦学习、边缘计算、无线网络优化等,,http://faculty.hfut.edu.cn/thunder10/zh_CN/index.htm
F01197,合肥工业大学,合肥,211/双一流,计算机与信息学院（人工智能学院）,程乐超,副教授,副教授,但不限于数据增强、无监督/弱/半监督学习、联邦学习、域泛化/适应、新类发现等，并探索它们在各种视觉任务中的应用，例如目标检索、 图像分类、语义分割以及多模态识别等,,http://faculty.hfut.edu.cn/ChengLechao/zh_CN/index.htm
F01198,合肥工业大学,合肥,211/双一流,计算机与信息学院（人工智能学院）,罗珣,副教授,副教授,,,http://faculty.hfut.edu.cn/l1/zh_CN/index.htm
F01199,合肥工业大学,合肥,211/双一流,计算机与信息学院（人工智能学院）,聂丽瑛,副教授,副教授,电子信息工程、电子科学与技术、信息与通信工程等 欢迎感兴趣的同学加入团队！(请,,http://faculty.hfut.edu.cn/nieliying/zh_CN/index.htm
F01200,合肥工业大学,合肥,211/双一流,计算机与信息学院（人工智能学院）,胡文波,副教授,副教授,主要研究机器学习，包括贝叶斯概率机器学习、人工智能安全以及科学人工智能,,http://faculty.hfut.edu.cn/huwenbo/
F01201,合肥工业大学,合肥,211/双一流,计算机与信息学院（人工智能学院）,胡金鹏,副教授,副教授,招生方向：计算机相关专业（计算机科学、人工智能、软件工程等）。 欢迎 对科研有浓厚兴趣，具有较强的主观能动性和自驱力的学生与我,,http://faculty.hfut.edu.cn/jinpenghu/zh_CN/index.htm
F01202,合肥工业大学,合肥,211/双一流,计算机与信息学院（人工智能学院）,苏兆品,副教授,副教授,复杂智能系统，多媒体安全等,,http://faculty.hfut.edu.cn/szp1/zh_CN/index.htm
F01203,合肥工业大学,合肥,211/双一流,计算机与信息学院（人工智能学院）,蒋妍妍,副教授,副教授,,,https://ci.hfut.edu.cn/info/1130/13202.htm
F01204,合肥工业大学,合肥,211/双一流,计算机与信息学院（人工智能学院）,薛丽霞,副教授,副教授,深度学习理论与应用、视频大数据与云计算、智能视频监控与公共安全、嵌入式多媒体技术,,http://faculty.hfut.edu.cn/xlx/zh_CN/index.htm
F01205,合肥工业大学,合肥,211/双一流,计算机与信息学院（人工智能学院）,许良凤,副教授,副教授,无线通信、图像处理、人脸表情识别等,,http://faculty.hfut.edu.cn/xlf/zh_CN/index.htm
F01206,合肥工业大学,合肥,211/双一流,计算机与信息学院（人工智能学院）,谢文军,副教授,副教授,运动数据采集与分析、角色动画生成,,https://faculty.hfut.edu.cn/xiewenjun1/zh_CN/index.htm
F01207,合肥工业大学,合肥,211/双一流,计算机与信息学院（人工智能学院）,谢昭,副教授,副教授,Research Focus,,http://faculty.hfut.edu.cn/xz12345678910/zh_CN/index.htm
F01208,合肥工业大学,合肥,211/双一流,计算机与信息学院（人工智能学院）,赵山,副教授,副教授,1. 大语言模型（LLM）核心算法：让模型更聪明、更高效、更专业 聚焦大模型的底层架构、推理机制与高效训练，研究如何用更少的计算资源获得更强的智能能力，并探索领域知识注入、复杂推理与幻觉抑制等关键问题,,http://faculty.hfut.edu.cn/12345678910111213141516171819202122232425/zh_CN/index/312136/list/index.htm
F01209,合肥工业大学,合肥,211/双一流,计算机与信息学院（人工智能学院）,赵烨,副教授,副教授,多媒体计算，图像视频内容理解，模式识别,,http://faculty.hfut.edu.cn/zz12345678910111213141516/zh_CN/index.htm
F01210,合肥工业大学,合肥,211/双一流,计算机与信息学院（人工智能学院）,路强,副教授,副教授,涉及人工智能、可视化和可视分析、计算机视觉、计算机图形学和协同计算等,,http://faculty.hfut.edu.cn/luqiang/zh_CN/index.htm
F01211,合肥工业大学,合肥,211/双一流,计算机与信息学院（人工智能学院）,邵堃,副教授,副教授,软件工程及其相关理论，这些年的研究重点在需求工程，信息化规划和软件测评等方面，特别是普适环境下的需求工程方法研究,,https://ci.hfut.edu.cn/info/1129/13113.htm
F01212,合肥工业大学,合肥,211/双一流,计算机与信息学院（人工智能学院）,郑淑丽,副教授,副教授,多媒体内容安全、无线传感网络等,,https://ci.hfut.edu.cn/info/1129/13151.htm
F01213,合肥工业大学,合肥,211/双一流,计算机与信息学院（人工智能学院）,郭凯,副教授,副教授,“深度学习+光信息技术”，真诚欢迎有志于从事科研工作的同学与我,,http://faculty.hfut.edu.cn/guokai/zh_CN/index.htm
F01214,合肥工业大学,合肥,211/双一流,计算机与信息学院（人工智能学院）,闵海,副教授,副教授,计算机视觉（包括图像分割、图像目标检测、3D语义分割等）、人工智能算法和无线电信号识别，应用对象包括自然图像、视频和医学图像，电台信号等,,http://faculty.hfut.edu.cn/minhai/zh_CN/index.htm
F01215,合肥工业大学,合肥,211/双一流,计算机与信息学院（人工智能学院）,陈田,副教授,副教授,人工智能、下一代 芯片设计、 3D 芯片与 Chiplet 、基于脑电波与生理信号的人机交互系统、情感计算 等,,http://faculty.hfut.edu.cn/ct/zh_CN/index.htm
F01216,合肥工业大学,合肥,211/双一流,计算机与信息学院（人工智能学院）,雷艺,副教授,副教授,光通信、无线通信、光载无线通信（RoF）、信道编码、 MIMO等 欢迎感兴趣的研究生报考！（,,http://faculty.hfut.edu.cn/leiyi/zh_CN/index.htm
F01217,合肥工业大学,合肥,211/双一流,计算机与信息学院（人工智能学院）,马学森,副教授,副教授,相关研究：机器视觉（目标检测与异常发现，无人机电力线巡线及异常检测等），时间序列分析（网络流量分析与异常检测；电力系统负载预测等）； 可招收研究生专业（学硕与专硕） ： 计算机科学与技术(081200)，信息与通信工程(081000)，电子信息(085400),,http://faculty.hfut.edu.cn/mxs/zh_CN/index.htm
F01218,合肥工业大学,合肥,211/双一流,计算机与信息学院（人工智能学院）,高勇,副教授,副教授,材料电磁性能测试理论与技术研究、电磁波与材料互作用机理测量与分析，极端环境下材料、器件效应分析，微波射频器件设计及应用等,,http://faculty.hfut.edu.cn/gaoyong/zh_CN/index.htm
F01219,合肥工业大学,合肥,211/双一流,计算机与信息学院（人工智能学院）,高欣健,副教授,副教授,,,http://faculty.hfut.edu.cn/gaoxinjian/zh_CN/index.htm
F01220,合肥工业大学,合肥,211/双一流,计算机与信息学院（人工智能学院）,黄伟,副教授,副教授,[1] 新一代移动通信,,http://faculty.hfut.edu.cn/huangwei1/zh_CN/index.htm
F01221,合肥工业大学,合肥,211/双一流,计算机与信息学院（人工智能学院）,黄锦阳,副教授,副教授,[1] 无线信号行为识别、人机交互、无线安全、计算机视觉 其他,,http://faculty.hfut.edu.cn/~a6z2Ef/zh_CN/index.htm
F01222,合肥工业大学,合肥,211/双一流,计算机与信息学院（人工智能学院）,黎洁,副教授,副教授,多媒体通信，视频流传输，无线视频多播,,http://faculty.hfut.edu.cn/lj12345678910111213/zh_CN/index.htm
F01223,合肥工业大学,合肥,211/双一流,计算机与信息学院（人工智能学院）,保文星,教授,教授,,,https://ci.hfut.edu.cn/info/1125/13157.htm
F01224,合肥工业大学,合肥,211/双一流,计算机与信息学院（人工智能学院）,俞奎,教授,教授,因果推断与大数据分析、大模型与智能问答、计算机视觉与低空目标识别,0000-0003-2442-4572,http://faculty.hfut.edu.cn/kuiy/zh_CN/index.htm
F01225,合肥工业大学,合肥,211/双一流,计算机与信息学院（人工智能学院）,刘博,教授,教授,大模型与智能体 分布式机器学习 时空大数据建模与应用 A 合肥工业大学计算机与信息学院时空数据智能实验室 博士后招聘流程参考 https://ci.hfut.edu.cn/info/1063/15029.htm 2027年硕士研究生招生 · 火热开启！ �� 我们是谁？ 由工大计算机与信息学院、汽车与交通工程学院国家级青年人才、斯坦福大学全球前2%顶尖科学家等师生组成,,http://faculty.hfut.edu.cn/~rYVZVn/zh_CN/index.htm
F01226,合肥工业大学,合肥,211/双一流,计算机与信息学院（人工智能学院）,刘学亮,教授,教授,主要集中在多媒体信息检索、计算机视觉及其在实际应用中的深度融合，围绕图像与视频内容分析、智能检索算法设计、跨模态信息理解等方面开展了系统性研究，致力于推动人工智能技术在信息智能处理领域的发展,,http://faculty.hfut.edu.cn/liuxueliang/zh_CN/index.htm
F01227,合肥工业大学,合肥,211/双一流,计算机与信息学院（人工智能学院）,刘晓平,教授,教授,,,http://faculty.hfut.edu.cn/lxp1/zh_CN/index.htm
F01228,合肥工业大学,合肥,211/双一流,计算机与信息学院（人工智能学院）,吴乐,教授,教授,个性化推荐、可解释与公平性用户建模、因果推断应用研究等,0000-0003-4556-0581,http://faculty.hfut.edu.cn/wule/zh_CN/index.htm
F01229,合肥工业大学,合肥,211/双一流,计算机与信息学院（人工智能学院）,吴信东,教授,教授,,,http://faculty.hfut.edu.cn/xwu/zh_CN/index.htm
F01230,合肥工业大学,合肥,211/双一流,计算机与信息学院（人工智能学院）,吴共庆,教授,教授,信息抽取、真值推断、AI4Science、时序数据分析、数据挖掘、大数据知识工程等,,http://faculty.hfut.edu.cn/gw/zh_CN/index.htm
F01231,合肥工业大学,合肥,211/双一流,计算机与信息学院（人工智能学院）,唐益明,教授,教授,涉及聚类分析、模糊推理、机器学习、情感计算、图像处理、粒度计算等，并成为情感计算与先进智能机器安徽省重点实验室的骨干成员,,http://faculty.hfut.edu.cn/tym/zh_CN/index.htm
F01232,合肥工业大学,合肥,211/双一流,计算机与信息学院（人工智能学院）,夏娜,教授,教授,北斗导航信息处理、水下传感器网络、计算智能及应用,,http://faculty.hfut.edu.cn/xn1/zh_CN/index.htm
F01233,合肥工业大学,合肥,211/双一流,计算机与信息学院（人工智能学院）,孙晓,教授,教授,自然语言处理，智能人机会话与情感交互，情感计算，具体涉及中文词法分析、机器翻译、人机对话、情感对话生成、文本情感分析、多模态情感分析、面部表情分析、生理信号非接触情感分析、行为姿态的情感分析等,,http://faculty.hfut.edu.cn/sunxiao/zh_CN/index.htm
F01234,合肥工业大学,合肥,211/双一流,计算机与信息学院（人工智能学院）,孙燕实,教授,教授,无线通信领域的前沿技术应用及基础理论分析与优化,,http://faculty.hfut.edu.cn/sunyanshi/zh_CN/index.htm
F01235,合肥工业大学,合肥,211/双一流,计算机与信息学院（人工智能学院）,孙锐,教授,教授,,,http://faculty.hfut.edu.cn/sr1/zh_CN/index.htm
F01236,合肥工业大学,合肥,211/双一流,计算机与信息学院（人工智能学院）,孟宪伟,教授,教授,,,http://faculty.hfut.edu.cn/~viMnYn/zh_CN/index.htm
F01237,合肥工业大学,合肥,211/双一流,计算机与信息学院（人工智能学院）,安宁,教授,教授,,0000-0003-3317-5299,http://faculty.hfut.edu.cn/anning/zh_CN/index.htm
F01238,合肥工业大学,合肥,211/双一流,计算机与信息学院（人工智能学院）,崔洁全,教授,教授,,,http://faculty.hfut.edu.cn/cuijiequan/en/index.htm
F01239,合肥工业大学,合肥,211/双一流,计算机与信息学院（人工智能学院）,开彩红,教授,教授,空天异构网络中的高效传输、快速组网与资源分配优化、有限块长低时延通信、移动边缘计算、无线局域网的性能分析与优化以及物理层通信安全等,,http://faculty.hfut.edu.cn/caihong_kai/zh_CN/index.htm
F01240,合肥工业大学,合肥,211/双一流,计算机与信息学院（人工智能学院）,张勇,教授,教授,,,http://faculty.hfut.edu.cn/zy6/zh_CN/index.htm
F01241,合肥工业大学,合肥,211/双一流,计算机与信息学院（人工智能学院）,张召,教授,教授,[1] 机器学习、模式识别、计算机视觉和图像处理 其他,,http://faculty.hfut.edu.cn/cszzhang/zh_CN/index.htm
F01242,合肥工业大学,合肥,211/双一流,计算机与信息学院（人工智能学院）,张国富,教授,教授,联盟博弈、进化计算、软件工程等,,http://faculty.hfut.edu.cn/zgf/zh_CN/index.htm
F01243,合肥工业大学,合肥,211/双一流,计算机与信息学院（人工智能学院）,张旭东,教授,教授,,,http://faculty.hfut.edu.cn/zxd1/zh_CN/index.htm
F01244,合肥工业大学,合肥,211/双一流,计算机与信息学院（人工智能学院）,方帅,教授,教授,计算机视觉及视觉与光学的交叉领域，具体的,,https://ci.hfut.edu.cn/info/1125/13161.htm
F01245,合肥工业大学,合肥,211/双一流,计算机与信息学院（人工智能学院）,时增林,教授,教授,Research Focus,,http://faculty.hfut.edu.cn/ShiZenglin/zh_CN/index.htm
F01246,合肥工业大学,合肥,211/双一流,计算机与信息学院（人工智能学院）,普楠,教授,教授,但不限于数据增强、无监督/弱/半监督学习、联邦学习、域泛化/适应、新类发现等，并探索它们在各种视觉任务中的应用，例如目标检索、 图像分类、语义分割以及多模态识别等,,http://faculty.hfut.edu.cn/punan/zh_CN/index/534098/list/index.htm
F01247,合肥工业大学,合肥,211/双一流,计算机与信息学院（人工智能学院）,曹锐,教授,教授,（ 1 ）新体制雷达系统及其关键技术 研究超大孔径数字阵列新装置、新体制三维成像雷达及应用等方面的研究工作 （ 2 ）数字信号处理与分析技术 研究超大孔径阵列的极弱信号提取和认证、干涉测量等关键技术 （ 3 ）微波毫米波集成电路 研究射频 / 毫米波 / 模拟集成电路的关键技术,,https://ci.hfut.edu.cn/info/1125/13158.htm
F01248,合肥工业大学,合肥,211/双一流,计算机与信息学院（人工智能学院）,李培培,教授,教授,面向Web的数据流挖掘、面向文本与图像等领域数据的多标签/短文本弱监督学习，面向医学疾病数据的图像分割与知识问答等,,http://faculty.hfut.edu.cn/lipeipei/zh_CN/index.htm
F01249,合肥工业大学,合肥,211/双一流,计算机与信息学院（人工智能学院）,李磊,教授,教授,[1] 计算肿瘤学 [2] 知识图谱中的图模式匹配 [3] 偏好补全,,http://faculty.hfut.edu.cn/lilei12/zh_CN/index.htm
F01250,合肥工业大学,合肥,211/双一流,计算机与信息学院（人工智能学院）,李萌,教授,教授,安全可信的数据共享、隐私保护计算、应用密码学、区块链、可信执行环境,,http://faculty.hfut.edu.cn/limeng/zh_CN/index.htm
F01251,合肥工业大学,合肥,211/双一流,计算机与信息学院（人工智能学院）,杨学志,教授,教授,1. 计算机视觉技术与应用,,https://ci.hfut.edu.cn/info/1125/13193.htm
F01252,合肥工业大学,合肥,211/双一流,计算机与信息学院（人工智能学院）,杨静,教授,教授,涉及人工智能、 数据挖掘、因果发现 、 生物医学信息、机器人和具身智能 等，并成为 智慧养老国际科技合作基地和 大数据知识工程教育部重点实验室的骨干成员,,http://faculty.hfut.edu.cn/yj1/zh_CN/index.htm
F01253,合肥工业大学,合肥,211/双一流,计算机与信息学院（人工智能学院）,欧阳一鸣,教授,教授,基于片上网络（NoC）的人工智能应用研究、人工神经网络加速器算法研究、嵌入式系统的综合与测试、数据挖掘与信息系统,,http://faculty.hfut.edu.cn/oyym/zh_CN/index.htm
F01254,合肥工业大学,合肥,211/双一流,计算机与信息学院（人工智能学院）,武阿明,教授,教授,通用具身智能和生物计算方向,,http://faculty.hfut.edu.cn/wuaming/zh_CN/index.htm
F01255,合肥工业大学,合肥,211/双一流,计算机与信息学院（人工智能学院）,汪荣贵,教授,教授,深度学习理论与应用、视频大数据与云计算、智能视频监控与公共安全、嵌入式多媒体技术,,http://faculty.hfut.edu.cn/wrg/zh_CN/index.htm
F01256,合肥工业大学,合肥,211/双一流,计算机与信息学院（人工智能学院）,汪萌,教授,教授,[1] 人工智能 [2] 模式识别 [3] 多媒体信息处理 [4] 信息检索与推荐,,http://faculty.hfut.edu.cn/wm12/zh_CN/index.htm
F01257,合肥工业大学,合肥,211/双一流,计算机与信息学院（人工智能学院）,洪日昌,教授,教授,"[1] Multimedia, Artificial Intelligence, Big Data",,http://faculty.hfut.edu.cn/hrc/zh_CN/index.htm
F01258,合肥工业大学,合肥,211/双一流,计算机与信息学院（人工智能学院）,王杨,教授,教授,Research Focus,,http://faculty.hfut.edu.cn/wangyang12/zh_CN/index.htm
F01259,合肥工业大学,合肥,211/双一流,计算机与信息学院（人工智能学院）,王禄生,教授,教授,后5G致密网络、车联网与 行人流预测 、智能算法回测、时间序列分析等，在相关领域发表SCI期刊约30篇，其中包括IEEE Commun. Surveys Tuts.、IEEE Trans. Wireless Commun.、IEEE Trans. Veh. Technol.、China Communications等高水平国际期刊，另有国际会议论文与国内期刊论文共30余篇,,http://faculty.hfut.edu.cn/wls/zh_CN/index.htm
F01260,合肥工业大学,合肥,211/双一流,计算机与信息学院（人工智能学院）,程志勇,教授,教授,信息检索与推荐、数据挖掘与大数据、 多媒体分析与检索等 . -课题组长期招聘青年教师、博后（详情请阅“ 博士后招聘公告 ”），相关待遇请查看 人才引进待遇2025.pdf -欢迎2026年(9月入学)的保研和博士申请的学生提前,,https://faculty.hfut.edu.cn/chengzhiyong/zh_CN/index.htm
F01261,合肥工业大学,合肥,211/双一流,计算机与信息学院（人工智能学院）,程文娟,教授,教授,计算机应用技术、模式识别、智能计算与传感器技术等,,https://ci.hfut.edu.cn/info/1126/13420.htm
F01262,合肥工业大学,合肥,211/双一流,计算机与信息学院（人工智能学院）,罗月童,教授,教授,交互式智能数据分析、工业产品表面缺陷视觉检测、计算机技术与核能（重点是核聚变）安全领域的交叉研究： 交互式智能数据分析 ：该方向综合运用可视化技术、人机交互技术和人工智能技术，探索 将人类智能（ 感知能力、经验智慧 ）与机器智能（ 运算能力 、分析能力）紧密地结合来解决复杂数据分析的方法,,http://faculty.hfut.edu.cn/luoyuetong/zh_CN/index.htm
F01263,合肥工业大学,合肥,211/双一流,计算机与信息学院（人工智能学院）,胡东辉,教授,教授,大数据及人工智能安全，信息隐藏与隐写分析、 车联网安全与取证、 区块链及应用密码学等,,http://faculty.hfut.edu.cn/hudonghui/zh_CN/index.htm
F01264,合肥工业大学,合肥,211/双一流,计算机与信息学院（人工智能学院）,胡学钢,教授,教授,知识工程，数据挖掘，数据结构,,https://ci.hfut.edu.cn/info/1125/13171.htm
F01265,合肥工业大学,合肥,211/双一流,计算机与信息学院（人工智能学院）,胡敏,教授,教授,视频图像处理和情感计算,,http://faculty.hfut.edu.cn/hm2/zh_CN/index.htm
F01266,合肥工业大学,合肥,211/双一流,计算机与信息学院（人工智能学院）,胡珍珍,教授,教授,视觉语义跨媒体理解、情感计算、计算机视觉和图像处理,,http://faculty.hfut.edu.cn/huzhenzhen/zh_CN/index.htm
F01267,合肥工业大学,合肥,211/双一流,计算机与信息学院（人工智能学院）,胡社教,教授,教授,智能检测与信号处理,,http://faculty.hfut.edu.cn/hsj1/zh_CN/index.htm
F01268,合肥工业大学,合肥,211/双一流,计算机与信息学院（人工智能学院）,胡骏,教授,教授,,,http://faculty.hfut.edu.cn/cs_hujun/zh_CN/index.htm
F01269,合肥工业大学,合肥,211/双一流,计算机与信息学院（人工智能学院）,艾加秋,教授,教授,计算机视觉、遥感图像处理、视频图像处理、深度学习模型开发与应用,,http://faculty.hfut.edu.cn/aijiaqiu/zh_CN/index.htm
F01270,合肥工业大学,合肥,211/双一流,计算机与信息学院（人工智能学院）,范之国,教授,教授,,,http://faculty.hfut.edu.cn/fzg/zh_CN/index.htm
F01271,合肥工业大学,合肥,211/双一流,计算机与信息学院（人工智能学院）,蔡青,教授,教授,医工交叉、具身智能、脑机接口,,https://faculty.hfut.edu.cn/caiqing
F01272,合肥工业大学,合肥,211/双一流,计算机与信息学院（人工智能学院）,薛峰,教授,教授,视觉多媒体分析、智能推荐系统、 软件 系统研发,,http://faculty.hfut.edu.cn/xf2/zh_CN/index/160913/list/index.htm
F01273,合肥工业大学,合肥,211/双一流,计算机与信息学院（人工智能学院）,詹曙,教授,教授,研究人工智能机器学习理论与方法进行以下内容分析处理： 视频图像分析和识别,0000-0002-5568-0264,https://ci.hfut.edu.cn/info/1125/13195.htm
F01274,合肥工业大学,合肥,211/双一流,计算机与信息学院（人工智能学院）,贾伟,教授,教授,人工智能、深度学习、多模态大模型、计算机视觉、生物特征识别、自动驾驶、图像处理、模式识别,,http://faculty.hfut.edu.cn/jiawei/zh_CN/index.htm
F01275,合肥工业大学,合肥,211/双一流,计算机与信息学院（人工智能学院）,赵仲秋,教授,教授,Research focus 模式识别、深度学习、图像视频分类与理解、数据挖掘等,0009-0005-5707-8663,http://faculty.hfut.edu.cn/zzq123456/zh_CN/index.htm
F01276,合肥工业大学,合肥,211/双一流,计算机与信息学院（人工智能学院）,赵洋,教授,教授,视频图像处理、计算机视觉、人工智能,,http://faculty.hfut.edu.cn/zhaoyang/zh_CN/index.htm
F01277,合肥工业大学,合肥,211/双一流,计算机与信息学院（人工智能学院）,郑利平,教授,教授,计算机图形学、人工智能、计算机视觉等,,http://faculty.hfut.edu.cn/zhenglp/zh_CN/index.htm
F01278,合肥工业大学,合肥,211/双一流,计算机与信息学院（人工智能学院）,郝世杰,教授,教授,,,http://faculty.hfut.edu.cn/hsj12/zh_CN/index.htm
F01279,合肥工业大学,合肥,211/双一流,计算机与信息学院（人工智能学院）,郝艳宾,教授,教授,人工智能、大模型应用，主要包括多媒体内容表征与理解、多模态信息融合决策和大模型驱动的跨模态理解与生成,,http://faculty.hfut.edu.cn/~6JV3e2/zh_CN/index.htm
F01280,合肥工业大学,合肥,211/双一流,计算机与信息学院（人工智能学院）,郭丹,教授,教授,机器学习、深度学习、模式识别、多媒体计算,,http://faculty.hfut.edu.cn/gd/zh_CN/index.htm
F01281,合肥工业大学,合肥,211/双一流,计算机与信息学院（人工智能学院）,郭忠义,教授,教授,智能传感器件与系统、偏振智能信息处理、雷达信息处理等,,http://faculty.hfut.edu.cn/gzy12/zh_CN/index.htm
F01282,合肥工业大学,合肥,211/双一流,计算机与信息学院（人工智能学院）,郭艳蓉,教授,教授,1、多源异构数据协同下的精神状态分析与辅助诊断模型,,http://faculty.hfut.edu.cn/guoyanrong/zh_CN/index.htm
F01283,合肥工业大学,合肥,211/双一流,计算机与信息学院（人工智能学院）,钟准,教授,教授,以“可信计算机视觉”为主题，主要聚焦于行人再识别、域适应/泛化、新类发现和联邦学习,,http://faculty.hfut.edu.cn/~3AniMz/zh_CN/index.htm
F01284,合肥工业大学,合肥,211/双一流,计算机与信息学院（人工智能学院）,陆阳,教授,教授,[1] 分布式控制技术 [2] 物联网与边缘计算,,http://faculty.hfut.edu.cn/ly12345/zh_CN/index.htm
F01285,合肥工业大学,合肥,211/双一流,计算机与信息学院（人工智能学院）,陈思,教授,教授,无源物联网、反向散射通信、低功耗无线感知、商用无线设备兼容通信以及智能物联网系统,,http://faculty.hfut.edu.cn/chensi/zh_CN/index.htm
F01286,合肥工业大学,合肥,211/双一流,计算机与信息学院（人工智能学院）,陈斌,教授,教授,数字信号处理、编码调制、光通信、通信物理层安全等,,http://faculty.hfut.edu.cn/BinChen/zh_CN/index.htm
F01287,合肥工业大学,合肥,211/双一流,计算机与信息学院（人工智能学院）,陈雁翔,教授,教授,[1] 多媒体信息处理、多媒体安全及伪造检测、音视频多模态信息处理、人工智能（详见“科学研究-->,,http://faculty.hfut.edu.cn/cyx1/zh_CN/index/144817/list/
F01288,合肥工业大学,合肥,211/双一流,计算机与信息学院（人工智能学院）,陈鲸,教授,教授,遥感信息技术及系统集成,,https://ci.hfut.edu.cn/info/1125/13159.htm
F01289,合肥工业大学,合肥,211/双一流,计算机与信息学院（人工智能学院）,高隽,教授,教授,偏振信息处理、图像处理、模式识别、神经网络理论及应用、光电信息处理、智能信息处理,,https://ci.hfut.edu.cn/info/1125/13163.htm
F01290,合肥工业大学,合肥,211/双一流,计算机与信息学院（人工智能学院）,魏振春,教授,教授,分布式智能、物联网、深度强化学习、宽频振荡抑制、雷电监测、边缘计算、自动驾驶,,http://faculty.hfut.edu.cn/wzc/zh_CN/index.htm
F01291,合肥工业大学,合肥,211/双一流,计算机与信息学院（人工智能学院）,魏臻,教授,教授,[1] 工业铁路信号控制与智能调度、智能化矿山建设领域关键技术研究,0009-0003-2588-2687,http://faculty.hfut.edu.cn/wz1234/zh_CN/index.htm
F01292,合肥工业大学,合肥,211/双一流,计算机与信息学院（人工智能学院）,鲍秉坤,教授,教授,多媒体计算、社交多媒体、计算机视觉、人工智能等,,http://faculty.hfut.edu.cn/baobingkun/zh_CN/index.htm
F01293,合肥工业大学,合肥,211/双一流,计算机与信息学院（人工智能学院）,齐美彬,教授,教授,（1）数字信号分析与处理 欠采样窄带信号频谱恢复、局域化频谱分析,,https://ci.hfut.edu.cn/info/1125/13181.htm
F01294,合肥工业大学,合肥,211/双一流,计算机与信息学院（人工智能学院）,丁凉,讲师,讲师,,,https://ci.hfut.edu.cn/info/1133/13234.htm
F01295,合肥工业大学,合肥,211/双一流,计算机与信息学院（人工智能学院）,丁贤庆,讲师,讲师,嵌入式系统的设计,,https://ci.hfut.edu.cn/info/1133/13233.htm
F01296,合肥工业大学,合肥,211/双一流,计算机与信息学院（人工智能学院）,于磊,讲师,讲师,,,http://faculty.hfut.edu.cn/yl1234/zh_CN/index.htm
F01297,合肥工业大学,合肥,211/双一流,计算机与信息学院（人工智能学院）,侯旻,讲师,讲师,个性化智能（Personalized Intelligence），具体包括推荐系统（基于大模型的推荐系统、生成式推荐）、个性化大模型、大模型记忆机制、模型去偏,,https://faculty.hfut.edu.cn/houmin/zh_CN/index.htm
F01298,合肥工业大学,合肥,211/双一流,计算机与信息学院（人工智能学院）,凤维杰,讲师,讲师,社会网络分析，情感计算，图表示学习 等,,http://faculty.hfut.edu.cn/wjfeng/zh_CN/index.htm
F01299,合肥工业大学,合肥,211/双一流,计算机与信息学院（人工智能学院）,刘彬彬,讲师,讲师,(1) 智能化软件分析(LLM&Software Analysis)：llm for software analysis (2) 智能体垂域应用(AI Agent)：domain-specific AI(language) agent application (3) 智能化软件开发(AI4SE)：coding agent,,http://faculty.hfut.edu.cn/liubinbin_2022/zh_CN/index.htm
F01300,合肥工业大学,合肥,211/双一流,计算机与信息学院（人工智能学院）,刘良辰,讲师,讲师,视觉语言基座模型，大模型高效微调、 面向新能源领域的人工智能应用（如电池老化预测等） 、生物特征识别 等,,http://faculty.hfut.edu.cn/liuliangchen/zh_CN/index.htm
F01301,合肥工业大学,合肥,211/双一流,计算机与信息学院（人工智能学院）,刘菲,讲师,讲师,数据智能、AI4Education、AI4Science,,http://faculty.hfut.edu.cn/feiliu/zh_CN/index.htm
F01302,合肥工业大学,合肥,211/双一流,计算机与信息学院（人工智能学院）,刘超,讲师,讲师,[1] 阵列信号处理,,http://faculty.hfut.edu.cn/lc1234/zh_CN/index.htm
F01303,合肥工业大学,合肥,211/双一流,计算机与信息学院（人工智能学院）,刘雪南,讲师,讲师,,,http://faculty.hfut.edu.cn/liuxuenan/zh_CN/index.htm
F01304,合肥工业大学,合肥,211/双一流,计算机与信息学院（人工智能学院）,吕俊伟,讲师,讲师,,,http://faculty.hfut.edu.cn/lvjunwei/zh_CN/index.htm
F01305,合肥工业大学,合肥,211/双一流,计算机与信息学院（人工智能学院）,吴玺,讲师,讲师,,,http://faculty.hfut.edu.cn/wz123456789/zh_CN/index.htm
F01306,合肥工业大学,合肥,211/双一流,计算机与信息学院（人工智能学院）,周红鹃,讲师,讲师,,,https://ci.hfut.edu.cn/info/1133/13264.htm
F01307,合肥工业大学,合肥,211/双一流,计算机与信息学院（人工智能学院）,唐申庚,讲师,讲师,手语翻译与生成、视频理解与分析、跨媒体智能推理,,http://faculty.hfut.edu.cn/tangshengeng/zh_CN/index.htm
F01308,合肥工业大学,合肥,211/双一流,计算机与信息学院（人工智能学院）,姜烨,讲师,讲师,与成果 算法方面重点关注群体智能优化算法设计，深度学习算法设计,,http://faculty.hfut.edu.cn/jiangye/zh_CN/index.htm
F01309,合肥工业大学,合肥,211/双一流,计算机与信息学院（人工智能学院）,娄彦山,讲师,讲师,,,https://ci.hfut.edu.cn/info/1133/13243.htm
F01310,合肥工业大学,合肥,211/双一流,计算机与信息学院（人工智能学院）,孙永宣,讲师,讲师,,,https://ci.hfut.edu.cn/info/1133/13249.htm
F01311,合肥工业大学,合肥,211/双一流,计算机与信息学院（人工智能学院）,庄硕,讲师,讲师,模式识别与智能系统、深度学习和计算机视觉，并致力于理论算法在遥感影像理解、红外目标探测、电子侦察等领域中的应用,,http://faculty.hfut.edu.cn/zhuangshuo/zh_CN/index.htm
F01312,合肥工业大学,合肥,211/双一流,计算机与信息学院（人工智能学院）,张延孔,讲师,讲师,,,http://faculty.hfut.edu.cn/zhangyankong/zh_CN/index.htm
F01313,合肥工业大学,合肥,211/双一流,计算机与信息学院（人工智能学院）,张涛林,讲师,讲师,（1） 大模型多智能体研究（LLM&VLLM）：具体为多智能体任务规划、,,http://faculty.hfut.edu.cn/zhangtaolin/zh_CN/index/524458/list/
F01314,合肥工业大学,合肥,211/双一流,计算机与信息学院（人工智能学院）,徐静远,讲师,讲师,,,http://faculty.hfut.edu.cn/xujingyuan/zh_CN/index.htm
F01315,合肥工业大学,合肥,211/双一流,计算机与信息学院（人工智能学院）,朱晓玲,讲师,讲师,,,https://ci.hfut.edu.cn/info/1133/13265.htm
F01316,合肥工业大学,合肥,211/双一流,计算机与信息学院（人工智能学院）,李书杰,讲师,讲师,1、纵向科研 现如今，VR/AR的热潮已经席卷了科研及产业界，其技术带来的变革已经极大的改变了我们的生活,,https://ci.hfut.edu.cn/info/1132/13220.htm
F01317,合肥工业大学,合肥,211/双一流,计算机与信息学院（人工智能学院）,李俊照,讲师,讲师,,,https://ci.hfut.edu.cn/info/1133/13240.htm
F01318,合肥工业大学,合肥,211/双一流,计算机与信息学院（人工智能学院）,李宏芒,讲师,讲师,,,https://ci.hfut.edu.cn/info/1133/13239.htm
F01319,合肥工业大学,合肥,211/双一流,计算机与信息学院（人工智能学院）,李文静,讲师,讲师,智能交通系统，相关成果发表于 IEEE TITS、CVPR、AAAI、NeurIPS 等国际顶级期刊与会议， 获得ICPR2024最佳学生论文奖（当年唯一）,,http://faculty.hfut.edu.cn/~aei2Uf/zh_CN/index.htm
F01320,合肥工业大学,合肥,211/双一流,计算机与信息学院（人工智能学院）,杨帆,讲师,讲师,,,http://faculty.hfut.edu.cn/yangfan123/zh_CN/index.htm
F01321,合肥工业大学,合肥,211/双一流,计算机与信息学院（人工智能学院）,杨毅,讲师,讲师,人工智能安全、大语言模型与计算机视觉,,http://faculty.hfut.edu.cn/yangyi/zh_CN/index.htm
F01322,合肥工业大学,合肥,211/双一流,计算机与信息学院（人工智能学院）,殷文斐,讲师,讲师,大语言模型应用、人工智能 （ AI for Science ） 、 毫米波雷达 系统集 成与物联网应用,,http://faculty.hfut.edu.cn/yinwenfei/zh_CN/index.htm
F01323,合肥工业大学,合肥,211/双一流,计算机与信息学院（人工智能学院）,汪进,讲师,讲师,,,https://ci.hfut.edu.cn/info/1133/13250.htm
F01324,合肥工业大学,合肥,211/双一流,计算机与信息学院（人工智能学院）,牛朝,讲师,讲师,,,http://ci.hfut.edu.cn/2020/1209/c11506a245760/page.htm
F01325,合肥工业大学,合肥,211/双一流,计算机与信息学院（人工智能学院）,王晓亮,讲师,讲师,+ 数据库系统，主要包括：存储引擎、缓存系统、以及新型存储介质等,,http://faculty.hfut.edu.cn/~v2m6fq/zh_CN/index.htm
F01326,合肥工业大学,合肥,211/双一流,计算机与信息学院（人工智能学院）,秦伟,讲师,讲师,限制在某个单一应用，而是共同建设两套相互衔接的技术能力,,http://faculty.hfut.edu.cn/qinwei1/zh_CN/index.htm
F01327,合肥工业大学,合肥,211/双一流,计算机与信息学院（人工智能学院）,程志新,讲师,讲师,计算机视觉、三维感知与多模态大模型等,,https://faculty.hfut.edu.cn/chengzhixin/zh_CN/index.htm
F01328,合肥工业大学,合肥,211/双一流,计算机与信息学院（人工智能学院）,童秋云,讲师,讲师,涵盖 数据安全与隐私保护、数据要素流通、云计算、车联网、 应用密码学 等,,http://faculty.hfut.edu.cn/tongqiuyun/zh_CN/index.htm
F01329,合肥工业大学,合肥,211/双一流,计算机与信息学院（人工智能学院）,翟琰,讲师,讲师,,,https://ci.hfut.edu.cn/info/1133/13261.htm
F01330,合肥工业大学,合肥,211/双一流,计算机与信息学院（人工智能学院）,肖海鸿,讲师,讲师,3D视觉、场景重建、多智能体与空间智能,,http://faculty.hfut.edu.cn/~Y3M7Fv/zh_CN/index.htm
F01331,合肥工业大学,合肥,211/双一流,计算机与信息学院（人工智能学院）,胡庆庆,讲师,讲师,,,http://faculty.hfut.edu.cn/huqingqing/
F01332,合肥工业大学,合肥,211/双一流,计算机与信息学院（人工智能学院）,臧琪,讲师,讲师,深度学习、计算机视觉、遥感图像理解 ，聚焦于开放环境下的跨域学习、开集学习与多模态学习等关键问题，致力于提升模型的泛化能力,,http://faculty.hfut.edu.cn/zangqi/zh_CN/index.htm
F01333,合肥工业大学,合肥,211/双一流,计算机与信息学院（人工智能学院）,蒋薇薇,讲师,讲师,,,http://faculty.hfut.edu.cn/jzz1/zh_CN/index.htm
F01334,合肥工业大学,合肥,211/双一流,计算机与信息学院（人工智能学院）,赵志伟,讲师,讲师,多模态行人重识别、多模态大模型、多模态可控生成,,http://faculty.hfut.edu.cn/zhaozhiwei/zh_CN/index.htm
F01335,合肥工业大学,合肥,211/双一流,计算机与信息学院（人工智能学院）,金兢,讲师,讲师,计算机视觉感知、机器视觉测量、视觉SLAM等,,http://faculty.hfut.edu.cn/jinjing/zh_CN/index.htm
F01336,合肥工业大学,合肥,211/双一流,计算机与信息学院（人工智能学院）,阙夏,讲师,讲师,,,http://faculty.hfut.edu.cn/quexia/zh_CN/index.htm
F01337,合肥工业大学,合肥,211/双一流,计算机与信息学院（人工智能学院）,韦炎炎,讲师,讲师,多模态信息增强与理解、大模型及多智能体应用、AI+X,,http://faculty.hfut.edu.cn/weiyanyan/zh_CN/index.htm
F01338,合肥工业大学,合肥,211/双一流,计算机与信息学院（人工智能学院）,项厚宏,讲师,讲师,米波数字阵列雷达低空多径干扰抑制及隐身目标参数估计 [2] 陈峰：统考，本科合肥工业大学信通系,,http://faculty.hfut.edu.cn/xianghouhong/zh_CN/index.htm
F01339,合肥工业大学,合肥,211/双一流,计算机与信息学院（人工智能学院）,顾辰,讲师,讲师,主要集中在人工智能安全与隐私保护，以及智能网联汽车的应用与安全等领域,,http://faculty.hfut.edu.cn/guchen/zh_CN/index.htm
F01340,合肥工业大学,合肥,211/双一流,计算机与信息学院（人工智能学院）,马绘,讲师,讲师,情感计算、大语言模型的持续进化与安全,,http://faculty.hfut.edu.cn/mahui1/zh_CN/index.htm
F01341,合肥工业大学,合肥,211/双一流,计算机与信息学院（人工智能学院）,鲍宏杰,讲师,讲师,,,https://ci.hfut.edu.cn/info/1133/13231.htm
F01342,吉林大学,长春,985/211/双一流,计算机科学与技术学院,领域适配,,其他,领域适配、迁移学习、机器学习,,https://ccst.jlu.edu.cn/szdw/zpzpjs.htm
F01343,吉林大学,长春,985/211/双一流,计算机科学与技术学院,何丽莉,副教授,副教授,智能感知,,https://ccst.jlu.edu.cn/info/1028/21133.htm
F01344,吉林大学,长春,985/211/双一流,计算机科学与技术学院,冯铁,副教授,副教授,软件工程,,https://ccst.jlu.edu.cn/info/1028/19178.htm
F01345,吉林大学,长春,985/211/双一流,计算机科学与技术学院,刘学艳,副教授,副教授,,,https://ccst.jlu.edu.cn/szdw/zpzpjs.htm
F01346,吉林大学,长春,985/211/双一流,计算机科学与技术学院,刘宇舟,副教授,副教授,特征选择、工程机械智能化（端到端模型）、智能 软件工程,,https://ccst.jlu.edu.cn/info/1028/20737.htm
F01347,吉林大学,长春,985/211/双一流,计算机科学与技术学院,刘小华,副教授,副教授,计算智能,,https://ccst.jlu.edu.cn/info/1028/19176.htm
F01348,吉林大学,长春,985/211/双一流,计算机科学与技术学院,刘文彬,副教授,副教授,遵循“基础积累-,,https://ccst.jlu.edu.cn/info/1028/19122.htm
F01349,吉林大学,长春,985/211/双一流,计算机科学与技术学院,刘杰,副教授,副教授,数据挖掘、模式识别,,https://ccst.jlu.edu.cn/info/1028/19175.htm
F01350,吉林大学,长春,985/211/双一流,计算机科学与技术学院,刘永皓,准聘副教授,副教授,,,https://ccst.jlu.edu.cn/szdw/zpzpjs.htm
F01351,吉林大学,长春,985/211/双一流,计算机科学与技术学院,刘雪洁,副教授,副教授,无线网络规划与优化、移动智能计算、车联网通信、车辆大数据挖掘及深度/强化学习,,https://ccst.jlu.edu.cn/info/1028/19156.htm
F01352,吉林大学,长春,985/211/双一流,计算机科学与技术学院,刘露,副教授,副教授,数据挖掘、机器学习、自然语言处理,,https://ccst.jlu.edu.cn/info/1028/20040.htm
F01353,吉林大学,长春,985/211/双一流,计算机科学与技术学院,初剑峰,副教授,副教授,,,https://ccst.jlu.edu.cn/info/1028/19184.htm
F01354,吉林大学,长春,985/211/双一流,计算机科学与技术学院,周千寓,准聘副教授,副教授,,,https://ccst.jlu.edu.cn/szdw/zpzpjs.htm
F01355,吉林大学,长春,985/211/双一流,计算机科学与技术学院,姚志林,副教授,副教授,协同软件开发,,https://ccst.jlu.edu.cn/info/1028/19154.htm
F01356,吉林大学,长春,985/211/双一流,计算机科学与技术学院,姜志强,副教授,副教授,,,https://ccst.jlu.edu.cn/info/1028/19144.htm
F01357,吉林大学,长春,985/211/双一流,计算机科学与技术学院,孙延风,副教授,副教授,机器学习，复杂网络，金融数据分析,,https://ccst.jlu.edu.cn/info/1028/19168.htm
F01358,吉林大学,长春,985/211/双一流,计算机科学与技术学院,孙永雄,副教授,副教授,移动应用、图像处理、大数据分析,,https://ccst.jlu.edu.cn/info/1028/19151.htm
F01359,吉林大学,长春,985/211/双一流,计算机科学与技术学院,孙泽敏,准聘副教授,副教授,,,https://ccst.jlu.edu.cn/szdw/zpzpjs.htm
F01360,吉林大学,长春,985/211/双一流,计算机科学与技术学院,宋姗姗,副教授,副教授,水下物联网、水下网络建模与优化,,https://ccst.jlu.edu.cn/info/1028/19119.htm
F01361,吉林大学,长春,985/211/双一流,计算机科学与技术学院,岳恒山,准聘副教授,副教授,,,https://ccst.jlu.edu.cn/szdw/zpzpjs.htm
F01362,吉林大学,长春,985/211/双一流,计算机科学与技术学院,崔佳旭,副教授,副教授,,,https://ccst.jlu.edu.cn/szdw/zpzpjs.htm
F01363,吉林大学,长春,985/211/双一流,计算机科学与技术学院,康健,副教授,副教授,网络攻击检测与防御、 QoS 侵犯抑制,,https://ccst.jlu.edu.cn/info/1028/19136.htm
F01364,吉林大学,长春,985/211/双一流,计算机科学与技术学院,张晋东,副教授,副教授,嵌入式系统、机器视觉、机器学习，及其在无人驾驶汽车、工业等领域的应用,,https://ccst.jlu.edu.cn/info/1028/19303.htm
F01365,吉林大学,长春,985/211/双一流,计算机科学与技术学院,张禹,副教授,副教授,,,https://ccst.jlu.edu.cn/info/1028/19157.htm
F01366,吉林大学,长春,985/211/双一流,计算机科学与技术学院,徐原博,副教授,副教授,（推荐 + 时空 +AI ） l 智能推荐系统： 聚焦序列推荐、因果推断在用户行为建模中的应用，重点解决数据缺失、用户偏好偏差与跨域冷启动等核心问题,,https://ccst.jlu.edu.cn/info/1028/19123.htm
F01367,吉林大学,长春,985/211/双一流,计算机科学与技术学院,曲冠南,副教授,副教授,并行/分布式系统,,https://ccst.jlu.edu.cn/info/1028/19170.htm
F01368,吉林大学,长春,985/211/双一流,计算机科学与技术学院,朱允刚,副教授,副教授,人工智能领域中的概率图模型、机器学习与数据挖掘、不确定性推理等,,https://ccst.jlu.edu.cn/info/1028/19165.htm
F01369,吉林大学,长春,985/211/双一流,计算机科学与技术学院,朱建启,副教授,副教授,车载网络、网络安全、信息安全,,https://ccst.jlu.edu.cn/info/1028/19152.htm
F01370,吉林大学,长春,985/211/双一流,计算机科学与技术学院,李嘉菲,副教授,副教授,数据挖掘、信息融合、智能信息处理,,https://ccst.jlu.edu.cn/info/1028/19134.htm
F01371,吉林大学,长春,985/211/双一流,计算机科学与技术学院,李大利,副教授,副教授,软件工程,,https://ccst.jlu.edu.cn/info/1028/19158.htm
F01372,吉林大学,长春,985/211/双一流,计算机科学与技术学院,李妮娅,副教授,副教授,,,https://ccst.jlu.edu.cn/info/1028/19133.htm
F01373,吉林大学,长春,985/211/双一流,计算机科学与技术学院,李宏图,副教授,副教授,网络安全,,https://ccst.jlu.edu.cn/info/1028/19137.htm
F01374,吉林大学,长春,985/211/双一流,计算机科学与技术学院,李树秋,副教授,副教授,技术机协同技术，计算机应用技术,,https://ccst.jlu.edu.cn/info/1028/19155.htm
F01375,吉林大学,长春,985/211/双一流,计算机科学与技术学院,李洪亮,副教授,副教授,并行/分布式深度学习、云计算和数据中心，研究系统资源调度和各类并行作业容错方法等,,https://ccst.jlu.edu.cn/info/1028/20013.htm
F01376,吉林大学,长春,985/211/双一流,计算机科学与技术学院,李瑛,副教授,副教授,,,https://ccst.jlu.edu.cn/info/1028/19141.htm
F01377,吉林大学,长春,985/211/双一流,计算机科学与技术学院,李长春,准聘副教授,副教授,,,https://ccst.jlu.edu.cn/szdw/zpzpjs.htm
F01378,吉林大学,长春,985/211/双一流,计算机科学与技术学院,杨可新,副教授,副教授,信息安全，隐私保护，网络对抗，网络安全行为学,,https://ccst.jlu.edu.cn/info/1028/19146.htm
F01379,吉林大学,长春,985/211/双一流,计算机科学与技术学院,杨馥宁,副教授,副教授,[1] 移动计算 / 群智感知 [2] 人工智能 / 大数据 [3] 智能物联网 / 边缘计算 [4] 推荐系统 / 隐私保护,,https://ccst.jlu.edu.cn/info/1028/20507.htm
F01380,吉林大学,长春,985/211/双一流,计算机科学与技术学院,梅芳,副教授,副教授,移动通信与网络及智能信息处理，主要从事移动边缘计算、异步 / 异构联邦学习、多模态信息融合、生成式 AI 、元学习、深度强化学习、多目标群智优化算法，以及智能交通及车联网低时延通信、无人机协作通信与感知、 6G 网络资源管理与优化等方面的研究工作,,https://ccst.jlu.edu.cn/info/1028/19350.htm
F01381,吉林大学,长春,985/211/双一流,计算机科学与技术学院,牛砚,副教授,副教授,计算机视觉,,https://ccst.jlu.edu.cn/info/1028/19160.htm
F01382,吉林大学,长春,985/211/双一流,计算机科学与技术学院,王上,副教授,副教授,数字图像处理,,https://ccst.jlu.edu.cn/info/1028/20979.htm
F01383,吉林大学,长春,985/211/双一流,计算机科学与技术学院,王兴旺,副教授,副教授,深度神经网络部署优化、计算机视觉、物联网、水下传感器网络,,https://ccst.jlu.edu.cn/info/1028/19128.htm
F01384,吉林大学,长春,985/211/双一流,计算机科学与技术学院,王峰,副教授,副教授,"人工智能物联网（AIoT）,物联网安全（IoT Security）,网络安全（Cyber Security）,数字取证（Digital Forensics） 招生资格：硕士、博士研究生",,https://ccst.jlu.edu.cn/info/1028/20099.htm
F01385,吉林大学,长春,985/211/双一流,计算机科学与技术学院,王康平,副教授,副教授,异构计算、大语言模型,,https://ccst.jlu.edu.cn/info/1028/20171.htm
F01386,吉林大学,长春,985/211/双一流,计算机科学与技术学院,王晓燕,副教授,副教授,,,https://ccst.jlu.edu.cn/info/1028/20086.htm
F01387,吉林大学,长春,985/211/双一流,计算机科学与技术学院,王莹,副教授,副教授,自动驾驶仿真建模技术 自动驾驶仿真测试评价 技术 驾驶环境感知和数据融合 招收计算机学院 / 软件学院硕士研究生： 欢迎有意报送和报考的硕士研究生同学与我,,https://ccst.jlu.edu.cn/info/1028/19148.htm
F01388,吉林大学,长春,985/211/双一流,计算机科学与技术学院,王鏐璞,副教授,副教授,,,https://ccst.jlu.edu.cn/info/1028/19153.htm
F01389,吉林大学,长春,985/211/双一流,计算机科学与技术学院,申春,副教授,副教授,软件安全与云计算、程序设计语言及其实现技术,0000-0002-1102-4871,https://ccst.jlu.edu.cn/info/1028/19167.htm
F01390,吉林大学,长春,985/211/双一流,计算机科学与技术学院,胡俊成,副教授,副教授,,,https://ccst.jlu.edu.cn/szdw/zpzpjs.htm
F01391,吉林大学,长春,985/211/双一流,计算机科学与技术学院,虞强源,副教授,副教授,车载自组网，时空推理,,https://ccst.jlu.edu.cn/info/1028/19139.htm
F01392,吉林大学,长春,985/211/双一流,计算机科学与技术学院,谢洪霞,副教授,副教授,,,https://ccst.jlu.edu.cn/szdw/zpzpjs.htm
F01393,吉林大学,长春,985/211/双一流,计算机科学与技术学院,贾海洋,副教授,副教授,知识工程、机器学习、数据挖掘、生物信息学,,https://ccst.jlu.edu.cn/info/1028/19166.htm
F01394,吉林大学,长春,985/211/双一流,计算机科学与技术学院,赖永,副教授,副教授,人工智能，具体包括知识表示与推理、神经符号计算、可解释机器学习、概率程序分析等,0000-0002-6882-0107,https://ccst.jlu.edu.cn/info/1028/19286.htm
F01395,吉林大学,长春,985/211/双一流,计算机科学与技术学院,迟令,副教授,副教授,密码学、人工智能、机器学习、强化学习、自然语言处理、大模型,,https://ccst.jlu.edu.cn/info/1028/19173.htm
F01396,吉林大学,长春,985/211/双一流,计算机科学与技术学院,迟晋进,副教授,副教授,机器学习、表征学习、最优传输、变分推理、大模型、具身智能 招生简介 我们诚邀对科研充满热情、志在深造的优秀本科生、研究生加入课题组！ ✅ 招生要求： 对科学研究抱有持续兴趣,,https://ccst.jlu.edu.cn/info/1028/19965.htm
F01397,吉林大学,长春,985/211/双一流,计算机科学与技术学院,邢千里,准聘副教授,副教授,,,https://ccst.jlu.edu.cn/szdw/zpzpjs.htm
F01398,吉林大学,长春,985/211/双一流,计算机科学与技术学院,郑万波,副教授,副教授,计算机网络与通信,,https://ccst.jlu.edu.cn/info/1028/19135.htm
F01399,吉林大学,长春,985/211/双一流,计算机科学与技术学院,郭德贵,副教授,副教授,软件理论与技术,,https://ccst.jlu.edu.cn/info/1028/19142.htm
F01400,吉林大学,长春,985/211/双一流,计算机科学与技术学院,霍严梅,副教授,副教授,并行与分布式计算、计算机网络,,https://ccst.jlu.edu.cn/info/1028/19159.htm
F01401,吉林大学,长春,985/211/双一流,计算机科学与技术学院,韩霄松,副教授,副教授,机器学习，生物信息学,,https://ccst.jlu.edu.cn/info/1028/19147.htm
F01402,吉林大学,长春,985/211/双一流,计算机科学与技术学院,高万夫,副教授,副教授,,,https://ccst.jlu.edu.cn/info/1028/20644.htm
F01403,吉林大学,长春,985/211/双一流,计算机科学与技术学院,高占恒,副教授,副教授,计算机辅助几何设计,,https://ccst.jlu.edu.cn/info/1028/19179.htm
F01404,吉林大学,长春,985/211/双一流,计算机科学与技术学院,张子健,助理教授,助理教授,,,https://ccst.jlu.edu.cn/szdw/zpzpjs.htm
F01405,吉林大学,长春,985/211/双一流,计算机科学与技术学院,杨雨欣,准聘助理教授,助理教授,,,https://ccst.jlu.edu.cn/szdw/zpzpjs.htm
F01406,吉林大学,长春,985/211/双一流,计算机科学与技术学院,罗仁强,助理教授,助理教授,,,https://ccst.jlu.edu.cn/szdw/zpzpjs.htm
F01407,吉林大学,长春,985/211/双一流,计算机科学与技术学院,胡佩威,助理教授,助理教授,,,https://ccst.jlu.edu.cn/szdw/zpzpjs.htm
F01408,吉林大学,长春,985/211/双一流,计算机科学与技术学院,丰小月,教授,教授,聚焦于机器学习算法在生物信息学中的应用，并结合知识图谱与推荐系统技术开展交叉研究,,https://ccst.jlu.edu.cn/info/1367/19980.htm
F01409,吉林大学,长春,985/211/双一流,计算机科学与技术学院,余志文,教授,教授,,,https://ccst.jlu.edu.cn/szdw/taqxz.htm
F01410,吉林大学,长春,985/211/双一流,计算机科学与技术学院,刘元宁,教授,教授,1、虹膜身份模式识别、 2、面向生物大数据的机器学习与人工智能、 3、面向智能制造的大数据、云计算、数据挖掘,,https://ccst.jlu.edu.cn/info/1367/19072.htm
F01411,吉林大学,长春,985/211/双一流,计算机科学与技术学院,刘华虓,教授,教授,软件工程 、 人机交互 、 数据挖掘 、 专家系统,,https://ccst.jlu.edu.cn/info/1367/20712.htm
F01412,吉林大学,长春,985/211/双一流,计算机科学与技术学院,刘桂霞,教授,教授,机器学习，深度学习，医学图像处理，生物信息学,,https://ccst.jlu.edu.cn/info/1367/19078.htm
F01413,吉林大学,长春,985/211/双一流,计算机科学与技术学院,刘萍萍,教授,教授,底层图像增强（如低光图像增强、去炫光等）,,https://ccst.jlu.edu.cn/info/1367/20528.htm
F01414,吉林大学,长春,985/211/双一流,计算机科学与技术学院,刘衍珩,教授,教授,移动计算网络理论及应用、移动IP技术与QoS机制、车载通信与网络安全、可信网络与复杂网路、无线传感网与车联网、Internet与下一代互联网关键技术与服务等,,https://ccst.jlu.edu.cn/info/1367/19050.htm
F01415,吉林大学,长春,985/211/双一流,计算机科学与技术学院,刘颖,教授,教授,,,https://ccst.jlu.edu.cn/szdw/taqxz.htm
F01416,吉林大学,长春,985/211/双一流,计算机科学与技术学院,包铁,教授,教授,网络数据采集和故障管理、协同软件形式化分析和可靠性分析、飞秒激光控制技术,,https://ccst.jlu.edu.cn/info/1367/19104.htm
F01417,吉林大学,长春,985/211/双一流,计算机科学与技术学院,卢奕南,教授,教授,图形图像、数据挖掘、生物信息处理,0000-0001-5786-9178,https://ccst.jlu.edu.cn/info/1367/19073.htm
F01418,吉林大学,长春,985/211/双一流,计算机科学与技术学院,叶育鑫,教授,教授,符号与神经计算、智能决策、知识图谱、本体工程 学术兼职：,,https://ccst.jlu.edu.cn/info/1367/20037.htm
F01419,吉林大学,长春,985/211/双一流,计算机科学与技术学院,吕帅,教授,教授,】人工智能、机器学习与自动推理 【,,https://ccst.jlu.edu.cn/info/1367/19944.htm
F01420,吉林大学,长春,985/211/双一流,计算机科学与技术学院,吴春国,教授,教授,机器学习，进化计算，科学智能 (AI4SCIENCE) 招生目标： 敏于思考，勤于专研，勇于探索,,https://ccst.jlu.edu.cn/info/1367/19100.htm
F01421,吉林大学,长春,985/211/双一流,计算机科学与技术学院,周丰丰,教授,教授,大数据，人工智能，多模态融合，特征表征，特征选择，生物信息学，健康大数据挖掘，深度学习，并行计算等,,https://ccst.jlu.edu.cn/info/1367/19064.htm
F01422,吉林大学,长春,985/211/双一流,计算机科学与技术学院,周柚,教授,教授,机器学习、神经组合优化、生物信息学,,https://ccst.jlu.edu.cn/info/1367/17798.htm
F01423,吉林大学,长春,985/211/双一流,计算机科学与技术学院,姜宇,教授,教授,智能感知与认知计算、人机混合智能决策,,https://ccst.jlu.edu.cn/info/1367/20732.htm
F01424,吉林大学,长春,985/211/双一流,计算机科学与技术学院,孙庚,教授,教授,如果感兴趣，请发邮件并附简历（建议保研同学拟录取到吉林大学后再,,https://ccst.jlu.edu.cn/info/1367/19943.htm
F01425,吉林大学,长春,985/211/双一流,计算机科学与技术学院,孙铭会,教授,教授,人机交互，人工智能，虚拟现实与增强现实，车载信息安全 涉及行业及领域 国家电网、石油石化、智能汽车、无人机,,https://ccst.jlu.edu.cn/info/1367/20688.htm
F01426,吉林大学,长春,985/211/双一流,计算机科学与技术学院,孟祥宇,教授,教授,国产操作系统，医学影像处理，网络与信息安全,,https://ccst.jlu.edu.cn/info/1367/20151.htm
F01427,吉林大学,长春,985/211/双一流,计算机科学与技术学院,康辉,教授,教授,智能数据处理与网络优化、人机交互智能体、 AIGC,,https://ccst.jlu.edu.cn/info/1367/20233.htm
F01428,吉林大学,长春,985/211/双一流,计算机科学与技术学院,张宗升,教授,教授,信息安全、高性能计算、应用技术,,https://ccst.jlu.edu.cn/info/1367/19102.htm
F01429,吉林大学,长春,985/211/双一流,计算机科学与技术学院,张家晨,教授,教授,软件工程 . 侧重于：软件维护与演化、软 件集成、软件复用、网构软件、软件工程环境和软件开发辅助工具 .,,https://ccst.jlu.edu.cn/info/1367/19099.htm
F01430,吉林大学,长春,985/211/双一流,计算机科学与技术学院,张小利,教授,教授,图像与视频处理、机器学习,,https://ccst.jlu.edu.cn/info/1367/19986.htm
F01431,吉林大学,长春,985/211/双一流,计算机科学与技术学院,张永刚,教授,教授,约束求解与优化（Constraint Programming）、学习推理方法、人工智能,,https://ccst.jlu.edu.cn/info/1367/19098.htm
F01432,吉林大学,长春,985/211/双一流,计算机科学与技术学院,张猛,教授,教授,网络安全与隐私保护 深度包检测与模式匹配 教学,,https://ccst.jlu.edu.cn/info/1367/20645.htm
F01433,吉林大学,长春,985/211/双一流,计算机科学与技术学院,彭涛,教授,教授,人工智能、机器学习、自然语言处理、数据挖掘、深度学习、大数据分析、信息检索,0000-0002-9425-2262,https://ccst.jlu.edu.cn/info/1367/19053.htm
F01434,吉林大学,长春,985/211/双一流,计算机科学与技术学院,徐昊,教授,教授,人工智能、数字人文、人机交互、计算机教育,,https://ccst.jlu.edu.cn/info/1367/19077.htm
F01435,吉林大学,长春,985/211/双一流,计算机科学与技术学院,徐高潮,教授,教授,网格计算,,https://ccst.jlu.edu.cn/info/1367/19069.htm
F01436,吉林大学,长春,985/211/双一流,计算机科学与技术学院,时小虎,教授,教授,机器学习、生物信息学,,https://ccst.jlu.edu.cn/info/1367/19338.htm
F01437,吉林大学,长春,985/211/双一流,计算机科学与技术学院,朱晓冬,教授,教授,模式识别、数字水印技术、生物特征识别技术、应用系统开发,,https://ccst.jlu.edu.cn/info/1367/19080.htm
F01438,吉林大学,长春,985/211/双一流,计算机科学与技术学院,李占山,教授,教授,主要研究人工智能及其应用，具体研究约束优化与约束求解，机器学习，基于约束的数据挖掘，基于模型的诊断，智能规划与调度,,https://ccst.jlu.edu.cn/info/1367/19051.htm
F01439,吉林大学,长春,985/211/双一流,计算机科学与技术学院,李强,教授,教授,隐私保护，安全计算，人工智能安全，网络攻击检测,,https://ccst.jlu.edu.cn/info/1367/19705.htm
F01440,吉林大学,长春,985/211/双一流,计算机科学与技术学院,李慧盈,教授,教授,智能图像处理，机器视觉，模式识别，数字孪生，遥感影像处理技术,,https://ccst.jlu.edu.cn/info/1367/20715.htm
F01441,吉林大学,长春,985/211/双一流,计算机科学与技术学院,李文辉,教授,教授,计算机图形学，计算机图像处理，模式识别,,https://ccst.jlu.edu.cn/info/1367/19067.htm
F01442,吉林大学,长春,985/211/双一流,计算机科学与技术学院,李熙铭,教授,教授,人工智能、机器学习（弱监督学习）、自然语言处理,,https://ccst.jlu.edu.cn/info/1367/19282.htm
F01443,吉林大学,长春,985/211/双一流,计算机科学与技术学院,李雄飞,教授,教授,数据挖掘技术、计算机视觉、机器学习理论,,https://ccst.jlu.edu.cn/info/1367/19068.htm
F01444,吉林大学,长春,985/211/双一流,计算机科学与技术学院,李颖,教授,教授,无人驾驶、人工智能、机器学习、模式识别,,https://ccst.jlu.edu.cn/info/1367/19075.htm
F01445,吉林大学,长春,985/211/双一流,计算机科学与技术学院,杜伟,教授,教授,机器学习、深度学习、数据挖掘、计算生物学,,https://ccst.jlu.edu.cn/info/1367/19091.htm
F01446,吉林大学,长春,985/211/双一流,计算机科学与技术学院,杨博,教授,教授,人工智能，知识工程,,https://ccst.jlu.edu.cn/info/1367/19045.htm
F01447,吉林大学,长春,985/211/双一流,计算机科学与技术学院,欧阳丹彤,教授,教授,人工智能,,https://ccst.jlu.edu.cn/info/1367/19046.htm
F01448,吉林大学,长春,985/211/双一流,计算机科学与技术学院,欧阳继红,教授,教授,人工智能,,https://ccst.jlu.edu.cn/info/1367/19054.htm
F01449,吉林大学,长春,985/211/双一流,计算机科学与技术学院,燕刚,教授,教授,感兴趣的同学报考或申请加入课题组： （ 1 ）高性能网络与边缘计算 （ 2 ）网络与系统安全（对抗攻击防御、可信计算） （ 3 ）机器学习（联邦学习、推荐系统等） 申请的同学应满足下列条件： （ 1 ）具备良好的英语基础,0000-0002-7734-1589,https://ccst.jlu.edu.cn/info/1367/20676.htm
F01450,吉林大学,长春,985/211/双一流,计算机科学与技术学院,王健,教授,教授,智能网联汽车，车联网，无人驾驶，车辆大数据挖掘，车载操作系统,,https://ccst.jlu.edu.cn/info/1367/20511.htm
F01451,吉林大学,长春,985/211/双一流,计算机科学与技术学院,王刚,教授,教授,人工智能（感知、认知、决策）、机器人、无人驾驶,,https://ccst.jlu.edu.cn/info/1367/19097.htm
F01452,吉林大学,长春,985/211/双一流,计算机科学与技术学院,王利民,教授,教授,人工智能，机器学习，贝叶斯网络，概率因果推理,,https://ccst.jlu.edu.cn/info/1367/19262.htm
F01453,吉林大学,长春,985/211/双一流,计算机科学与技术学院,王喆,教授,教授,数据挖掘、商务智能、社会媒体挖掘,,https://ccst.jlu.edu.cn/info/1367/19105.htm
F01454,吉林大学,长春,985/211/双一流,计算机科学与技术学院,王岩,教授,教授,大数据分析挖掘、人工智能、社会网络分析、生物信息学 3.,,https://ccst.jlu.edu.cn/info/1367/19061.htm
F01455,吉林大学,长春,985/211/双一流,计算机科学与技术学院,王恩,教授,教授,,,https://ccst.jlu.edu.cn/info/1367/20988.htm
F01456,吉林大学,长春,985/211/双一流,计算机科学与技术学院,王恩燕刚,教授,教授,,,https://ccst.jlu.edu.cn/szdw/taqxz.htm
F01457,吉林大学,长春,985/211/双一流,计算机科学与技术学院,王欣,教授,教授,计算机图形学、虚拟现实、医学影像处理、模式识别、科学计算可视化、信息融合 等,,https://ccst.jlu.edu.cn/info/1367/19978.htm
F01458,吉林大学,长春,985/211/双一流,计算机科学与技术学院,王爱民,教授,教授,复杂系统故障诊断,,https://ccst.jlu.edu.cn/info/1367/19101.htm
F01459,吉林大学,长春,985/211/双一流,计算机科学与技术学院,王玉,教授,教授,多媒体技术、机器学习与智能系统,,https://ccst.jlu.edu.cn/info/1367/18868.htm
F01460,吉林大学,长春,985/211/双一流,计算机科学与技术学院,王生生,教授,教授,多模态大模型、机器视觉、具身智能、遥感影像分析、智能推荐系统、智能优化、图像加密等,,https://ccst.jlu.edu.cn/info/1367/20218.htm
F01461,吉林大学,长春,985/211/双一流,计算机科学与技术学院,王英,教授,教授,】人工智能、机器学习、数据挖掘、自然语言处理、社会计算、信息检索 【硕士生招生专业】 计算机科学与技术学院， 081200 计算机科学与技术（学术,,https://ccst.jlu.edu.cn/info/1367/19675.htm
F01462,吉林大学,长春,985/211/双一流,计算机科学与技术学院,白天,教授,教授,多模态大模型、自然语言理解、图像分析计算、智慧医疗,0000-0001-8060-4725,https://ccst.jlu.edu.cn/info/1367/20115.htm
F01463,吉林大学,长春,985/211/双一流,计算机科学与技术学院,秦贵和,教授,教授,智能控制、嵌入式系统、汽车电子与信息技术,,https://ccst.jlu.edu.cn/info/1367/19056.htm
F01464,吉林大学,长春,985/211/双一流,计算机科学与技术学院,管仁初,教授,教授,机器学习、生物信息学、知识工程,,https://ccst.jlu.edu.cn/info/1367/21038.htm
F01465,吉林大学,长春,985/211/双一流,计算机科学与技术学院,胡亮,教授,教授,和热情的同学报考我的博士或硕士研究生,,https://ccst.jlu.edu.cn/info/1367/19276.htm
F01466,吉林大学,长春,985/211/双一流,计算机科学与技术学院,董立岩,教授,教授,数据库、数据挖掘、智能信息处理,,https://ccst.jlu.edu.cn/info/1367/19079.htm
F01467,吉林大学,长春,985/211/双一流,计算机科学与技术学院,谭婧炜佳,教授,教授,计算机体系结构、高性能计算、人工智能及大模型系统、GPU、处理器芯片架构、计算机系统可靠性与安全性、具身智能系统,,https://ccst.jlu.edu.cn/info/1367/19945.htm
F01468,吉林大学,长春,985/211/双一流,计算机科学与技术学院,赵宏伟,教授,教授,图像理解，认知计算，嵌入式系统与物联网技术，汽车电子，智能信息系统,,https://ccst.jlu.edu.cn/info/1367/19065.htm
F01469,吉林大学,长春,985/211/双一流,计算机科学与技术学院,车喜龙,教授,教授,高级计算机系统结构与理论（招收博士研究生和硕士研究生）,,https://ccst.jlu.edu.cn/info/1367/19096.htm
F01470,吉林大学,长春,985/211/双一流,计算机科学与技术学院,车翔玖,教授,教授,大数据可视计算与分析,,https://ccst.jlu.edu.cn/info/1367/19062.htm
F01471,吉林大学,长春,985/211/双一流,计算机科学与技术学院,郭东,教授,教授,网络安全,,https://ccst.jlu.edu.cn/info/1367/19095.htm
F01472,吉林大学,长春,985/211/双一流,计算机科学与技术学院,郭东伟,教授,教授,复杂网络、博弈论,,https://ccst.jlu.edu.cn/info/1367/19107.htm
F01473,吉林大学,长春,985/211/双一流,计算机科学与技术学院,郭晓新,教授,教授,计算机视觉、 数字图像处理、 计算机图形学、 医 疗影像学,,https://ccst.jlu.edu.cn/info/1367/19277.htm
F01474,吉林大学,长春,985/211/双一流,计算机科学与技术学院,陈娟,教授,教授,时空推理、不确定推理,,https://ccst.jlu.edu.cn/info/1367/20292.htm
F01475,吉林大学,长春,985/211/双一流,计算机科学与技术学院,陈海鹏,教授,教授,机器学习与视觉推理，包括：医学图像分析与处理、图像取证、多媒体信息处理、人体运动理解等,,https://ccst.jlu.edu.cn/info/1367/20675.htm
F01476,吉林大学,长春,985/211/双一流,计算机科学与技术学院,高尚,教授,教授,,,https://ccst.jlu.edu.cn/info/1367/19103.htm
F01477,吉林大学,长春,985/211/双一流,计算机科学与技术学院,魏晓辉,教授,教授,分布式计算与系统、高效能深度学习系统、云计算与大数据处理、高性能计算、近似计算、先进计算、系统可靠性,,https://ccst.jlu.edu.cn/info/1367/19686.htm
F01478,吉林大学,长春,985/211/双一流,计算机科学与技术学院,黄岚,教授,教授,大数据智能计算,,https://ccst.jlu.edu.cn/info/1367/19279.htm
F01479,吉林大学,长春,985/211/双一流,计算机科学与技术学院,齐红,教授,教授,深度学习、机器视觉、自动设计、智能感知与决策,0000-0001-7337-6859,https://ccst.jlu.edu.cn/info/1367/19086.htm
F01480,吉林大学,长春,985/211/双一流,计算机科学与技术学院,于海鸿,讲师,讲师,决策支持系统,,https://ccst.jlu.edu.cn/info/1211/19220.htm
F01481,吉林大学,长春,985/211/双一流,计算机科学与技术学院,冯子玹,讲师,讲师,,,https://ccst.jlu.edu.cn/info/1211/19216.htm
F01482,吉林大学,长春,985/211/双一流,计算机科学与技术学院,冯莎莎,讲师,讲师,自动推理,,https://ccst.jlu.edu.cn/info/1211/19237.htm
F01483,吉林大学,长春,985/211/双一流,计算机科学与技术学院,刘亚波,讲师,讲师,数据挖掘,,https://ccst.jlu.edu.cn/info/1211/19204.htm
F01484,吉林大学,长春,985/211/双一流,计算机科学与技术学院,刘兆军,讲师,讲师,,,https://ccst.jlu.edu.cn/info/1211/20991.htm
F01485,吉林大学,长春,985/211/双一流,计算机科学与技术学院,刘淼,讲师,讲师,,,https://ccst.jlu.edu.cn/info/1211/19202.htm
F01486,吉林大学,长春,985/211/双一流,计算机科学与技术学院,卢欣华,讲师,讲师,计算机建模与模拟，生物建模方法研究，人工智能,,https://ccst.jlu.edu.cn/info/1211/19205.htm
F01487,吉林大学,长春,985/211/双一流,计算机科学与技术学院,吕慧英,讲师,讲师,,,https://ccst.jlu.edu.cn/info/1211/19222.htm
F01488,吉林大学,长春,985/211/双一流,计算机科学与技术学院,吴姚睿,讲师,讲师,,,https://ccst.jlu.edu.cn/info/1211/19240.htm
F01489,吉林大学,长春,985/211/双一流,计算机科学与技术学院,吴静,讲师,讲师,,,https://ccst.jlu.edu.cn/info/1211/19197.htm
F01490,吉林大学,长春,985/211/双一流,计算机科学与技术学院,夏亮,讲师,讲师,计算机网络、移动互联网,,https://ccst.jlu.edu.cn/info/1211/19209.htm
F01491,吉林大学,长春,985/211/双一流,计算机科学与技术学院,姜丽,讲师,讲师,人工智能、数据挖掘、agent,,https://ccst.jlu.edu.cn/info/1211/19212.htm
F01492,吉林大学,长春,985/211/双一流,计算机科学与技术学院,孙成敏,讲师,讲师,数据挖掘、粗糙集理论,,https://ccst.jlu.edu.cn/info/1211/19227.htm
F01493,吉林大学,长春,985/211/双一流,计算机科学与技术学院,季永春,讲师,讲师,,,https://ccst.jlu.edu.cn/info/1211/20990.htm
F01494,吉林大学,长春,985/211/双一流,计算机科学与技术学院,庞广臣,讲师,讲师,,,https://ccst.jlu.edu.cn/info/1211/19230.htm
F01495,吉林大学,长春,985/211/双一流,计算机科学与技术学院,张振花,讲师,讲师,多媒体技术、图像处理,,https://ccst.jlu.edu.cn/info/1211/19225.htm
F01496,吉林大学,长春,985/211/双一流,计算机科学与技术学院,张欣佳,讲师,讲师,,,https://ccst.jlu.edu.cn/info/1211/19215.htm
F01497,吉林大学,长春,985/211/双一流,计算机科学与技术学院,张雪松,讲师,讲师,,,https://ccst.jlu.edu.cn/info/1211/19232.htm
F01498,吉林大学,长春,985/211/双一流,计算机科学与技术学院,彭君,讲师,讲师,,,https://ccst.jlu.edu.cn/info/1211/19200.htm
F01499,吉林大学,长春,985/211/双一流,计算机科学与技术学院,曲明,讲师,讲师,传感器网络与环境智能,0009-0007-8554-6350,https://ccst.jlu.edu.cn/info/1211/19221.htm
F01500,吉林大学,长春,985/211/双一流,计算机科学与技术学院,曹东君,讲师,讲师,,,https://ccst.jlu.edu.cn/info/1211/19193.htm
F01501,吉林大学,长春,985/211/双一流,计算机科学与技术学院,曹英晖,讲师,讲师,,,https://ccst.jlu.edu.cn/info/1211/19214.htm
F01502,吉林大学,长春,985/211/双一流,计算机科学与技术学院,权勇,讲师,讲师,,,https://ccst.jlu.edu.cn/info/1211/19201.htm
F01503,吉林大学,长春,985/211/双一流,计算机科学与技术学院,李丽娜,讲师,讲师,数据挖掘、复杂网络、语义web,,https://ccst.jlu.edu.cn/info/1211/19199.htm
F01504,吉林大学,长春,985/211/双一流,计算机科学与技术学院,李兵,讲师,讲师,,,https://ccst.jlu.edu.cn/info/1211/19224.htm
F01505,吉林大学,长春,985/211/双一流,计算机科学与技术学院,李河,讲师,讲师,,,https://ccst.jlu.edu.cn/info/1211/19229.htm
F01506,吉林大学,长春,985/211/双一流,计算机科学与技术学院,李艾瑛,讲师,讲师,,,https://ccst.jlu.edu.cn/info/1211/19226.htm
F01507,吉林大学,长春,985/211/双一流,计算机科学与技术学院,李荣,讲师,讲师,,,https://ccst.jlu.edu.cn/info/1211/19198.htm
F01508,吉林大学,长春,985/211/双一流,计算机科学与技术学院,李静瑶,讲师,讲师,,,https://ccst.jlu.edu.cn/szdw/zpzpjs.htm
F01509,吉林大学,长春,985/211/双一流,计算机科学与技术学院,杨冬,讲师,讲师,语义网和web服务,,https://ccst.jlu.edu.cn/info/1211/19208.htm
F01510,吉林大学,长春,985/211/双一流,计算机科学与技术学院,杨瀛涛,讲师,讲师,,,https://ccst.jlu.edu.cn/info/1211/19223.htm
F01511,吉林大学,长春,985/211/双一流,计算机科学与技术学院,柴胜,讲师,讲师,信息安全,,https://ccst.jlu.edu.cn/info/1211/19242.htm
F01512,吉林大学,长春,985/211/双一流,计算机科学与技术学院,王云霄,讲师,讲师,图形学与数字媒体,,https://ccst.jlu.edu.cn/info/1211/19990.htm
F01513,吉林大学,长春,985/211/双一流,计算机科学与技术学院,王新颖,讲师,讲师,,,https://ccst.jlu.edu.cn/info/1211/19233.htm
F01514,吉林大学,长春,985/211/双一流,计算机科学与技术学院,王智,讲师,讲师,通信软件与协议工程,,https://ccst.jlu.edu.cn/info/1211/19234.htm
F01515,吉林大学,长春,985/211/双一流,计算机科学与技术学院,王洪媛,讲师,讲师,需求工程，软件建模，体系结构，上下文信息管理,,https://ccst.jlu.edu.cn/info/1211/19218.htm
F01516,吉林大学,长春,985/211/双一流,计算机科学与技术学院,胡谦,讲师,讲师,,,https://ccst.jlu.edu.cn/info/1211/19228.htm
F01517,吉林大学,长春,985/211/双一流,计算机科学与技术学院,董劲男,讲师,讲师,汽车电子，无线传感器网络,,https://ccst.jlu.edu.cn/info/1211/19203.htm
F01518,吉林大学,长春,985/211/双一流,计算机科学与技术学院,董旭初,讲师,讲师,智能信息处理,,https://ccst.jlu.edu.cn/info/1211/19189.htm
F01519,吉林大学,长春,985/211/双一流,计算机科学与技术学院,裴士辉,讲师,讲师,嵌入式系统、密码学、数据库系统、机器视觉,0009-0002-2187-2177,https://ccst.jlu.edu.cn/info/1211/19191.htm
F01520,吉林大学,长春,985/211/双一流,计算机科学与技术学院,谷方明,讲师,讲师,机器学习 数据挖掘,,https://ccst.jlu.edu.cn/info/1211/19219.htm
F01521,吉林大学,长春,985/211/双一流,计算机科学与技术学院,贾成宇,讲师,讲师,软件理论与技术,,https://ccst.jlu.edu.cn/info/1211/19195.htm
F01522,吉林大学,长春,985/211/双一流,计算机科学与技术学院,车海燕,讲师,讲师,语义 Web,,https://ccst.jlu.edu.cn/info/1211/19211.htm
F01523,吉林大学,长春,985/211/双一流,计算机科学与技术学院,邓春燕,讲师,讲师,空间信息处理,,https://ccst.jlu.edu.cn/info/1211/19213.htm
F01524,吉林大学,长春,985/211/双一流,计算机科学与技术学院,邹淑雪,讲师,讲师,生物信息学,,https://ccst.jlu.edu.cn/info/1211/19210.htm
F01525,吉林大学,长春,985/211/双一流,计算机科学与技术学院,闫昭,讲师,讲师,并行编译与并行计算,,https://ccst.jlu.edu.cn/info/1211/19231.htm
F01526,吉林大学,长春,985/211/双一流,计算机科学与技术学院,预聘讲师,讲师,讲师,,,https://ccst.jlu.edu.cn/szdw/zpzpjs.htm
F01527,吉林大学,长春,985/211/双一流,计算机科学与技术学院,高滢,讲师,讲师,数据挖掘、聚类分析,,https://ccst.jlu.edu.cn/info/1211/19206.htm
F01528,同济大学,上海,985/211/双一流,计算机科学与技术学院,倪张凯,副教授,副教授,在充分交流、相互尊重的基础上，围绕有意义的问题开展深入、持续的研究,,https://cs.tongji.edu.cn/info/1066/3559.htm
F01529,同济大学,上海,985/211/双一流,计算机科学与技术学院,刘岩,副教授,副教授,,,https://cs.tongji.edu.cn/info/1066/3556.htm
F01530,同济大学,上海,985/211/双一流,计算机科学与技术学院,刘春梅,副教授,副教授,,,https://cs.tongji.edu.cn/info/1066/3555.htm
F01531,同济大学,上海,985/211/双一流,计算机科学与技术学院,孙丽君,副教授,副教授,认知与智能信息处理,,https://cs.tongji.edu.cn/info/1066/3562.htm
F01532,同济大学,上海,985/211/双一流,计算机科学与技术学院,孙萍,副教授,副教授,数据分析/数据挖掘、Web服务/工作流、数据库理论 电子邮件：pingsun@tongji.edu.cn,,https://cs.tongji.edu.cn/info/1066/3563.htm
F01533,同济大学,上海,985/211/双一流,计算机科学与技术学院,季洪飞,副教授,副教授,模式识别、机器学习、人工智能、深度学习、脑与认知科学,,https://cs.tongji.edu.cn/info/1066/3547.htm
F01534,同济大学,上海,985/211/双一流,计算机科学与技术学院,张惠娟,副教授,副教授,嵌入式系统、3G网络平台、移动平台软件、实时系统 电子邮件：mszhj@mail.tongji.edu.cn,,https://cs.tongji.edu.cn/info/1066/3572.htm
F01535,同济大学,上海,985/211/双一流,计算机科学与技术学院,张毅超,副教授,副教授,多智能体系统、大语言模型、多模态数据融合、社交网络传播与锚链预测、链路及其权重预测、加权网络建模与随机扩散、网络博弈、金融数据分析、城市防灾等,,https://cs.tongji.edu.cn/info/1066/3574.htm
F01536,同济大学,上海,985/211/双一流,计算机科学与技术学院,张红云,副教授,副教授,认知与智能信息处理,,https://cs.tongji.edu.cn/info/1066/3571.htm
F01537,同济大学,上海,985/211/双一流,计算机科学与技术学院,张荣庆,副教授,副教授,车联网/低空智联网、网联智能和多智能体系统等,,https://cs.tongji.edu.cn/info/1066/3573.htm
F01538,同济大学,上海,985/211/双一流,计算机科学与技术学院,张颖,副教授,副教授,5G网络安全与容错、深度学习与智能计算系统、元宇宙 电子邮件：yingzhang@tongji.edu.cn,,https://cs.tongji.edu.cn/info/1066/3575.htm
F01539,同济大学,上海,985/211/双一流,计算机科学与技术学院,曹晓锋,副教授,副教授,,,https://cs.tongji.edu.cn/info/1066/3539.htm
F01540,同济大学,上海,985/211/双一流,计算机科学与技术学院,朱亚萍,副教授,副教授,无线定位、数据安全与隐私计算、移动通信、多模态数据融合等,,https://cs.tongji.edu.cn/info/1066/3579.htm
F01541,同济大学,上海,985/211/双一流,计算机科学与技术学院,朱君波,副教授,副教授,,,https://cs.tongji.edu.cn/info/1066/3577.htm
F01542,同济大学,上海,985/211/双一流,计算机科学与技术学院,朱宏明,副教授,副教授,多源异构数据融合、多Agent复杂系统、时空数据分析处理、目标识别、分割和变化检测 电子邮件：zhu_hongming@tongji.edu.cn,,https://cs.tongji.edu.cn/info/1066/3580.htm
F01543,同济大学,上海,985/211/双一流,计算机科学与技术学院,李冰,副教授,副教授,无人机、低空智联网、网联具身智能等领域,,https://cs.tongji.edu.cn/info/1066/3670.htm
F01544,同济大学,上海,985/211/双一流,计算机科学与技术学院,李文根,副教授,副教授,多模态数据融合分析、面向城市计算和海洋计算的时空数据查询处理与分析,,https://cs.tongji.edu.cn/info/1066/3552.htm
F01545,同济大学,上海,985/211/双一流,计算机科学与技术学院,李江峰,副教授,副教授,人工智能、区块链、云计算等,,https://cs.tongji.edu.cn/info/1066/3550.htm
F01546,同济大学,上海,985/211/双一流,计算机科学与技术学院,李洁,副教授,副教授,脑信号处理、脑计算机接口、机器学习与认知计算理论,,https://cs.tongji.edu.cn/info/1066/3551.htm
F01547,同济大学,上海,985/211/双一流,计算机科学与技术学院,李湘梅,副教授,副教授,,,https://cs.tongji.edu.cn/info/1066/3553.htm
F01548,同济大学,上海,985/211/双一流,计算机科学与技术学院,梁爽,副教授,副教授,计算机图形学、智能人机交互、模式识别、多媒体检索 电子邮件：shuangliang@tongji.edu.cn,,https://cs.tongji.edu.cn/info/1066/3554.htm
F01549,同济大学,上海,985/211/双一流,计算机科学与技术学院,汪昱,副教授,副教授,1.多模态视频理解与分析、2.多模态智能感知与计算、3.多模态大模型 电子邮件：csyuwang@tongji.edu.cn,,https://cs.tongji.edu.cn/info/1066/3565.htm
F01550,同济大学,上海,985/211/双一流,计算机科学与技术学院,沈雯,副教授,副教授,大模型、可解释性、安全性等,0000-0002-4210-5447,https://cs.tongji.edu.cn/info/1066/3561.htm
F01551,同济大学,上海,985/211/双一流,计算机科学与技术学院,王俊丽,副教授,副教授,网络与分布式计算,,https://cs.tongji.edu.cn/info/1066/3567.htm
F01552,同济大学,上海,985/211/双一流,计算机科学与技术学院,王洁,副教授,副教授,"Research Interests 边缘智能 Edge Intelligence 联邦学习 Federated Learning 网络系统 (物联网, 信息物理系统, 社交网络等) 的建模与性能评估 Modeling and Performance Evaluation of Networked Systems",,https://cs.tongji.edu.cn/info/1066/3566.htm
F01553,同济大学,上海,985/211/双一流,计算机科学与技术学院,王睿智,副教授,副教授,,,https://cs.tongji.edu.cn/info/1066/3568.htm
F01554,同济大学,上海,985/211/双一流,计算机科学与技术学院,田春岐,副教授,副教授,无线宽带网络、下一代互联网技术、云计算,,https://cs.tongji.edu.cn/info/1066/3564.htm
F01555,同济大学,上海,985/211/双一流,计算机科学与技术学院,秦国锋,副教授,副教授,（1）高性能集群计算理论研究，及资源调度服务支撑技术研究,,https://cs.tongji.edu.cn/info/1066/3560.htm
F01556,同济大学,上海,985/211/双一流,计算机科学与技术学院,罗怡桂,副教授,副教授,智能驾驶、嵌入式系统、软硬件协同设计,,https://cs.tongji.edu.cn/info/1066/3558.htm
F01557,同济大学,上海,985/211/双一流,计算机科学与技术学院,罗烨,副教授,副教授,医学图像处理和分析、视觉显著性检测及分析、行为识别、视频中的异常行为检测等,0000-0002-7052-7268,https://cs.tongji.edu.cn/info/1066/3557.htm
F01558,同济大学,上海,985/211/双一流,计算机科学与技术学院,肖杨,副教授,副教授,,,https://cs.tongji.edu.cn/info/1066/3569.htm
F01559,同济大学,上海,985/211/双一流,计算机科学与技术学院,臧笛,副教授,副教授,机器学习(深度学习)、模式识别及图像处理，智能交通信息处理,,https://cs.tongji.edu.cn/info/1066/3570.htm
F01560,同济大学,上海,985/211/双一流,计算机科学与技术学院,范鸿飞,副教授,副教授,计算机支持的协同工作（CSCW）、软件工程、人机交互、分布式计算 主要研究课题：实时协同编程环境的关键支撑技术与系统构建,,https://cs.tongji.edu.cn/info/1066/3541.htm
F01561,同济大学,上海,985/211/双一流,计算机科学与技术学院,赵君峤,副教授,副教授,智能无人系统、SLAM、强化学习等,,https://cs.tongji.edu.cn/info/1066/3576.htm
F01562,同济大学,上海,985/211/双一流,计算机科学与技术学院,赵钦佩,副教授,副教授,聚类分析，图像和语音处理，数据挖掘 （计算机专业）,,https://cs.tongji.edu.cn/info/1066/3578.htm
F01563,同济大学,上海,985/211/双一流,计算机科学与技术学院,邓浩,副教授,副教授,适用于动态开放场景的机器学习与动力学模型 城市空间计算软件与光频电磁场计算软件,,https://cs.tongji.edu.cn/info/1066/3542.htm
F01564,同济大学,上海,985/211/双一流,计算机科学与技术学院,金博,副教授,副教授,机器学习、多智能体强化学习、群体智能理论及应用,,https://cs.tongji.edu.cn/info/1066/3548.htm
F01565,同济大学,上海,985/211/双一流,计算机科学与技术学院,陈宇飞,副教授,副教授,机器学习、深度学习，聚焦复杂临床数据下的可信辅助决策研究，构建可信辅助决策方法,,https://cs.tongji.edu.cn/info/1066/3540.htm
F01566,同济大学,上海,985/211/双一流,计算机科学与技术学院,韩丰夏,副教授,副教授,通信感知一体化、物联网与智慧城市、智能无线通信,,https://cs.tongji.edu.cn/info/1066/3546.htm
F01567,同济大学,上海,985/211/双一流,计算机科学与技术学院,顾嗣扬,副教授,副教授,认知与智能信息处理,,https://cs.tongji.edu.cn/info/1066/3545.htm
F01568,同济大学,上海,985/211/双一流,计算机科学与技术学院,高枚,副教授,副教授,,,https://cs.tongji.edu.cn/info/1066/3543.htm
F01569,同济大学,上海,985/211/双一流,计算机科学与技术学院,高珍,副教授,副教授,自动驾驶技术、智能交通系统 电子邮件：gaozhen@tongji.edu.cn 欢迎对本人,,https://cs.tongji.edu.cn/info/1066/3544.htm
F01570,同济大学,上海,985/211/双一流,计算机科学与技术学院,乔非,助理教授,助理教授,复杂制造系统生产计划与调度，智能制造运营优化与管理，智能优化理论与方法，可持续制造调度，工业大数据，工业信息物理系统， Petri 网等,,http://cims.tongji.edu.cn/szdw/zgjzcjs/qf/zy.htm
F01571,同济大学,上海,985/211/双一流,计算机科学与技术学院,刘敏,助理教授,助理教授,智能制造系统、预测性维护,,http://cims.tongji.edu.cn/szdw/zgjzcjs/lm/zy1.htm
F01572,同济大学,上海,985/211/双一流,计算机科学与技术学院,刘清,助理教授,助理教授,工业视觉异常检测、三维重建,,http://cims.tongji.edu.cn/szdw/zljs/lq/zy.htm
F01573,同济大学,上海,985/211/双一流,计算机科学与技术学院,刘鹃,助理教授,助理教授,智能制造、生产调度、人工智能,,http://cims.tongji.edu.cn/szdw/zljs/lj/zy.htm
F01574,同济大学,上海,985/211/双一流,计算机科学与技术学院,唐伟,预聘助理教授,助理教授,AI+X ² AI for Perception: 多源信息融合感知、计算机视觉 ² AI for Medicine: 智慧医疗、辅助诊断、医学影像分析 ² AI for Science: 药物 - 药物相互作用、药物生成,,https://faculty.tongji.edu.cn/tangwei1234567/zh_CN/index/922491/list/index.htm
F01575,同济大学,上海,985/211/双一流,计算机科学与技术学院,张浩东,预聘助理教授,助理教授,具身交互智能，围绕人工智能与先进功能材料、生物信息、自动驾驶等前沿领域开展交叉研究，致力于推动智能交互系统的技术创新与场景落地,,https://cs.tongji.edu.cn/info/1067/3601.htm
F01576,同济大学,上海,985/211/双一流,计算机科学与技术学院,张铁华,预聘助理教授,助理教授,包括大小模型协同、图学习及关系挖掘、边缘智能模型应用及服务等,,https://cs.tongji.edu.cn/info/1067/3602.htm
F01577,同济大学,上海,985/211/双一流,计算机科学与技术学院,徐高威,助理教授,助理教授,工业智能与系统、智能预测性维护,,http://cims.tongji.edu.cn/szdw/zljs/xgw/zy.htm
F01578,同济大学,上海,985/211/双一流,计算机科学与技术学院,教辅系列,预聘助理教授,助理教授,,,https://cs.tongji.edu.cn/szdw/lyys.htm
F01579,同济大学,上海,985/211/双一流,计算机科学与技术学院,曾进,预聘助理教授,助理教授,3D视觉，图像处理，图信号处理，共发表18篇国际顶级期刊与会议论文，包括IEEE T-IP， IEEE T-SP，CVPR，ECCV，3DV等,,https://cs.tongji.edu.cn/info/1067/3600.htm
F01580,同济大学,上海,985/211/双一流,计算机科学与技术学院,朱坤,预聘助理教授,助理教授,,,https://cs.tongji.edu.cn/info/1067/3603.htm
F01581,同济大学,上海,985/211/双一流,计算机科学与技术学院,李文浩,预聘助理教授,助理教授,,,https://cs.tongji.edu.cn/info/1067/3594.htm
F01582,同济大学,上海,985/211/双一流,计算机科学与技术学院,杜博闻,预聘助理教授,助理教授,,,https://cs.tongji.edu.cn/info/1067/3591.htm
F01583,同济大学,上海,985/211/双一流,计算机科学与技术学院,熊明亮,预聘助理教授,助理教授,,,https://cs.tongji.edu.cn/info/1067/3599.htm
F01584,同济大学,上海,985/211/双一流,计算机科学与技术学院,王俊凯,助理教授,助理教授,工业人工智能、大模型、机器学习,,http://cims.tongji.edu.cn/szdw/zljs/wjk/zy.htm
F01585,同济大学,上海,985/211/双一流,计算机科学与技术学院,王坚,助理教授,助理教授,1 ． “ 人工智能与工业互联网 ” 方法与技术 （ 1 ）复杂制造环境下人机物协同决策与优化 复杂制造环境下传统企业决策与优化方法存在容错能力差、知识获取困难、知识来源单一、知识缺乏进化等问题，采用“数据融合——知识发现——知识图谱——智能推理”的研究方法，研究复杂制造环境下人机物协同决策与优化理论,,http://cims.tongji.edu.cn/szdw/zgjzcjs/wj/zy.htm
F01586,同济大学,上海,985/211/双一流,计算机科学与技术学院,王忠,预聘助理教授,助理教授,3D视觉，围绕具身智能、空间智能等前沿领域开展研究，致力于推动智能机器人系统的技术创新与场景落地,,https://cs.tongji.edu.cn/info/1067/3598.htm
F01587,同济大学,上海,985/211/双一流,计算机科学与技术学院,王经纬,助理教授,助理教授,工业智能、复杂系统建模与优化,,http://cims.tongji.edu.cn/szdw/zljs/wjw/zy.htm
F01588,同济大学,上海,985/211/双一流,计算机科学与技术学院,秦博,预聘助理教授,助理教授,天气气候现象的AI建模、AI模型的可预报性研究、数值模式的AI参数化方案构建、AI同化等,,https://cs.tongji.edu.cn/info/1067/3596.htm
F01589,同济大学,上海,985/211/双一流,计算机科学与技术学院,程颖,预聘助理教授,助理教授,空间智能、多媒体分析 电子邮件：yingcheng@tongji.edu.cn,,https://cs.tongji.edu.cn/info/1067/3590.htm
F01590,同济大学,上海,985/211/双一流,计算机科学与技术学院,范桂云,预聘助理教授,助理教授,智能算网、具身智能、非视距感知 电子邮件：fanguiyun@tongji.edu.cn,,https://cs.tongji.edu.cn/info/1067/3592.htm
F01591,同济大学,上海,985/211/双一流,计算机科学与技术学院,陈伟超,预聘助理教授,助理教授,,,https://cs.tongji.edu.cn/info/1067/3589.htm
F01592,同济大学,上海,985/211/双一流,计算机科学与技术学院,黄凯锋,预聘助理教授,助理教授,软件工程、软件安全 电子邮件：kaifengh [at] tongji.edu.cn,,https://cs.tongji.edu.cn/info/1067/3593.htm
F01593,同济大学,上海,985/211/双一流,计算机科学与技术学院,丁志军,教授,教授,云计算及服务、智能化软件工程、大数据智能等,,https://cs.tongji.edu.cn/info/1065/3468.htm
F01594,同济大学,上海,985/211/双一流,计算机科学与技术学院,任云帆,教授,教授,面向机器人与人工智能交叉前沿，重点包括自主无人机、灵巧操作、具身智能、世界模型、强化学习、多机器人系统等,,https://cs.tongji.edu.cn/info/1065/3487.htm
F01595,同济大学,上海,985/211/双一流,计算机科学与技术学院,何良华,教授,教授,脑认知计算,,https://cs.tongji.edu.cn/info/1065/3473.htm
F01596,同济大学,上海,985/211/双一流,计算机科学与技术学院,关佶红,教授,教授,认知与智能信息处理,,https://cs.tongji.edu.cn/info/1065/3472.htm
F01597,同济大学,上海,985/211/双一流,计算机科学与技术学院,冯春梅,教授,教授,,,https://cs.tongji.edu.cn/info/1065/3471.htm
F01598,同济大学,上海,985/211/双一流,计算机科学与技术学院,刘关俊,教授,教授,,,https://cs.tongji.edu.cn/info/1065/3478.htm
F01599,同济大学,上海,985/211/双一流,计算机科学与技术学院,刘庆文,教授,教授,AI大模型（AIGC、Agent）、无人机/车集群具身智能系统、智能物联网、无线定位/通信/传能,,https://cs.tongji.edu.cn/info/1065/3481.htm
F01600,同济大学,上海,985/211/双一流,计算机科学与技术学院,刘琴,教授,教授,交叉学科深度学习网络研究、异构数据相关性分析、人工智能系统测试方法 职务及研究经历 同济大学软件学院,,https://cs.tongji.edu.cn/info/1065/3480.htm
F01601,同济大学,上海,985/211/双一流,计算机科学与技术学院,刘钦源,教授,教授,多传感器数据融合、异常检测和故障诊断、大数据分析和机器学习,,https://cs.tongji.edu.cn/info/1065/3479.htm
F01602,同济大学,上海,985/211/双一流,计算机科学与技术学院,刘锡伟,教授,教授,网络与分布式计算,0000-0003-3165-443X,https://cs.tongji.edu.cn/info/1065/3482.htm
F01603,同济大学,上海,985/211/双一流,计算机科学与技术学院,卫志华,教授,教授,认知与智能信息处理,,https://cs.tongji.edu.cn/info/1065/3503.htm
F01604,同济大学,上海,985/211/双一流,计算机科学与技术学院,史扬,教授,教授,信息安全与密码学、包括应用密码学、区块链与数字货币、网络安全、 数据安全与隐私计算、软件安全 电子邮件：sseyangshi AT 126 DOT com,,https://cs.tongji.edu.cn/info/1065/3492.htm
F01605,同济大学,上海,985/211/双一流,计算机科学与技术学院,史清江,教授,教授,,,https://cs.tongji.edu.cn/info/1065/3491.htm
F01606,同济大学,上海,985/211/双一流,计算机科学与技术学院,向声,教授,教授,生成式人工智能系统、智能数据合成 电子邮件：xiangsheng [AT] tongji.edu.cn,0000-0002-1454-8240,https://cs.tongji.edu.cn/info/1065/3505.htm
F01607,同济大学,上海,985/211/双一流,计算机科学与技术学院,向阳,教授,教授,人工智能与智能信息处理,,https://cs.tongji.edu.cn/info/1065/3506.htm
F01608,同济大学,上海,985/211/双一流,计算机科学与技术学院,孙杳如,教授,教授,人工智能、计算机视觉、自然语言处理、自主机器人等,,https://cs.tongji.edu.cn/info/1065/3494.htm
F01609,同济大学,上海,985/211/双一流,计算机科学与技术学院,宋井宽,教授,教授,多模态、具身智能,,https://cs.tongji.edu.cn/info/1065/3493.htm
F01610,同济大学,上海,985/211/双一流,计算机科学与技术学院,宾燚,教授,教授,多媒体理解、自然语言处理、多模态大模型等人工智能相关方向,0000-0001-9714-8738,https://cs.tongji.edu.cn/info/1065/3462.htm
F01611,同济大学,上海,985/211/双一流,计算机科学与技术学院,尹长青,教授,教授,新媒体、AR、网络安全,,https://cs.tongji.edu.cn/info/1065/3512.htm
F01612,同济大学,上海,985/211/双一流,计算机科学与技术学院,张亚英,教授,教授,大数据挖掘，时空大数据分析，智能交通信息系统，分布式系统,,https://cs.tongji.edu.cn/info/1065/3522.htm
F01613,同济大学,上海,985/211/双一流,计算机科学与技术学院,张军旗,教授,教授,专注仿生群体智能、群体机器人、多智能体系统、强化学习等人工智能领域，欢迎有钻研精神和各类竞赛经历的同学报考,,https://cs.tongji.edu.cn/info/1065/3517.htm
F01614,同济大学,上海,985/211/双一流,计算机科学与技术学院,张冬冬,教授,教授,图像处理、深度学习、模式识别、人工智能,,https://cs.tongji.edu.cn/info/1065/3516.htm
F01615,同济大学,上海,985/211/双一流,计算机科学与技术学院,张奇,教授,教授,多模态信息处理，具体包括脑视觉编解码、时间序列分析、多模态模型压缩等，在人工智能和数据科学领域的顶级国际期刊和会议上发表论文60余篇，包括TKDE、TOIS、TNNLS、NeurIPS、ICML、ICLR、AAAI、IJCAI、WWW、ACM MM、KDD等,,https://cs.tongji.edu.cn/info/1065/3521.htm
F01616,同济大学,上海,985/211/双一流,计算机科学与技术学院,张林,教授,教授,机器视觉与图像理解,,https://cs.tongji.edu.cn/info/1065/3518.htm
F01617,同济大学,上海,985/211/双一流,计算机科学与技术学院,张苗苗,教授,教授,智能系统的模型学习和验证、强化学习、人机物联网系统的软件定义、可信人工智能 电子邮件：miaomiao@tongji.edu.cn 欢迎对模型算法、机器和模型学习以及智能系统验证等方面感兴趣的同学报考本实验室！ 部分,,https://cs.tongji.edu.cn/info/1065/3519.htm
F01618,同济大学,上海,985/211/双一流,计算机科学与技术学院,张鹏飞,教授,教授,空间智能、多模态信息处理以及多模态模型安全与攻防,,https://cs.tongji.edu.cn/info/1065/3520.htm
F01619,同济大学,上海,985/211/双一流,计算机科学与技术学院,彭铎,教授,教授,人工智能、计算机视觉、跨域适应与泛化、多模态学习等,,https://cs.tongji.edu.cn/info/1065/3485.htm
F01620,同济大学,上海,985/211/双一流,计算机科学与技术学院,徐行,教授,教授,多模态信息感知与理解、跨媒体智能分析、多模态大模型应用,0000-0001-5685-3123,https://cs.tongji.edu.cn/info/1065/3508.htm
F01621,同济大学,上海,985/211/双一流,计算机科学与技术学院,戴东辉,教授,教授,智能无线系统、无线感知与安全、无源物联网及多模态智能等,,https://cs.tongji.edu.cn/info/1065/3671.htm
F01622,同济大学,上海,985/211/双一流,计算机科学与技术学院,方钰,教授,教授,感知与嵌入式系统,,https://cs.tongji.edu.cn/info/1065/3470.htm
F01623,同济大学,上海,985/211/双一流,计算机科学与技术学院,曾国荪,教授,教授,软件与信息服务,,https://cs.tongji.edu.cn/info/1065/3514.htm
F01624,同济大学,上海,985/211/双一流,计算机科学与技术学院,曾鹏鹏,教授,教授,多模态理解、计算机视觉、具身智能等,,https://cs.tongji.edu.cn/info/1065/3515.htm
F01625,同济大学,上海,985/211/双一流,计算机科学与技术学院,朱磊,教授,教授,高效能多模态大模型与空间智能,,https://cs.tongji.edu.cn/info/1065/3526.htm
F01626,同济大学,上海,985/211/双一流,计算机科学与技术学院,李光耀,教授,教授,仿真与多媒体处理,,https://cs.tongji.edu.cn/info/1065/3477.htm
F01627,同济大学,上海,985/211/双一流,计算机科学与技术学院,杜庆峰,教授,教授,1.深度学习的云平台复杂系统的故障检测、诊断分析，故障注入（测试）及预测模型研究,,https://cs.tongji.edu.cn/info/1065/3469.htm
F01628,同济大学,上海,985/211/双一流,计算机科学与技术学院,杨志强,教授,教授,认知与智能信息处理,,https://cs.tongji.edu.cn/info/1065/3511.htm
F01629,同济大学,上海,985/211/双一流,计算机科学与技术学院,杨恺,教授,教授,AI+网络，多层优化，无线通信和物联网,,https://cs.tongji.edu.cn/info/1065/3510.htm
F01630,同济大学,上海,985/211/双一流,计算机科学与技术学院,武妍,教授,教授,认知与智能信息处理,,https://cs.tongji.edu.cn/info/1065/3504.htm
F01631,同济大学,上海,985/211/双一流,计算机科学与技术学院,江建慧,教授,教授,可信赖系统与网络、软件可靠性工程、VLSI/SoC测试与容错、性能评测与设计优化 电子邮件：jhjiang@tongji.edu.cn,,https://cs.tongji.edu.cn/info/1065/3475.htm
F01632,同济大学,上海,985/211/双一流,计算机科学与技术学院,汪子乔,教授,教授,机器学习、可信大模型和信息论,,https://cs.tongji.edu.cn/info/1065/3498.htm
F01633,同济大学,上海,985/211/双一流,计算机科学与技术学院,汪政,教授,教授,多模态具身智能、多媒体理解、计算机视觉,,https://cs.tongji.edu.cn/info/1065/3497.htm
F01634,同济大学,上海,985/211/双一流,计算机科学与技术学院,汪海航,教授,教授,网络与分布式计算,,https://cs.tongji.edu.cn/info/1065/3496.htm
F01635,同济大学,上海,985/211/双一流,计算机科学与技术学院,沈莹,教授,教授,情感计算、自然语言处理 导师简介 2006年和2009年在上海交通大学软件学院分别获得学士和硕士,,https://cs.tongji.edu.cn/info/1065/3490.htm
F01636,同济大学,上海,985/211/双一流,计算机科学与技术学院,王小平,教授,教授,软件与信息服务,,https://cs.tongji.edu.cn/info/1065/3500.htm
F01637,同济大学,上海,985/211/双一流,计算机科学与技术学院,王成,教授,教授,智能安全与网络计算,,https://cs.tongji.edu.cn/info/1065/3499.htm
F01638,同济大学,上海,985/211/双一流,计算机科学与技术学院,王晓国,教授,教授,大数据与互联网金融反欺诈,,https://cs.tongji.edu.cn/info/1065/3501.htm
F01639,同济大学,上海,985/211/双一流,计算机科学与技术学院,王轩瀚,教授,教授,以人为中心的视觉智能、多模态具身智能等,,https://cs.tongji.edu.cn/info/1065/3502.htm
F01640,同济大学,上海,985/211/双一流,计算机科学与技术学院,申恒涛,教授,教授,多媒体搜索，计算机视觉，人工智能，和大数据管理,,https://cs.tongji.edu.cn/info/1065/3489.htm
F01641,同济大学,上海,985/211/双一流,计算机科学与技术学院,祝澜耘,教授,教授,学术前沿与产业热点，学术发展前景与就业前景都很好,,https://cs.tongji.edu.cn/info/1065/3527.htm
F01642,同济大学,上海,985/211/双一流,计算机科学与技术学院,程久军,教授,教授,机器人（机械臂，轮足，人形）,,https://cs.tongji.edu.cn/info/1065/3466.htm
F01643,同济大学,上海,985/211/双一流,计算机科学与技术学院,程大伟,教授,教授,大数据分析与挖掘、图数据学习、金融大数据、多智能体、强化学习与生成式人工智能,,https://cs.tongji.edu.cn/info/1065/3465.htm
F01644,同济大学,上海,985/211/双一流,计算机科学与技术学院,程鹏,教授,教授,时空数据管理、向量数据管理、空间智能等,,https://cs.tongji.edu.cn/info/1065/3467.htm
F01645,同济大学,上海,985/211/双一流,计算机科学与技术学院,穆斌,教授,教授,人工智能及其可解释性，机器学习，神经网络，大气及海洋大数据分析，智能数据同化，AI多圈层耦合,,https://cs.tongji.edu.cn/info/1065/3484.htm
F01646,同济大学,上海,985/211/双一流,计算机科学与技术学院,肖国宝,教授,教授,机器学习、模式识别、计算机视觉,,https://cs.tongji.edu.cn/info/1065/3507.htm
F01647,同济大学,上海,985/211/双一流,计算机科学与技术学院,胡亮,教授,教授,人工智能、推荐系统、数据科学,,https://cs.tongji.edu.cn/info/1065/3474.htm
F01648,同济大学,上海,985/211/双一流,计算机科学与技术学院,苗夺谦,教授,教授,人工智能、机器学习、大数据分析、文本与图像理解、粒度计算等，内容涉及目标检测、自然语言处理、智能视频分析、多粒度建模和不确定性分析等,,https://cs.tongji.edu.cn/info/1065/3483.htm
F01649,同济大学,上海,985/211/双一流,计算机科学与技术学院,蒋寻,教授,教授,多媒体内容理解、多模态学习及多模态空间智能等,,https://cs.tongji.edu.cn/info/1065/3476.htm
F01650,同济大学,上海,985/211/双一流,计算机科学与技术学院,袁时金,教授,教授,人工智能及其可解释性，机器学习，神经网络，大气及海洋大数据分析，智能数据同化，大模型误差溯源,,https://cs.tongji.edu.cn/info/1065/3513.htm
F01651,同济大学,上海,985/211/双一流,计算机科学与技术学院,诚聘英才,教授,教授,,,https://cs.tongji.edu.cn/szdw/jsmlx/jzjs.htm
F01652,同济大学,上海,985/211/双一流,计算机科学与技术学院,谭成翔,教授,教授,安全智能与隐私保护、大数据与跨语种智能理解、移动计算与智能系统安全,,https://cs.tongji.edu.cn/info/1065/3495.htm
F01653,同济大学,上海,985/211/双一流,计算机科学与技术学院,赵才荣,教授,教授,模式识别，机器学习、计算机视觉、图像内容理解等,,https://cs.tongji.edu.cn/info/1065/3523.htm
F01654,同济大学,上海,985/211/双一流,计算机科学与技术学院,赵生捷,教授,教授,人工智能、计算机视觉、智能网联与计算 电子邮件：shengjiezhao@tongji.edu.cn 赵生捷,,https://cs.tongji.edu.cn/info/1065/3524.htm
F01655,同济大学,上海,985/211/双一流,计算机科学与技术学院,邵立智,教授,教授,医学图像人工智能算法研究及其在肿瘤临床中的应用（医工交叉） 电子邮件：lizhi_shao@tongji.edu.cn 欢迎致力于人工智能研究及医学领域应用的同学,,https://cs.tongji.edu.cn/info/1065/3488.htm
F01656,同济大学,上海,985/211/双一流,计算机科学与技术学院,闫春钢,教授,教授,计算机协同与服务计算、可信计算、智能计算等,,https://cs.tongji.edu.cn/info/1065/3509.htm
F01657,同济大学,上海,985/211/双一流,计算机科学与技术学院,陈亮,教授,教授,三维重建、物理AI及深度学习鲁棒性,,https://cs.tongji.edu.cn/info/1065/3884.htm
F01658,同济大学,上海,985/211/双一流,计算机科学与技术学院,陈广,教授,教授,机器人、3D视觉、事件视觉、自动驾驶、具身智能及相关学科交叉研究（生物信息、神经科学、成像与视觉），长期和TUM/KTH/ETHZ/CUT/HKUST等国际知名大学保持良好的国际合作,,https://faculty.tongji.edu.cn/%7EjIJVre/zh_CN/index.htm
F01659,同济大学,上海,985/211/双一流,计算机科学与技术学院,陈永生,教授,教授,仿真与多媒体处理,,https://cs.tongji.edu.cn/info/1065/3464.htm
F01660,同济大学,上海,985/211/双一流,计算机科学与技术学院,饶卫雄,教授,教授,机器学习及深度强化学习应用、时空数据科学、移动计算/边缘计算 电子邮件：wxrao (at) tongji.edu.cn,,https://cs.tongji.edu.cn/info/1065/3486.htm
F01661,同济大学,上海,985/211/双一流,计算机科学与技术学院,冯巾松,讲师,讲师,计算机应用 大型机开发技术 电子邮件：fengjinsong@tongji.edu.cn,,https://cs.tongji.edu.cn/info/1068/3607.htm
F01662,同济大学,上海,985/211/双一流,计算机科学与技术学院,刘军,讲师,讲师,,,https://cs.tongji.edu.cn/info/1068/3610.htm
F01663,同济大学,上海,985/211/双一流,计算机科学与技术学院,唐剑锋,讲师,讲师,机器学习,,https://cs.tongji.edu.cn/info/1068/3614.htm
F01664,同济大学,上海,985/211/双一流,计算机科学与技术学院,夏波涌,讲师,讲师,图像理解 智能信号处理 网络通信,,https://cs.tongji.edu.cn/info/1068/3616.htm
F01665,同济大学,上海,985/211/双一流,计算机科学与技术学院,孙海平,讲师,讲师,,,https://cs.tongji.edu.cn/info/1068/3613.htm
F01666,同济大学,上海,985/211/双一流,计算机科学与技术学院,张光长,讲师,讲师,,,https://cs.tongji.edu.cn/info/1068/3619.htm
F01667,同济大学,上海,985/211/双一流,计算机科学与技术学院,户现锋,讲师,讲师,软件重用与组件技术 多媒体通信技术（有线网络与无线网络） 嵌入式系统软件工程 无线视频通信技术方法 电子邮件：fredhxf@tongji.edu.cn,,https://cs.tongji.edu.cn/info/1068/3609.htm
F01668,同济大学,上海,985/211/双一流,计算机科学与技术学院,曹建平,讲师,讲师,,,https://cs.tongji.edu.cn/info/1068/3604.htm
F01669,同济大学,上海,985/211/双一流,计算机科学与技术学院,杨礼珍,讲师,讲师,,,https://cs.tongji.edu.cn/info/1068/3618.htm
F01670,同济大学,上海,985/211/双一流,计算机科学与技术学院,沈坚,讲师,讲师,,,https://cs.tongji.edu.cn/info/1068/3612.htm
F01671,同济大学,上海,985/211/双一流,计算机科学与技术学院,王冬青,讲师,讲师,嵌入式系统 计算机网络 移动,,https://cs.tongji.edu.cn/info/1068/3615.htm
F01672,同济大学,上海,985/211/双一流,计算机科学与技术学院,谢晨,讲师,讲师,,,https://cs.tongji.edu.cn/info/1068/3617.htm
F01673,同济大学,上海,985/211/双一流,计算机科学与技术学院,贺向东,讲师,讲师,,,https://cs.tongji.edu.cn/info/1068/3608.htm
F01674,同济大学,上海,985/211/双一流,计算机科学与技术学院,邓蓉,讲师,讲师,,,https://cs.tongji.edu.cn/info/1068/3605.htm
F01675,同济大学,上海,985/211/双一流,计算机科学与技术学院,郭玉臣,讲师,讲师,,,https://cs.tongji.edu.cn/info/1068/3606.htm
F01676,同济大学,上海,985/211/双一流,计算机科学与技术学院,钟计东,讲师,讲师,,,https://cs.tongji.edu.cn/info/1068/3620.htm
F01677,同济大学,上海,985/211/双一流,计算机科学与技术学院,陆有军,讲师,讲师,,,https://cs.tongji.edu.cn/info/1068/3611.htm
F01678,哈尔滨工业大学,哈尔滨,985/211/双一流,计算学部,总体介绍,,其他,科研平台 科研,,http://cs.hit.edu.cn/11446/list.htm
F01679,哈尔滨工程大学,哈尔滨,211/双一流,科研平台（校级）,党风廉政,教授,教授,,,http://jiwei.hrbeu.edu.cn
F01680,四川大学,成都,985/211/双一流,计算机学院（软件学院）,巨兴兴,副教授,副教授,多智能体协同、优化与自主控制，主要涉及网络化系统分布式优化与博弈、复杂环境下智能感知与自主决策、生物启发的非线性动力学建模与分析,,https://eie.scu.edu.cn/info/1045/13939.htm
F01681,四川大学,成都,985/211/双一流,计算机学院（软件学院）,业务单位,教授,教授,,,https://www.scu.edu.cn/zzjg1/ywdw.htm
F01682,四川大学,成都,985/211/双一流,计算机学院（软件学院）,严华,教授,教授,信息与通信工程 /智能信息系统 (学术型) 、 电子信息 /人工智能 (专业型) 研究 方向： 智能算法 、 存储系统、并行计算 Email： 4429175@qq.com,,https://eie.scu.edu.cn/info/1044/13966.htm
F01683,四川大学,成都,985/211/双一流,计算机学院（软件学院）,严斌宇,教授,教授,轻量级深度学习模型设计与优化、多模态网络与内生安全、 AI赋能工业软件与科学计算,,https://eie.scu.edu.cn/info/1046/4720.htm
F01684,四川大学,成都,985/211/双一流,计算机学院（软件学院）,书记信箱,教授,教授,,,https://www.scu.edu.cn/index/sjxx.htm
F01685,四川大学,成都,985/211/双一流,计算机学院（软件学院）,人文社科,教授,教授,,,https://ssd.scu.edu.cn/index.htm
F01686,四川大学,成都,985/211/双一流,计算机学院（软件学院）,任超,教授,教授,,,https://eie.scu.edu.cn/info/1044/10597.htm
F01687,四川大学,成都,985/211/双一流,计算机学院（软件学院）,何培宇,教授,教授,自适应信道均衡、系统辨识、信号检测、干扰抑制、单/多通道声回波对消、语音盲信号分离、语音增强及软件无线电方面的关键技术和方法的研究,,https://eie.scu.edu.cn/info/1044/4689.htm
F01688,四川大学,成都,985/211/双一流,计算机学院（软件学院）,何小海,教授,教授,,,https://eie.scu.edu.cn/info/1044/4696.htm
F01689,四川大学,成都,985/211/双一流,计算机学院（软件学院）,何忠奇,教授,教授,,,https://eie.scu.edu.cn/info/1124/12340.htm
F01690,四川大学,成都,985/211/双一流,计算机学院（软件学院）,余艳梅,教授,教授,人工智能 Email ： yuyanmei@scu.edu.cn,,https://eie.scu.edu.cn/info/1046/4732.htm
F01691,四川大学,成都,985/211/双一流,计算机学院（软件学院）,侯建操,教授,教授,,,https://eie.scu.edu.cn/info/1044/14992.htm
F01692,四川大学,成都,985/211/双一流,计算机学院（软件学院）,冯国英,教授,教授,,,https://eie.scu.edu.cn/info/1044/4698.htm
F01693,四川大学,成都,985/211/双一流,计算机学院（软件学院）,刘元坤,教授,教授,,,https://eie.scu.edu.cn/info/1046/4728.htm
F01694,四川大学,成都,985/211/双一流,计算机学院（软件学院）,刘建平,教授,教授,GaN 激光器 、 MOCVD 技术、 GaN 基材料与芯片,,https://eie.scu.edu.cn/info/1044/13974.htm
F01695,四川大学,成都,985/211/双一流,计算机学院（软件学院）,刘长军,教授,教授,,,https://eie.scu.edu.cn/info/1044/7713.htm
F01696,四川大学,成都,985/211/双一流,计算机学院（软件学院）,刘静伦,教授,教授,,,https://eie.scu.edu.cn/info/1046/4731.htm
F01697,四川大学,成都,985/211/双一流,计算机学院（软件学院）,华伟,教授,教授,,,https://eie.scu.edu.cn/info/1046/4742.htm
F01698,四川大学,成都,985/211/双一流,计算机学院（软件学院）,卢萍,教授,教授,,,https://eie.scu.edu.cn/info/1044/12705.htm
F01699,四川大学,成都,985/211/双一流,计算机学院（软件学院）,卿希泰,教授,教授,,,https://rsc.scu.edu.cn/info/1215/1816.htm
F01700,四川大学,成都,985/211/双一流,计算机学院（软件学院）,卿粼波,教授,教授,,,https://eie.scu.edu.cn/info/1044/7782.htm
F01701,四川大学,成都,985/211/双一流,计算机学院（软件学院）,吴丽,教授,教授,,,https://eie.scu.edu.cn/info/1046/7766.htm
F01702,四川大学,成都,985/211/双一流,计算机学院（软件学院）,吴函,教授,教授,光纤激光器、随机激光器、中红外激光、非线性频率转换技术及其应用、新型鬼成像技术等,,https://eie.scu.edu.cn/info/1044/12704.htm
F01703,四川大学,成都,985/211/双一流,计算机学院（软件学院）,吴周杰,教授,教授,,,https://eie.scu.edu.cn/info/1044/15242.htm
F01704,四川大学,成都,985/211/双一流,计算机学院（软件学院）,吴小强,教授,教授,,,https://eie.scu.edu.cn/info/1047/4699.htm
F01705,四川大学,成都,985/211/双一流,计算机学院（软件学院）,吴晓红,教授,教授,,,https://eie.scu.edu.cn/info/1046/4736.htm
F01706,四川大学,成都,985/211/双一流,计算机学院（软件学院）,周寿桓,教授,教授,,,https://eie.scu.edu.cn/info/1042/4677.htm
F01707,四川大学,成都,985/211/双一流,计算机学院（软件学院）,周新志,教授,教授,,,https://eie.scu.edu.cn/info/1044/7768.htm
F01708,四川大学,成都,985/211/双一流,计算机学院（软件学院）,周昊,教授,教授,片上集成 / 光纤集成的微纳光子器件 Email ： zhoufirst@scu.edu.cn,,https://eie.scu.edu.cn/info/1044/10713.htm
F01709,四川大学,成都,985/211/双一流,计算机学院（软件学院）,周昕,教授,教授,,,https://eie.scu.edu.cn/info/1044/4687.htm
F01710,四川大学,成都,985/211/双一流,计算机学院（软件学院）,周艳萍,教授,教授,多层吸波体设计、微波新效应及微波新技术的应用,,https://eie.scu.edu.cn/info/1046/4712.htm
F01711,四川大学,成都,985/211/双一流,计算机学院（软件学院）,夏秀渝,教授,教授,,,https://eie.scu.edu.cn/info/1046/4745.htm
F01712,四川大学,成都,985/211/双一流,计算机学院（软件学院）,孙亚平,教授,教授,多智能体系统的协调控制及其在无人车、无人艇、无人机集群上的应用,,https://eie.scu.edu.cn/info/1046/12708.htm
F01713,四川大学,成都,985/211/双一流,计算机学院（软件学院）,宁芊,教授,教授,智能信息系统 Email ： ningq@scu.edu.cn,0000-0002-8316-7732,https://eie.scu.edu.cn/info/1044/10616.htm
F01714,四川大学,成都,985/211/双一流,计算机学院（软件学院）,川大师者,教授,教授,,,https://rsc.scu.edu.cn/jsfc/cdsz.htm
F01715,四川大学,成都,985/211/双一流,计算机学院（软件学院）,川大标识,教授,教授,,,https://www.scu.edu.cn/xxgk/cdbs.htm
F01716,四川大学,成都,985/211/双一流,计算机学院（软件学院）,工资福利,教授,教授,,,https://rsc.scu.edu.cn/fwzn/gzfl1/tqfbxsh.htm
F01717,四川大学,成都,985/211/双一流,计算机学院（软件学院）,左卫民,教授,教授,实证法律研究、纠纷解决、诉讼法学、司法制度、法律大数据与法律人工智能等,,https://rsc.scu.edu.cn/info/1293/2194.htm
F01718,四川大学,成都,985/211/双一流,计算机学院（软件学院）,常见问题,教授,教授,,,https://rsc.scu.edu.cn/bshgz/cjwt.htm
F01719,四川大学,成都,985/211/双一流,计算机学院（软件学院）,张冰,教授,教授,,,https://eie.scu.edu.cn/info/1044/6774.htm
F01720,四川大学,成都,985/211/双一流,计算机学院（软件学院）,张启灿,教授,教授,电子信息专业光电信息技术领域博士、硕士研究生,,https://eie.scu.edu.cn/info/1044/4692.htm
F01721,四川大学,成都,985/211/双一流,计算机学院（软件学院）,张宏,教授,教授,,,https://eie.scu.edu.cn/info/1046/4737.htm
F01722,四川大学,成都,985/211/双一流,计算机学院（软件学院）,张弘,教授,教授,,,https://eie.scu.edu.cn/info/1044/15276.htm
F01723,四川大学,成都,985/211/双一流,计算机学院（软件学院）,张彬,教授,教授,,,https://eie.scu.edu.cn/info/1044/4695.htm
F01724,四川大学,成都,985/211/双一流,计算机学院（软件学院）,张益,教授,教授,与工作简历： 从事铁氧体射频/微波电路和微波能应用方向的研究工作,,https://eie.scu.edu.cn/info/1044/12707.htm
F01725,四川大学,成都,985/211/双一流,计算机学院（软件学院）,张蓉竹,教授,教授,,,https://eie.scu.edu.cn/info/1044/4682.htm
F01726,四川大学,成都,985/211/双一流,计算机学院（软件学院）,徐玖平,教授,教授,,,https://rsc.scu.edu.cn/info/1293/2193.htm
F01727,四川大学,成都,985/211/双一流,计算机学院（软件学院）,成中涛,教授,教授,散射波前整形（Wavefront shaping）与成像技术： 克服散射介质对光的散射，实现光在散射介质中的高效率传输与成像 光学干涉精密检测： 测量纳米级形变与位移的激光干涉技术 大气遥感激光雷达： 激光遥测大气气溶胶与云光学参数，服务于大气环境监测与研究的系统与仪器 【这些,,https://eie.scu.edu.cn/info/1044/15471.htm
F01728,四川大学,成都,985/211/双一流,计算机学院（软件学院）,曹益平,教授,教授,,,https://eie.scu.edu.cn/info/1044/4697.htm
F01729,四川大学,成都,985/211/双一流,计算机学院（软件学院）,曹顺庆,教授,教授,,,https://rsc.scu.edu.cn/info/1217/1813.htm
F01730,四川大学,成都,985/211/双一流,计算机学院（软件学院）,朱铧丞,教授,教授,,,https://eie.scu.edu.cn/info/1044/9021.htm
F01731,四川大学,成都,985/211/双一流,计算机学院（软件学院）,机关部处,教授,教授,,,https://www.scu.edu.cn/zzjg1/jgbc.htm
F01732,四川大学,成都,985/211/双一流,计算机学院（软件学院）,李健,教授,教授,,,https://eie.scu.edu.cn/info/1046/4749.htm
F01733,四川大学,成都,985/211/双一流,计算机学院（软件学院）,李大海,教授,教授,"光学精密检测、光学仪器及设计 Email: lidahai@scu.edu.cn, 1009461940@qq.com",,https://eie.scu.edu.cn/info/1044/4686.htm
F01734,四川大学,成都,985/211/双一流,计算机学院（软件学院）,李小伟,教授,教授,智能图像处理、多媒体安全、计算成像 欢迎有计算机、图像处理、光学、电子信息等背景的同学加入我们的课题组,,https://eie.scu.edu.cn/info/1044/7773.htm
F01735,四川大学,成都,985/211/双一流,计算机学院（软件学院）,李智,教授,教授,,,https://eie.scu.edu.cn/info/1044/9019.htm
F01736,四川大学,成都,985/211/双一流,计算机学院（软件学院）,李洪儒,教授,教授,,,https://eie.scu.edu.cn/info/1046/11808.htm
F01737,四川大学,成都,985/211/双一流,计算机学院（软件学院）,李玮,教授,教授,,,https://eie.scu.edu.cn/info/1046/4722.htm
F01738,四川大学,成都,985/211/双一流,计算机学院（软件学院）,李磊,教授,教授,,,https://eie.scu.edu.cn/info/1044/7308.htm
F01739,四川大学,成都,985/211/双一流,计算机学院（软件学院）,杨晓庆,教授,教授,,,https://eie.scu.edu.cn/info/1044/4681.htm
F01740,四川大学,成都,985/211/双一流,计算机学院（软件学院）,杨晓敏,教授,教授,,,https://eie.scu.edu.cn/info/1044/7778.htm
F01741,四川大学,成都,985/211/双一流,计算机学院（软件学院）,杨火木,教授,教授,微腔激光器、光电转换芯片封装技术、基于深度学习的 MPPT,,https://eie.scu.edu.cn/info/1045/12698.htm
F01742,四川大学,成都,985/211/双一流,计算机学院（软件学院）,杨红,教授,教授,,,https://eie.scu.edu.cn/info/1047/13610.htm
F01743,四川大学,成都,985/211/双一流,计算机学院（软件学院）,杨超,教授,教授,新型光电材料与器件、电子显微检测、新型光电测量技术 Email： chaoyangscu@scu.edu.cn 76157096@qq.com,0000-0003-4538-7440,https://eie.scu.edu.cn/info/1046/15194.htm
F01744,四川大学,成都,985/211/双一流,计算机学院（软件学院）,杨鑫松,教授,教授,,,https://eie.scu.edu.cn/info/1044/7834.htm
F01745,四川大学,成都,985/211/双一流,计算机学院（软件学院）,杨阳,教授,教授,,,https://eie.scu.edu.cn/info/1044/7780.htm
F01746,四川大学,成都,985/211/双一流,计算机学院（软件学院）,校长信箱,教授,教授,,,https://www.scu.edu.cn/index/xzxx.htm
F01747,四川大学,成都,985/211/双一流,计算机学院（软件学院）,梁厚昆,教授,教授,超快激光、中红外大能量超短脉冲激光、非线性光学及随机激光,,https://eie.scu.edu.cn/info/1044/7612.htm
F01748,四川大学,成都,985/211/双一流,计算机学院（软件学院）,武岳,教授,教授,空时信号处理、统计信号处理、声阵列探测、矢量传感器、多传感器系统 Email: ivan.wuyue@scu.edu.cn,,https://eie.scu.edu.cn/info/1044/12418.htm
F01749,四川大学,成都,985/211/双一流,计算机学院（软件学院）,殷珂,教授,教授,,0000-0002-8534-216X,https://eie.scu.edu.cn/info/1124/13304.htm
F01750,四川大学,成都,985/211/双一流,计算机学院（软件学院）,汪莎,教授,教授,,,https://eie.scu.edu.cn/info/1044/7774.htm
F01751,四川大学,成都,985/211/双一流,计算机学院（软件学院）,游志胜,教授,教授,,,https://rsc.scu.edu.cn/info/1216/1815.htm
F01752,四川大学,成都,985/211/双一流,计算机学院（软件学院）,滕奇志,教授,教授,数字图像处理、模式识别、三维图像重建及分析、计算机应用等,,https://eie.scu.edu.cn/info/1044/4685.htm
F01753,四川大学,成都,985/211/双一流,计算机学院（软件学院）,潘帆,教授,教授,,0000-0001-9119-7387,https://eie.scu.edu.cn/info/1046/9035.htm
F01754,四川大学,成都,985/211/双一流,计算机学院（软件学院）,熊淑华,教授,教授,,,https://eie.scu.edu.cn/info/1046/4747.htm
F01755,四川大学,成都,985/211/双一流,计算机学院（软件学院）,王亚军,教授,教授,,,https://eie.scu.edu.cn/info/1044/9044.htm
F01756,四川大学,成都,985/211/双一流,计算机学院（软件学院）,王俊,教授,教授,半导体激光器芯片（ EEL ）、激光无线能量传输（ LWPT ）、 垂直面发射激光器（ VCSEL ）、碟片激光器（ OPSL ）、光子晶体激光器（ PCSEL ）、 量子级联激光器（ QCL ）等,,https://eie.scu.edu.cn/info/1044/12265.htm
F01757,四川大学,成都,985/211/双一流,计算机学院（软件学院）,王君,教授,教授,Research Area ： 全息三维成像与显示 Holographic 3D Imaging & Display,,https://eie.scu.edu.cn/info/1044/7779.htm
F01758,四川大学,成都,985/211/双一流,计算机学院（软件学院）,王树同,教授,教授,固体激光器，超快激光微纳加工，柔性储能与传感器件 Email ： wangst@scu.edu.cn,0009-0001-1602-5662,https://eie.scu.edu.cn/info/1046/9037.htm
F01759,四川大学,成都,985/211/双一流,计算机学院（软件学院）,王正勇,教授,教授,,,https://eie.scu.edu.cn/info/1046/4746.htm
F01760,四川大学,成都,985/211/双一流,计算机学院（软件学院）,王瑞阳,教授,教授,,,https://eie.scu.edu.cn/info/1124/12338.htm
F01761,四川大学,成都,985/211/双一流,计算机学院（软件学院）,王策,教授,教授,射频电路、射频半导体器件、高效率射频功率器件 Email： ce_wang@scu.edu.cn,,https://eie.scu.edu.cn/info/1046/12725.htm
F01762,四川大学,成都,985/211/双一流,计算机学院（软件学院）,王苹宇,教授,教授,,,https://eie.scu.edu.cn/info/1044/15278.htm
F01763,四川大学,成都,985/211/双一流,计算机学院（软件学院）,申俊飞,教授,教授,,,https://eie.scu.edu.cn/info/1044/13955.htm
F01764,四川大学,成都,985/211/双一流,计算机学院（软件学院）,社保,教授,教授,,,https://rsc.scu.edu.cn/fwzn/sb/rzsbcbsx1.htm
F01765,四川大学,成都,985/211/双一流,计算机学院（软件学院）,科室职责,教授,教授,,,https://rsc.scu.edu.cn/bmjj/kszz.htm
F01766,四川大学,成都,985/211/双一流,计算机学院（软件学院）,科技产业,教授,教授,,,https://www.scu.edu.cn/kxyj/kjcy/cygk.htm
F01767,四川大学,成都,985/211/双一流,计算机学院（软件学院）,程飞,教授,教授,,0000-0003-4323-1629,https://eie.scu.edu.cn/info/1046/9022.htm
F01768,四川大学,成都,985/211/双一流,计算机学院（软件学院）,罗志田,教授,教授,中国近代文化史、中外关系史,,https://rsc.scu.edu.cn/info/1217/1814.htm
F01769,四川大学,成都,985/211/双一流,计算机学院（软件学院）,聘用管理,教授,教授,,,https://rsc.scu.edu.cn/fwzn/pygl/rzsx.htm
F01770,四川大学,成都,985/211/双一流,计算机学院（软件学院）,芦璐,教授,教授,自适应信号处理、主动噪声控制、非线性滤波、分布式估计、信号定位、自适应滤波器应用 Email ： lulu19900303@126.com,,https://eie.scu.edu.cn/info/1044/12706.htm
F01771,四川大学,成都,985/211/双一流,计算机学院（软件学院）,苟于单,教授,教授,,,https://eie.scu.edu.cn/info/1046/12329.htm
F01772,四川大学,成都,985/211/双一流,计算机学院（软件学院）,詹石窗,教授,教授,以道教与易经关系、道教文学研究见长,,https://rsc.scu.edu.cn/info/1219/1810.htm
F01773,四川大学,成都,985/211/双一流,计算机学院（软件学院）,赵平,教授,教授,集成光电子器件及其在光通信、信息处理中的应用 Email： zhao.ping@scu.edu.cn,,https://eie.scu.edu.cn/info/1044/12861.htm
F01774,四川大学,成都,985/211/双一流,计算机学院（软件学院）,赵悟翔,教授,教授,,,https://eie.scu.edu.cn/info/1046/4719.htm
F01775,四川大学,成都,985/211/双一流,计算机学院（软件学院）,赵成萍,教授,教授,,,https://eie.scu.edu.cn/info/1046/4727.htm
F01776,四川大学,成都,985/211/双一流,计算机学院（软件学院）,赵翔,教授,教授,,,https://eie.scu.edu.cn/info/1044/4683.htm
F01777,四川大学,成都,985/211/双一流,计算机学院（软件学院）,邓卬,教授,教授,,0000-0001-5124-6391,https://eie.scu.edu.cn/info/1124/12726.htm
F01778,四川大学,成都,985/211/双一流,计算机学院（软件学院）,邓国亮,教授,教授,光与物质 作用 、非线性光学、 先进激光制造、 光电子器件,,https://eie.scu.edu.cn/info/1044/10728.htm
F01779,四川大学,成都,985/211/双一流,计算机学院（软件学院）,邓欢,教授,教授,,,https://eie.scu.edu.cn/info/1044/6904.htm
F01780,四川大学,成都,985/211/双一流,计算机学院（软件学院）,邓洪敏,教授,教授,,,https://eie.scu.edu.cn/info/1046/4739.htm
F01781,四川大学,成都,985/211/双一流,计算机学院（软件学院）,郭庆功,教授,教授,,,https://eie.scu.edu.cn/info/1045/4704.htm
F01782,四川大学,成都,985/211/双一流,计算机学院（软件学院）,钟哲强,教授,教授,新型激光调控与应用技术、 超表面设计与应用 主要工作业绩 光场调控技术的飞速发展使得对光场各个参数（幅度、相位、偏振以及光谱）的任意调控成为可能，所提供的调控自由度与多样性为突破传统限制提供了新途径，从而在光,,https://eie.scu.edu.cn/info/1044/9113.htm
F01783,四川大学,成都,985/211/双一流,计算机学院（软件学院）,钟本和,教授,教授,,,https://rsc.scu.edu.cn/info/1218/1812.htm
F01784,四川大学,成都,985/211/双一流,计算机学院（软件学院）,闫丽萍,教授,教授,,,https://eie.scu.edu.cn/info/1044/4684.htm
F01785,四川大学,成都,985/211/双一流,计算机学院（软件学院）,陈倩,教授,教授,微波测量和微波能工业应用 Email ： chenqian@scu.edu.cn,,https://eie.scu.edu.cn/info/1046/11281.htm
F01786,四川大学,成都,985/211/双一流,计算机学院（软件学院）,陈星,教授,教授,,,https://eie.scu.edu.cn/info/1044/4693.htm
F01787,四川大学,成都,985/211/双一流,计算机学院（软件学院）,陈梅,教授,教授,,,https://eie.scu.edu.cn/info/1046/4735.htm
F01788,四川大学,成都,985/211/双一流,计算机学院（软件学院）,陈洪刚,教授,教授,,,https://eie.scu.edu.cn/info/1044/11809.htm
F01789,四川大学,成都,985/211/双一流,计算机学院（软件学院）,陈雨,教授,教授,,,https://eie.scu.edu.cn/info/1046/4734.htm
F01790,四川大学,成都,985/211/双一流,计算机学院（软件学院）,院系,教授,教授,,,https://www.scu.edu.cn/zzjg1/yx.htm
F01791,四川大学,成都,985/211/双一流,计算机学院（软件学院）,陶青川,教授,教授,,,https://eie.scu.edu.cn/info/1046/4741.htm
F01792,四川大学,成都,985/211/双一流,计算机学院（软件学院）,雷印杰,教授,教授,人工智能 Email: yinjie@scu.edu.cn,,https://eie.scu.edu.cn/info/1044/13503.htm
F01793,四川大学,成都,985/211/双一流,计算机学院（软件学院）,霍巍,教授,教授,汉唐考古、美术考古、西南及西藏考古、中外文化交流等，先后,,https://rsc.scu.edu.cn/info/1219/1811.htm
F01794,四川大学,成都,985/211/双一流,计算机学院（软件学院）,韩敬华,教授,教授,,,https://eie.scu.edu.cn/info/1044/10757.htm
F01795,四川大学,成都,985/211/双一流,计算机学院（软件学院）,项楚,教授,教授,,,https://rsc.scu.edu.cn/info/1215/1817.htm
F01796,四川大学,成都,985/211/双一流,计算机学院（软件学院）,马守智,教授,教授,,,https://eie.scu.edu.cn/info/1047/12323.htm
F01797,四川大学,成都,985/211/双一流,计算机学院（软件学院）,高勇,教授,教授,通信与信息系统（通信理论与技术、移动通信）、电子信息专业,,https://eie.scu.edu.cn/info/1044/7775.htm
F01798,四川大学,成都,985/211/双一流,计算机学院（软件学院）,黄卡玛,教授,教授,,,https://eie.scu.edu.cn/info/1044/7594.htm
F01799,四川大学,成都,985/211/双一流,计算机学院（软件学院）,黄霖宇,教授,教授,无线通信,,https://eie.scu.edu.cn/info/1046/9034.htm
F01800,四川大学,成都,985/211/双一流,计算机学院（软件学院）,苟旭,讲师,讲师,,,https://eie.scu.edu.cn/info/1046/12739.htm
F01801,复旦大学,上海,985/211/双一流,计算与智能创新学院,严明,高级工程师,其他,高性能网络、网络安全审计、云计算等，曾,,http://ai.fudan.edu.cn/ym/list.htm
F01802,复旦大学,上海,985/211/双一流,计算与智能创新学院,叶家炜,工程师,其他,计算机网络，信息安全,,http://ai.fudan.edu.cn/yjw/list.htm
F01803,复旦大学,上海,985/211/双一流,计算与智能创新学院,廖志成,高级工程师,其他,涉及数据科学、大数据、数据挖掘、信息安全等方面的研究,,http://ai.fudan.edu.cn/lzc/list.htm
F01804,复旦大学,上海,985/211/双一流,计算与智能创新学院,张天戈,工程师,其他,模型驱动的开发，逆向工程,,http://ai.fudan.edu.cn/ztg/list.htm
F01805,复旦大学,上海,985/211/双一流,计算与智能创新学院,徐晓栋,工程师,其他,电力调度自动化监控、城市火灾自动报警监控、物联网,,http://ai.fudan.edu.cn/xxd/list.htm
F01806,复旦大学,上海,985/211/双一流,计算与智能创新学院,徐迎晓,高级工程师,其他,严肃游戏，人工智能，软件工程，区块链,,http://ai.fudan.edu.cn/xyx/list.htm
F01807,复旦大学,上海,985/211/双一流,计算与智能创新学院,肖川,工程师,其他,计算机基础教学与研究,,http://ai.fudan.edu.cn/xc/list.htm
F01808,复旦大学,上海,985/211/双一流,计算与智能创新学院,陈伟男,工程师,其他,可重构计算，嵌入式系统，数据采集和监控,,http://ai.fudan.edu.cn/cwn/list.htm
F01809,复旦大学,上海,985/211/双一流,计算与智能创新学院,陈辰,高级工程师,其他,深度学习和大数据分析,,http://ai.fudan.edu.cn/cc/list.htm
F01810,复旦大学,上海,985/211/双一流,计算与智能创新学院,刘乐茂,副教授,副教授,,,http://ai.fudan.edu.cn/llm/list.htm
F01811,复旦大学,上海,985/211/双一流,计算与智能创新学院,叶德建,副教授,副教授,,,http://ai.fudan.edu.cn/ydj/list.htm
F01812,复旦大学,上海,985/211/双一流,计算与智能创新学院,吴承荣,副教授,副教授,信息安全，互联网应用,,http://ai.fudan.edu.cn/wcr/list.htm
F01813,复旦大学,上海,985/211/双一流,计算与智能创新学院,吴毅坚,副教授,副教授,软件工程，软件复用，软件产品线，软件维护与再工程,,http://ai.fudan.edu.cn/wyj/list.htm
F01814,复旦大学,上海,985/211/双一流,计算与智能创新学院,吴永辉,副教授,副教授,,,http://ai.fudan.edu.cn/wyh/list.htm
F01815,复旦大学,上海,985/211/双一流,计算与智能创新学院,周喆,副教授,副教授,系统安全、人工智能安全,,http://ai.fudan.edu.cn/zz_37596/list.htm
F01816,复旦大学,上海,985/211/双一流,计算与智能创新学院,周雅倩,副教授,副教授,自然语言处理，信息抽取，问答式检索以及相关的机器学习方法,,http://ai.fudan.edu.cn/zyq/list.htm
F01817,复旦大学,上海,985/211/双一流,计算与智能创新学院,唐渊,副教授,副教授,,,http://ai.fudan.edu.cn/ty/list.htm
F01818,复旦大学,上海,985/211/双一流,计算与智能创新学院,姜忠鼎,副教授,副教授,,,http://ai.fudan.edu.cn/jzd/list.htm
F01819,复旦大学,上海,985/211/双一流,计算与智能创新学院,孙晓光,副教授,副教授,计算机系统结构，嵌入式系统,,http://ai.fudan.edu.cn/sxg/list.htm
F01820,复旦大学,上海,985/211/双一流,计算与智能创新学院,张凯,副教授,副教授,,,http://ai.fudan.edu.cn/zk1/list.htm
F01821,复旦大学,上海,985/211/双一流,计算与智能创新学院,张向东,副教授,副教授,人工智能神经网络,,http://ai.fudan.edu.cn/zxd/list.htm
F01822,复旦大学,上海,985/211/双一流,计算与智能创新学院,张守志,副教授,副教授,数据库与数据挖掘,,http://ai.fudan.edu.cn/zsz/list.htm
F01823,复旦大学,上海,985/211/双一流,计算与智能创新学院,张巍,副教授,副教授,机器视觉、图像视频分析与理解、统计模式识别,,http://ai.fudan.edu.cn/zw/list.htm
F01824,复旦大学,上海,985/211/双一流,计算与智能创新学院,徐辉,副教授,副教授,软件安全、程序分析、AI系统软件可靠性,,http://ai.fudan.edu.cn/xh/list.htm
F01825,复旦大学,上海,985/211/双一流,计算与智能创新学院,戈维峰,副教授,副教授,计算机视觉、认知计算和人形机器人通用智能，在视觉感知理解、知识快速学习及多模态认知推理等方面取得了一系列,,http://ai.fudan.edu.cn/gwf/list.htm
F01826,复旦大学,上海,985/211/双一流,计算与智能创新学院,曾剑平,副教授,副教授,大数据安全、人工智能安全、社交媒体分析及应用、主动防御技术,,http://ai.fudan.edu.cn/cjp/list.htm
F01827,复旦大学,上海,985/211/双一流,计算与智能创新学院,朱东来,副教授,副教授,管理信息系统，电子商务，面向服务工程,,http://ai.fudan.edu.cn/zdl/list.htm
F01828,复旦大学,上海,985/211/双一流,计算与智能创新学院,李敏波,副教授,副教授,工业数据挖掘、工业应用软件、工业AI应用,,http://ai.fudan.edu.cn/lmb/list.htm
F01829,复旦大学,上海,985/211/双一流,计算与智能创新学院,李景涛,副教授,副教授,网络与系统安全，网络测量、网络行为学,,http://ai.fudan.edu.cn/ljt/list.htm
F01830,复旦大学,上海,985/211/双一流,计算与智能创新学院,李银胜,副教授,副教授,,,http://ai.fudan.edu.cn/lys/list.htm
F01831,复旦大学,上海,985/211/双一流,计算与智能创新学院,杨哲慜,副教授,副教授,漏洞挖掘技术、人工智能系统安全、移动安全等,,http://ai.fudan.edu.cn/yzm/list.htm
F01832,复旦大学,上海,985/211/双一流,计算与智能创新学院,池明旻,副教授,副教授,机器学习（深度学习）、数据科学、大数据分析和数据挖掘理论及其在目标检测，AI芯片，软硬一体化设计，图像处理，工业智能，网络分析和安全，文本挖掘，信号处理和流数据分析，遥感信息处理，智能油气勘探，推荐系统等应用研究,,http://ai.fudan.edu.cn/cmm/list.htm
F01833,复旦大学,上海,985/211/双一流,计算与智能创新学院,沈立炜,副教授,副教授,,,http://ai.fudan.edu.cn/slw/list.htm
F01834,复旦大学,上海,985/211/双一流,计算与智能创新学院,沙朝锋,副教授,副教授,数据管理和数据挖掘、机器学习,,http://ai.fudan.edu.cn/scf/list.htm
F01835,复旦大学,上海,985/211/双一流,计算与智能创新学院,王轶彤,副教授,副教授,融合数据与知识的数据分析，基于知识图谱及LLM的推荐系系统，数据挖掘及机器学习算法的研究及特定领域的应用（社会媒体大数据分析，医药，金融，物联网追溯系统）,,http://ai.fudan.edu.cn/wyt/list.htm
F01836,复旦大学,上海,985/211/双一流,计算与智能创新学院,王飞,副教授,副教授,生物信息学、系统生物学、数据挖掘,,http://ai.fudan.edu.cn/wf/list.htm
F01837,复旦大学,上海,985/211/双一流,计算与智能创新学院,肖晓春,副教授,副教授,计算机网络 信息安全,,http://ai.fudan.edu.cn/xxc/list.htm
F01838,复旦大学,上海,985/211/双一流,计算与智能创新学院,董震,副教授,副教授,软件分析与测试，神经符号系统，机器人软件工程,0009-0006-9558-3297,http://ai.fudan.edu.cn/dz/list.htm
F01839,复旦大学,上海,985/211/双一流,计算与智能创新学院,谈子敬,副教授,副教授,大数据管理、机器学习,,http://ai.fudan.edu.cn/tzj/list.htm
F01840,复旦大学,上海,985/211/双一流,计算与智能创新学院,谢志鹏,副教授,副教授,数据挖掘，Web 挖掘，生物信息学,,http://ai.fudan.edu.cn/xzp/list.htm
F01841,复旦大学,上海,985/211/双一流,计算与智能创新学院,赵卫东,副教授,副教授,,,http://ai.fudan.edu.cn/zwd/list.htm
F01842,复旦大学,上海,985/211/双一流,计算与智能创新学院,郑骁庆,副教授,副教授,自然语言处理和机器学习,,http://ai.fudan.edu.cn/zxq/list.htm
F01843,复旦大学,上海,985/211/双一流,计算与智能创新学院,陈学青,副教授,副教授,多媒体信息检索 ，网络编码,,http://ai.fudan.edu.cn/cxq/list.htm
F01844,复旦大学,上海,985/211/双一流,计算与智能创新学院,陈碧欢,副教授,副教授,软件安全、AI系统工程等,,http://ai.fudan.edu.cn/cbh/list.htm
F01845,复旦大学,上海,985/211/双一流,计算与智能创新学院,娄一翎,副研究员,副研究员,,,http://ai.fudan.edu.cn/lyl/list.htm
F01846,复旦大学,上海,985/211/双一流,计算与智能创新学院,张晓寒,副研究员,副研究员,系统安全、认证安全和AI应用安全等，在网络空间安全国际顶会IEEE S&P、USENIX Security、ACM CCS、NDSS发表论文10余篇，获网安顶会NDSS 2025、USENIX Security 2022杰出论文奖，以及CCS 2020最佳论文提名、USENIX Security 2025杰出论文提名奖,,http://ai.fudan.edu.cn/zxh/list.htm
F01847,复旦大学,上海,985/211/双一流,计算与智能创新学院,李元,副研究员,副研究员,计算复杂性理论与编码理论，尤其关注两者交叉领域中的关键问题，如纠错码编码的计算复杂性等,,http://ai.fudan.edu.cn/ly/list.htm
F01848,复旦大学,上海,985/211/双一流,计算与智能创新学院,杨广亮,副研究员,副研究员,,,http://ai.fudan.edu.cn/ygl/list.htm
F01849,复旦大学,上海,985/211/双一流,计算与智能创新学院,邓智友,助教,助教,,,http://ai.fudan.edu.cn/dzy/list.htm
F01850,复旦大学,上海,985/211/双一流,计算与智能创新学院,丁素芬,助理研究员,助理研究员,,,http://ai.fudan.edu.cn/dsf/list.htm
F01851,复旦大学,上海,985/211/双一流,计算与智能创新学院,于泽平,助理研究员,助理研究员,,,http://ai.fudan.edu.cn/yzp/list.htm
F01852,复旦大学,上海,985/211/双一流,计算与智能创新学院,卢盛祺,助理研究员,助理研究员,,,http://ai.fudan.edu.cn/lsq/list.htm
F01853,复旦大学,上海,985/211/双一流,计算与智能创新学院,叶雅珍,助理研究员,助理研究员,,,http://ai.fudan.edu.cn/yyz/list.htm
F01854,复旦大学,上海,985/211/双一流,计算与智能创新学院,姚晓枝,助理研究员,助理研究员,,,http://ai.fudan.edu.cn/yxz/list.htm
F01855,复旦大学,上海,985/211/双一流,计算与智能创新学院,戴嘉润,助理研究员,助理研究员,智能系统安全攻防，在IEEE S&P、USENIX Security、ACM CCS、NDSS等国际顶级会议上发表多篇高水平研究论文，面向多类型智能系统研制动静态漏洞挖掘、漏洞分析与漏洞治理工具，在热门智能体、智能设备、智能手机、智能驾驶系统等关键目标上累计挖掘千余例零天漏洞，获多项国内外网络安全攻防赛事冠军，相关技术支撑华为、阿里等头部企业的安全平台研制，服务上海市数字政务系统的安全治理工作,,http://ai.fudan.edu.cn/djr/list.htm
F01856,复旦大学,上海,985/211/双一流,计算与智能创新学院,曹瑜,助理研究员,助理研究员,,,http://ai.fudan.edu.cn/cy_37042/list.htm
F01857,复旦大学,上海,985/211/双一流,计算与智能创新学院,曾艺,助理研究员,助理研究员,,,http://ai.fudan.edu.cn/cy_50313/list.htm
F01858,复旦大学,上海,985/211/双一流,计算与智能创新学院,朱元婷,助理研究员,助理研究员,,,http://ai.fudan.edu.cn/zyt/list.htm
F01859,复旦大学,上海,985/211/双一流,计算与智能创新学院,李吉萍,助理研究员,助理研究员,,,http://ai.fudan.edu.cn/ljp/list.htm
F01860,复旦大学,上海,985/211/双一流,计算与智能创新学院,沈洁,助理研究员,助理研究员,,,http://ai.fudan.edu.cn/sj/list.htm
F01861,复旦大学,上海,985/211/双一流,计算与智能创新学院,潘旭东,助理研究员,助理研究员,大模型安全与治理，过去五年间，围绕大模型安全合规评估、智能体安全攻防、前沿AI风险治理三方面开展系统性前瞻研究，在包括TPAMI、ICML、NeurIPS、IEEE S&P和USENIX Security在内的人工智能和网络安全领域国际顶会顶刊发表论文数十篇，率先揭示多种商用大模型重大安全风险，得到OpenAI、Google、Anthropic等企业重视,,http://ai.fudan.edu.cn/pxd/list.htm
F01862,复旦大学,上海,985/211/双一流,计算与智能创新学院,王李霞,助理研究员,助理研究员,,,http://ai.fudan.edu.cn/wlx/list.htm
F01863,复旦大学,上海,985/211/双一流,计算与智能创新学院,薛莘,助理研究员,助理研究员,,,http://ai.fudan.edu.cn/xx/list.htm
F01864,复旦大学,上海,985/211/双一流,计算与智能创新学院,马晨曦,助理研究员,助理研究员,,,http://ai.fudan.edu.cn/mcx/list.htm
F01865,复旦大学,上海,985/211/双一流,计算与智能创新学院,龚洁,助理研究员,助理研究员,,,http://ai.fudan.edu.cn/gj/list.htm
F01866,复旦大学,上海,985/211/双一流,计算与智能创新学院,何震瀛,教授,教授,"AI4DB, DB4AI",,http://ai.fudan.edu.cn/hzy2/list.htm
F01867,复旦大学,上海,985/211/双一流,计算与智能创新学院,傅晓明,教授,教授,,,http://ai.fudan.edu.cn/fxm/list.htm
F01868,复旦大学,上海,985/211/双一流,计算与智能创新学院,卢暾,教授,教授,CSCW与社会计算，人机协同与交互，群智协同，推荐系统，服务与云计算,0000-0002-6633-4826,http://ai.fudan.edu.cn/lt/list.htm
F01869,复旦大学,上海,985/211/双一流,计算与智能创新学院,危辉,教授,教授,,,http://ai.fudan.edu.cn/wh_37219/list.htm
F01870,复旦大学,上海,985/211/双一流,计算与智能创新学院,吕智慧,教授,教授,网络多媒体技术，云计算与服务计算技术，大数据架构，边缘智能，联邦学习，区块链分布式系统，网络智能监管,,http://ai.fudan.edu.cn/lzh/list.htm
F01871,复旦大学,上海,985/211/双一流,计算与智能创新学院,吴俊,教授,教授,无线网络、强化学习&深度学习、信源信道编码、嵌入式系统,,http://ai.fudan.edu.cn/wj/list.htm
F01872,复旦大学,上海,985/211/双一流,计算与智能创新学院,吴杰,教授,教授,金融科技，智算中心网络与系统、大模型安全等领域,,http://ai.fudan.edu.cn/wj_37237/list.htm
F01873,复旦大学,上海,985/211/双一流,计算与智能创新学院,周向东,教授,教授,,,http://ai.fudan.edu.cn/zxd1/list.htm
F01874,复旦大学,上海,985/211/双一流,计算与智能创新学院,周扬帆,教授,教授,,,http://ai.fudan.edu.cn/zyf/list.htm
F01875,复旦大学,上海,985/211/双一流,计算与智能创新学院,周水庚,教授,教授,,,http://ai.fudan.edu.cn/zsg/list.htm
F01876,复旦大学,上海,985/211/双一流,计算与智能创新学院,孙未未,教授,教授,大模型、AI算法、大数据和数据科学,,http://ai.fudan.edu.cn/sww/list.htm
F01877,复旦大学,上海,985/211/双一流,计算与智能创新学院,尚笠,教授,教授,计算机与嵌入式系统、人机交互与智能、集成电路与EDA,,http://ai.fudan.edu.cn/sl/list.htm
F01878,复旦大学,上海,985/211/双一流,计算与智能创新学院,张为华,教授,教授,体系结构与编译优化,,http://ai.fudan.edu.cn/zwh/list.htm
F01879,复旦大学,上海,985/211/双一流,计算与智能创新学院,张亮,教授,教授,Web 与服务计算，以数据为中心的工作流,,http://ai.fudan.edu.cn/zl_37515/list.htm
F01880,复旦大学,上海,985/211/双一流,计算与智能创新学院,张军平,教授,教授,人工智能、图像处理、生物认证、智能交通等,,http://ai.fudan.edu.cn/zjp/list.htm
F01881,复旦大学,上海,985/211/双一流,计算与智能创新学院,张奇,教授,教授,自然语言处理，信息检索，数据密集型计算,,http://ai.fudan.edu.cn/zq_40317/list.htm
F01882,复旦大学,上海,985/211/双一流,计算与智能创新学院,张新鹏,教授,教授,,,http://ai.fudan.edu.cn/zxp/list.htm
F01883,复旦大学,上海,985/211/双一流,计算与智能创新学院,张源,教授,教授,软件安全，研究工作获USENIX Security 2022杰出论文奖、ACM SIGSOFT 2024杰出论文奖、IEEE S&P 2025杰出论文奖、ACM CCS 2025杰出论文奖，部分研究成果应用于华为、阿里、OPPO、vivo等公司，获华为优秀技术成果奖、阿里巴巴优秀技术合作,,http://ai.fudan.edu.cn/zy_37542/list.htm
F01884,复旦大学,上海,985/211/双一流,计算与智能创新学院,张玥杰,教授,教授,跨媒体信息处理与检索、自然语言理解,,http://ai.fudan.edu.cn/zyj/list.htm
F01885,复旦大学,上海,985/211/双一流,计算与智能创新学院,张谧,教授,教授,推荐系统，社会网络，数据挖掘，机器学习,,http://ai.fudan.edu.cn/zm/list.htm
F01886,复旦大学,上海,985/211/双一流,计算与智能创新学院,彭鑫,教授,教授,软件智能化开发、云原生与AI原生系统、智能汽车与智能制造基础软件等,,http://ai.fudan.edu.cn/px/list.htm
F01887,复旦大学,上海,985/211/双一流,计算与智能创新学院,徐扬,教授,教授,计算机网络、软件定义网络、数据中心网络、分布式机器学习、边缘计算,,http://ai.fudan.edu.cn/xy/list.htm
F01888,复旦大学,上海,985/211/双一流,计算与智能创新学院,徐跃东,教授,教授,大模型训练与推理系统、强化学习后训练算法与系统、智能体系统、大模型安全对齐等（与互联网企业合作密切，主要从事人工智能基础设施技术研究）,,http://ai.fudan.edu.cn/xyd/list.htm
F01889,复旦大学,上海,985/211/双一流,计算与智能创新学院,戴开宇,教授,教授,智慧教育,,http://ai.fudan.edu.cn/dky/list.htm
F01890,复旦大学,上海,985/211/双一流,计算与智能创新学院,李斌,教授,教授,,,http://ai.fudan.edu.cn/lb/list.htm
F01891,复旦大学,上海,985/211/双一流,计算与智能创新学院,李晟,教授,教授,多媒体内容安全、多媒体内容生成、人工智能安全，在知名国际期刊和会议如IEEE TPAMI、IEEE TIP、IEEE TIFS、IEEE TDSC、NDSS、NeurIPS、CVPR、ICCV等发表论文 100 余篇,,http://ai.fudan.edu.cn/ls/list.htm
F01892,复旦大学,上海,985/211/双一流,计算与智能创新学院,杨夙,教授,教授,Computer Vision、Urban Informatics、Data Mining,,http://ai.fudan.edu.cn/ys/list.htm
F01893,复旦大学,上海,985/211/双一流,计算与智能创新学院,杨珉,教授,教授,网络安全，主要包括恶意代码检测、漏洞分析挖掘、AI 安全、区块链安全、Web 安全和系统安全机制等,,http://ai.fudan.edu.cn/ym_37286/list.htm
F01894,复旦大学,上海,985/211/双一流,计算与智能创新学院,汪卫,教授,教授,数据库，数据挖掘,,http://ai.fudan.edu.cn/ww/list.htm
F01895,复旦大学,上海,985/211/双一流,计算与智能创新学院,沈一帆,教授,教授,网络图形，大规模科学计算，机器语音,,http://ai.fudan.edu.cn/syf/list.htm
F01896,复旦大学,上海,985/211/双一流,计算与智能创新学院,熊贇,教授,教授,数据科学与人工智能,,http://ai.fudan.edu.cn/xy_37635/list.htm
F01897,复旦大学,上海,985/211/双一流,计算与智能创新学院,牛军钰,教授,教授,大规模中文文本信息处理、公共绩效与信息化,,http://ai.fudan.edu.cn/njy/list.htm
F01898,复旦大学,上海,985/211/双一流,计算与智能创新学院,王新,教授,教授,新一代互联网体系结构、无线与移动网络、数据中心网络、网络存储系统等,,http://ai.fudan.edu.cn/wx/list.htm
F01899,复旦大学,上海,985/211/双一流,计算与智能创新学院,王晓阳,教授,教授,时空移动数据分析，数据系统安全及私密，大数据并行式分析,,http://ai.fudan.edu.cn/wxy/list.htm
F01900,复旦大学,上海,985/211/双一流,计算与智能创新学院,王鹏,教授,教授,数据挖掘，数据流处理、海量数据管理,,http://ai.fudan.edu.cn/wp/list.htm
F01901,复旦大学,上海,985/211/双一流,计算与智能创新学院,窦德景,教授,教授,,,http://ai.fudan.edu.cn/ddj/list.htm
F01902,复旦大学,上海,985/211/双一流,计算与智能创新学院,章忠志,教授,教授,图学习理论与算法、图数据挖掘、社交网络分析、网络科学,,http://ai.fudan.edu.cn/zzz/list.htm
F01903,复旦大学,上海,985/211/双一流,计算与智能创新学院,肖仰华,教授,教授,,,http://ai.fudan.edu.cn/xyh/list.htm
F01904,复旦大学,上海,985/211/双一流,计算与智能创新学院,荆一楠,教授,教授,大数据分析、数据库系统与AI4DB、时空数据管理、金融科技,,http://ai.fudan.edu.cn/jyn/list.htm
F01905,复旦大学,上海,985/211/双一流,计算与智能创新学院,薛向阳,教授,教授,多模态大模型、具身智能和类脑智能等，在顶级期刊（如IEEE TPAMI）和会议（如CVPR、ICCV、NeurIPS等）上发表论文130余篇，获国际期刊IEEE TMM 2016与国际会议ICME 2017论文奖，论文引用2.3万次，发明,,http://ai.fudan.edu.cn/xxy/list.htm
F01906,复旦大学,上海,985/211/双一流,计算与智能创新学院,谢涛,教授,教授,,,http://ai.fudan.edu.cn/xt/list.htm
F01907,复旦大学,上海,985/211/双一流,计算与智能创新学院,谭伟敏,教授,教授,人工智能、AI for Science,,http://ai.fudan.edu.cn/twm/list.htm
F01908,复旦大学,上海,985/211/双一流,计算与智能创新学院,赵文耘,教授,教授,软件工程、企业应用集成、电子商务,,http://ai.fudan.edu.cn/zwy/list.htm
F01909,复旦大学,上海,985/211/双一流,计算与智能创新学院,赵运磊,教授,教授,密码学理论及应用、网络安全,,http://ai.fudan.edu.cn/zyl/list.htm
F01910,复旦大学,上海,985/211/双一流,计算与智能创新学院,赵进,教授,教授,网络系统结构、等,,http://ai.fudan.edu.cn/zj/list.htm
F01911,复旦大学,上海,985/211/双一流,计算与智能创新学院,路红,教授,教授,图像和视频处理，计算机视觉，机器学习，模式识别，机器人任务,,http://ai.fudan.edu.cn/lh_37422/list.htm
F01912,复旦大学,上海,985/211/双一流,计算与智能创新学院,邱锡鹏,教授,教授,大语言模型和智能体,,http://ai.fudan.edu.cn/qxp/list.htm
F01913,复旦大学,上海,985/211/双一流,计算与智能创新学院,金城,教授,教授,多媒体分析与检索、人机交互,,http://ai.fudan.edu.cn/jc/list.htm
F01914,复旦大学,上海,985/211/双一流,计算与智能创新学院,金玲飞,教授,教授,编码与密码，隐私计算等,,http://ai.fudan.edu.cn/jlf/list.htm
F01915,复旦大学,上海,985/211/双一流,计算与智能创新学院,钱振兴,教授,教授,,,http://ai.fudan.edu.cn/qzx/list.htm
F01916,复旦大学,上海,985/211/双一流,计算与智能创新学院,阚海斌,教授,教授,编码与信息论，密码学与信息安全，计算复杂性,,http://ai.fudan.edu.cn/khb/list.htm
F01917,复旦大学,上海,985/211/双一流,计算与智能创新学院,陈阳,教授,教授,智能互联网、社交网络、网络大数据、城市计算、大语言模型,,http://ai.fudan.edu.cn/cy_37066/list.htm
F01918,复旦大学,上海,985/211/双一流,计算与智能创新学院,韩伟力,教授,教授,数据驱动的系统安全、访问控制、人工智能系统安全,,http://ai.fudan.edu.cn/hwl/list.htm
F01919,复旦大学,上海,985/211/双一流,计算与智能创新学院,颜波,教授,教授,计算机视觉、科学智能和智能制造等,,http://ai.fudan.edu.cn/yb/list.htm
F01920,复旦大学,上海,985/211/双一流,计算与智能创新学院,黄萱菁,教授,教授,,,http://ai.fudan.edu.cn/hxj/list.htm
F01921,复旦大学,上海,985/211/双一流,计算与智能创新学院,丁恒辉,研究员,研究员,计算机视觉、多模态、世界模型以及具身智能等,,http://ai.fudan.edu.cn/dhh/list.htm
F01922,复旦大学,上海,985/211/双一流,计算与智能创新学院,傅金兰,研究员,研究员,大语言模型、多模态大模型与智能体,,http://ai.fudan.edu.cn/fjl/list.htm
F01923,复旦大学,上海,985/211/双一流,计算与智能创新学院,冯瑞,研究员,研究员,人工智能、跨媒体智能、医学影像分析、视频大数据,,http://ai.fudan.edu.cn/fr/list.htm
F01924,复旦大学,上海,985/211/双一流,计算与智能创新学院,叶广楠,研究员,研究员,金融科技、图模型算法、多模态特征融合、计算机视觉等,,http://ai.fudan.edu.cn/ygn/list.htm
F01925,复旦大学,上海,985/211/双一流,计算与智能创新学院,张文强,研究员,研究员,机器人、人工智能、计算机视觉、智能装备,,http://ai.fudan.edu.cn/zwq/list.htm
F01926,复旦大学,上海,985/211/双一流,计算与智能创新学院,杨卫东,研究员,研究员,大数据、知识工程、数据库与数据挖掘,,http://ai.fudan.edu.cn/ywd/list.htm
F01927,复旦大学,上海,985/211/双一流,计算与智能创新学院,王慧敏,研究员,研究员,保密学院,,http://ai.fudan.edu.cn/whm/list.htm
F01928,复旦大学,上海,985/211/双一流,计算与智能创新学院,许扬,研究员,研究员,,,http://ai.fudan.edu.cn/xy1/list.htm
F01929,复旦大学,上海,985/211/双一流,计算与智能创新学院,黄橙,研究员,研究员,数据隐私和人工智能安全，发表IEEE Trans/中科院一区/CCF-A类论文50余篇,,http://ai.fudan.edu.cn/hc/list.htm
F01930,复旦大学,上海,985/211/双一流,计算与智能创新学院,付雁,讲师,讲师,计算机学院学生党建工作负责人，专职辅导员,,http://ai.fudan.edu.cn/fy/list.htm
F01931,复旦大学,上海,985/211/双一流,计算与智能创新学院,冯红伟,讲师,讲师,,,http://ai.fudan.edu.cn/fhw/list.htm
F01932,复旦大学,上海,985/211/双一流,计算与智能创新学院,刘卉,讲师,讲师,计算机图形与动画，GPGPU,,http://ai.fudan.edu.cn/lh_37398/list.htm
F01933,复旦大学,上海,985/211/双一流,计算与智能创新学院,刘新,讲师,讲师,数字媒体技术，网络质量控制,,http://ai.fudan.edu.cn/lx/list.htm
F01934,复旦大学,上海,985/211/双一流,计算与智能创新学院,刘钢,讲师,讲师,,,http://ai.fudan.edu.cn/lg/list.htm
F01935,复旦大学,上海,985/211/双一流,计算与智能创新学院,姜秀艳,讲师,讲师,,,http://ai.fudan.edu.cn/jxy/list.htm
F01936,复旦大学,上海,985/211/双一流,计算与智能创新学院,廖健,讲师,讲师,,,http://ai.fudan.edu.cn/lj_37386/list.htm
F01937,复旦大学,上海,985/211/双一流,计算与智能创新学院,徐志平,讲师,讲师,人工智能，图像处理,,http://ai.fudan.edu.cn/xzp_37273/list.htm
F01938,复旦大学,上海,985/211/双一流,计算与智能创新学院,李弋,讲师,讲师,,,http://ai.fudan.edu.cn/ly1/list.htm
F01939,复旦大学,上海,985/211/双一流,计算与智能创新学院,李旻,讲师,讲师,,,http://ai.fudan.edu.cn/lm/list.htm
F01940,复旦大学,上海,985/211/双一流,计算与智能创新学院,毛迪林,讲师,讲师,云计算，数据中心网络，无线网络,,http://ai.fudan.edu.cn/mdl/list.htm
F01941,复旦大学,上海,985/211/双一流,计算与智能创新学院,潘依伊,讲师,讲师,,,http://ai.fudan.edu.cn/pyy/list.htm
F01942,复旦大学,上海,985/211/双一流,计算与智能创新学院,王智慧,讲师,讲师,大数据管理与分析、机器学习与数据挖掘、数据安全与隐私保护等,,http://ai.fudan.edu.cn/wzh/list.htm
F01943,复旦大学,上海,985/211/双一流,计算与智能创新学院,王雪平,讲师,讲师,计算机网络、信息安全、智能电网,,http://ai.fudan.edu.cn/wxp/list.htm
F01944,复旦大学,上海,985/211/双一流,计算与智能创新学院,赵琼,讲师,讲师,,,http://ai.fudan.edu.cn/zq/list.htm
F01945,复旦大学,上海,985/211/双一流,计算与智能创新学院,陈利锋,讲师,讲师,,,http://ai.fudan.edu.cn/clf/list.htm
F01946,复旦大学,上海,985/211/双一流,计算与智能创新学院,陈彤兵,讲师,讲师,数据库和知识库，电子商务,,http://ai.fudan.edu.cn/ctb/list.htm
F01947,复旦大学,上海,985/211/双一流,计算与智能创新学院,陈荣华,讲师,讲师,网络与系统安全、移动智能媒体,,http://ai.fudan.edu.cn/crh/list.htm
F01948,复旦大学,上海,985/211/双一流,计算与智能创新学院,靳煜,讲师,讲师,,,http://ai.fudan.edu.cn/jy/list.htm
F01949,复旦大学,上海,985/211/双一流,计算与智能创新学院,顾宁,讲师,讲师,,0000-0002-2915-974X,http://ai.fudan.edu.cn/gn11/list.htm
F01950,天津大学,天津,985/211/双一流,智能与计算学部,主讲人,副教授,副教授,系统和软件安全，如二进制程序分析、Web、移动和物联网（IoT）平台中的安全,,https://cic.tju.edu.cn/info/1058/4432.htm
F01951,天津大学,天津,985/211/双一流,智能与计算学部,天大,教授,教授,,,https://cic.tju.edu.cn/info/1040/6286.htm
F01952,山东大学,济南,985/211/双一流,计算机科学与技术学院,尹建华,副教授,副教授,尹建华 副教授,,https://www.cs.sdu.edu.cn/szdw1/fjs.htm
F01953,山东大学,济南,985/211/双一流,计算机科学与技术学院,张啸,副教授,副教授,,,https://www.cs.sdu.edu.cn/szdw1/fjs.htm
F01954,山东大学,济南,985/211/双一流,计算机科学与技术学院,张国明,副教授,副教授,,,https://www.cs.sdu.edu.cn/szdw1/fjs.htm
F01955,山东大学,济南,985/211/双一流,计算机科学与技术学院,张瑞华,副教授,副教授,,,https://www.cs.sdu.edu.cn/szdw1/fjs.htm
F01956,山东大学,济南,985/211/双一流,计算机科学与技术学院,杨燕妮,副教授,副教授,,,https://www.cs.sdu.edu.cn/szdw1/fjs.htm
F01957,山东大学,济南,985/211/双一流,计算机科学与技术学院,栾峻峰,副教授,副教授,,,https://www.cs.sdu.edu.cn/szdw1/fjs.htm
F01958,山东大学,济南,985/211/双一流,计算机科学与技术学院,梁文革,副教授,副教授,,,https://www.cs.sdu.edu.cn/szdw1/fjs.htm
F01959,山东大学,济南,985/211/双一流,计算机科学与技术学院,荣获,副教授,副教授,,,https://www.cs.sdu.edu.cn/info/1070/5604.htm
F01960,山东大学,济南,985/211/双一流,计算机科学与技术学院,辛鑫,副教授,副教授,,0000-0001-6116-9115,https://www.cs.sdu.edu.cn/szdw1/fjs.htm
F01961,山东大学,济南,985/211/双一流,计算机科学与技术学院,邹逸飞,副教授,副教授,,,https://www.cs.sdu.edu.cn/szdw1/fjs.htm
F01962,山东大学,济南,985/211/双一流,计算机科学与技术学院,郑艳伟,副教授,副教授,,,https://www.cs.sdu.edu.cn/szdw1/fjs.htm
F01963,山东大学,济南,985/211/双一流,计算机科学与技术学院,钟凡,副教授,副教授,,,https://www.cs.sdu.edu.cn/szdw1/fjs.htm
F01964,山东大学,济南,985/211/双一流,计算机科学与技术学院,刘健中,副研究员,副研究员,,,https://www.cs.sdu.edu.cn/szdw1/fyjy.htm
F01965,山东大学,济南,985/211/双一流,计算机科学与技术学院,卢建波,副研究员,副研究员,,,https://www.cs.sdu.edu.cn/szdw1/fyjy.htm
F01966,山东大学,济南,985/211/双一流,计算机科学与技术学院,孙安康,副研究员,副研究员,,,https://www.cs.sdu.edu.cn/szdw1/fyjy.htm
F01967,山东大学,济南,985/211/双一流,计算机科学与技术学院,张巧,副研究员,副研究员,,,https://www.cs.sdu.edu.cn/szdw1/fyjy.htm
F01968,山东大学,济南,985/211/双一流,计算机科学与技术学院,张鑫,副研究员,副研究员,,,https://www.cs.sdu.edu.cn/szdw1/fyjy.htm
F01969,山东大学,济南,985/211/双一流,计算机科学与技术学院,沈仕浩,副研究员,副研究员,,,https://www.cs.sdu.edu.cn/szdw1/fyjy.htm
F01970,山东大学,济南,985/211/双一流,计算机科学与技术学院,潘润宇,副研究员,副研究员,,,https://www.cs.sdu.edu.cn/szdw1/fyjy.htm
F01971,山东大学,济南,985/211/双一流,计算机科学与技术学院,王姗,副研究员,副研究员,王姗 副研究员,,https://www.cs.sdu.edu.cn/szdw1/fyjy.htm
F01972,山东大学,济南,985/211/双一流,计算机科学与技术学院,章宦乐,副研究员,副研究员,,,https://www.cs.sdu.edu.cn/szdw1/fyjy.htm
F01973,山东大学,济南,985/211/双一流,计算机科学与技术学院,本科生院,助教,助教,,,http://www.bkjx.sdu.edu.cn/
F01974,山东大学,济南,985/211/双一流,计算机科学与技术学院,张孟奇,助理教授,助理教授,,,https://www.cs.sdu.edu.cn/szdw1/zljs.htm
F01975,山东大学,济南,985/211/双一流,计算机科学与技术学院,李琨,助理教授,助理教授,,,https://www.cs.sdu.edu.cn/szdw1/zljs.htm
F01976,山东大学,济南,985/211/双一流,计算机科学与技术学院,杨振,助理教授,助理教授,,,https://www.cs.sdu.edu.cn/szdw1/zljs.htm
F01977,山东大学,济南,985/211/双一流,计算机科学与技术学院,滕德军,助理教授,助理教授,,,https://www.cs.sdu.edu.cn/szdw1/zljs.htm
F01978,山东大学,济南,985/211/双一流,计算机科学与技术学院,王君义,助理教授,助理教授,,,https://www.cs.sdu.edu.cn/szdw1/zljs.htm
F01979,山东大学,济南,985/211/双一流,计算机科学与技术学院,王芯蕊,助理教授,助理教授,,,https://www.cs.sdu.edu.cn/szdw1/zljs.htm
F01980,山东大学,济南,985/211/双一流,计算机科学与技术学院,程晓童,助理教授,助理教授,,,https://www.cs.sdu.edu.cn/szdw1/zljs.htm
F01981,山东大学,济南,985/211/双一流,计算机科学与技术学院,赵泓尧,助理教授,助理教授,,,https://www.cs.sdu.edu.cn/szdw1/zljs.htm
F01982,山东大学,济南,985/211/双一流,计算机科学与技术学院,部分论文,助理教授,助理教授,,,http://zyshen00.github.io/
F01983,山东大学,济南,985/211/双一流,计算机科学与技术学院,马博洋,助理教授,助理教授,马博洋 助理教授,,https://www.cs.sdu.edu.cn/szdw1/zljs.htm
F01984,山东大学,济南,985/211/双一流,计算机科学与技术学院,高英梓,助理教授,助理教授,,,https://www.cs.sdu.edu.cn/szdw1/zljs.htm
F01985,山东大学,济南,985/211/双一流,计算机科学与技术学院,个人,教授,教授,,,https://faculty.sdu.edu.cn/sunjinghao/zh_CN/index.htm
F01986,山东大学,济南,985/211/双一流,计算机科学与技术学院,主任,教授,教授,并行计算、基于Web技术的知识管理、算法和人工智能、信息检索、文本分类与聚类、数据挖掘等,,https://gail.sdu.edu.cn/cy.htm
F01987,山东大学,济南,985/211/双一流,计算机科学与技术学院,于东晓,教授,教授,于东晓 教授,0000-0001-8835-5524,https://www.cs.sdu.edu.cn/szdw1/js.htm
F01988,山东大学,济南,985/211/双一流,计算机科学与技术学院,任鹏杰,教授,教授,,,https://www.cs.sdu.edu.cn/szdw1/js.htm
F01989,山东大学,济南,985/211/双一流,计算机科学与技术学院,冯好娣,教授,教授,,,https://www.cs.sdu.edu.cn/szdw1/js.htm
F01990,山东大学,济南,985/211/双一流,计算机科学与技术学院,副主任,教授,教授,大模型、自然语言处理、大数据处理等,,https://gail.sdu.edu.cn/cy.htm
F01991,山东大学,济南,985/211/双一流,计算机科学与技术学院,博士,教授,教授,并行计算、基于Web技术的知识管理、算法和人工智能、信息检索、文本分类与聚类、数据挖掘等,,https://gail.sdu.edu.cn/cy.htm
F01992,山东大学,济南,985/211/双一流,计算机科学与技术学院,吕琳,教授,教授,,0009-0002-1637-2936,https://www.cs.sdu.edu.cn/szdw1/js.htm
F01993,山东大学,济南,985/211/双一流,计算机科学与技术学院,吴思,教授,教授,,,https://www.cs.sdu.edu.cn/szdw1/js.htm
F01994,山东大学,济南,985/211/双一流,计算机科学与技术学院,回到顶部,教授,教授,,,https://faculty.sdu.edu.cn/sunjinghao/zh_CN/zsxx/2065580/content/4763.htm#zsxx
F01995,山东大学,济南,985/211/双一流,计算机科学与技术学院,姜海涛,教授,教授,,,https://www.cs.sdu.edu.cn/szdw1/js.htm
F01996,山东大学,济南,985/211/双一流,计算机科学与技术学院,孙景昊,教授,教授,,,https://www.cs.sdu.edu.cn/szdw1/js.htm
F01997,山东大学,济南,985/211/双一流,计算机科学与技术学院,屠长河,教授,教授,,,https://www.cs.sdu.edu.cn/szdw1/js.htm
F01998,山东大学,济南,985/211/双一流,计算机科学与技术学院,崔学峰,教授,教授,,,https://www.cs.sdu.edu.cn/szdw1/js.htm
F01999,山东大学,济南,985/211/双一流,计算机科学与技术学院,工作经历,教授,教授,,,https://faculty.sdu.edu.cn/zhangzhaorong/zh_CN/more/1760495/jyjlgd/index.htm
F02000,山东大学,济南,985/211/双一流,计算机科学与技术学院,张兆榕,教授,教授,,,https://www.cs.sdu.edu.cn/szdw1/js.htm
F02001,山东大学,济南,985/211/双一流,计算机科学与技术学院,张悦,教授,教授,,,https://www.cs.sdu.edu.cn/szdw1/js.htm
F02002,山东大学,济南,985/211/双一流,计算机科学与技术学院,彭朝晖,教授,教授,,,https://www.cs.sdu.edu.cn/szdw1/js.htm
F02003,山东大学,济南,985/211/双一流,计算机科学与技术学院,徐明辉,教授,教授,,0000-0003-4579-5380,https://link.springer.com/book/10.1007/978-3-031-70859-6
F02004,山东大学,济南,985/211/双一流,计算机科学与技术学院,成秀珍,教授,教授,,,https://www.cs.sdu.edu.cn/szdw1/js.htm
F02005,山东大学,济南,985/211/双一流,计算机科学与技术学院,教育经历,教授,教授,,,https://faculty.sdu.edu.cn/liliwei/zh_CN/index.htm
F02006,山东大学,济南,985/211/双一流,计算机科学与技术学院,文件规定,教授,教授,青年团队培育计划 平台建设 高峰计划&双一流 国际学术交流 在校学生 本科生 研究生,,https://www.cs.sdu.edu.cn/rczp/wjgd.htm
F02007,山东大学,济南,985/211/双一流,计算机科学与技术学院,时文博,教授,教授,,,https://doi.org/10.3724/SP.J.1089.2025-00116
F02008,山东大学,济南,985/211/双一流,计算机科学与技术学院,时阳光,教授,教授,,,https://www.cs.sdu.edu.cn/szdw1/js.htm
F02009,山东大学,济南,985/211/双一流,计算机科学与技术学院,暂无内容,教授,教授,,,https://faculty.sdu.edu.cn/zhangzhaorong/zh_CN/lwcg/1760498/content/430901.htm#lwcg
F02010,山东大学,济南,985/211/双一流,计算机科学与技术学院,曾琼,教授,教授,,,https://www.cs.sdu.edu.cn/szdw1/js.htm
F02011,山东大学,济南,985/211/双一流,计算机科学与技术学院,朱大铭,教授,教授,,,https://www.cs.sdu.edu.cn/szdw1/js.htm
F02012,山东大学,济南,985/211/双一流,计算机科学与技术学院,李峰,教授,教授,,,https://www.cs.sdu.edu.cn/szdw1/js.htm
F02013,山东大学,济南,985/211/双一流,计算机科学与技术学院,李立伟,教授,教授,新能源汽车电控系统开发、储能系统能量管理和协同控制、轨道交通电气化与自动化及电力系统智能监测和状态维修等,,https://faculty.sdu.edu.cn/liliwei/zh_CN/index.htm
F02014,山东大学,济南,985/211/双一流,计算机科学与技术学院,来源,教授,教授,,,https://www.cs.sdu.edu.cn/info/1070/2797.htm
F02015,山东大学,济南,985/211/双一流,计算机科学与技术学院,洞察,教授,教授,,,https://academicdata.sdu.edu.cn
F02016,山东大学,济南,985/211/双一流,计算机科学与技术学院,王怀瑾,教授,教授,,,https://www.cs.sdu.edu.cn/szdw1/js.htm
F02017,山东大学,济南,985/211/双一流,计算机科学与技术学院,甘甜,教授,教授,,,https://www.cs.sdu.edu.cn/szdw1/js.htm
F02018,山东大学,济南,985/211/双一流,计算机科学与技术学院,申兆岩,教授,教授,,,https://www.cs.sdu.edu.cn/szdw1/js.htm
F02019,山东大学,济南,985/211/双一流,计算机科学与技术学院,电邮,教授,教授,,,http://zyshen00.github.io/
F02020,山东大学,济南,985/211/双一流,计算机科学与技术学院,编辑,教授,教授,,,https://www.cs.sdu.edu.cn/info/1070/5604.htm
F02021,山东大学,济南,985/211/双一流,计算机科学与技术学院,罗琦,教授,教授,,,https://www.cs.sdu.edu.cn/szdw1/js.htm
F02022,山东大学,济南,985/211/双一流,计算机科学与技术学院,职位,教授,教授,,,https://www.cs.sdu.edu.cn/info/1070/3738.htm
F02023,山东大学,济南,985/211/双一流,计算机科学与技术学院,肖梦白,教授,教授,,,https://www.cs.sdu.edu.cn/szdw1/js.htm
F02024,山东大学,济南,985/211/双一流,计算机科学与技术学院,胡琴,教授,教授,,0000-0002-8847-8345,https://www.cs.sdu.edu.cn/szdw1/js.htm
F02025,山东大学,济南,985/211/双一流,计算机科学与技术学院,胡鹏飞,教授,教授,,,https://www.cs.sdu.edu.cn/szdw1/js.htm
F02026,山东大学,济南,985/211/双一流,计算机科学与技术学院,荣誉主任,教授,教授,,,https://gail.sdu.edu.cn/cy.htm
F02027,山东大学,济南,985/211/双一流,计算机科学与技术学院,菁英班,教授,教授,青年团队培育计划 平台建设 高峰计划&双一流 国际学术交流 在校学生 本科生 研究生,,https://www.cs.sdu.edu.cn/jxjg/jsjjyb1.htm
F02028,山东大学,济南,985/211/双一流,计算机科学与技术学院,蔡晓军,教授,教授,,,https://www.cs.sdu.edu.cn/szdw1/js.htm
F02029,山东大学,济南,985/211/双一流,计算机科学与技术学院,贾振格,教授,教授,体系结构和嵌入式人工智能，开展面向端侧人工智能的软硬件协同设计，推进国产嵌入式人工智能的生态建设，实现产业级应用落地,,https://www3.nd.edu/~scl/index.html
F02030,山东大学,济南,985/211/双一流,计算机科学与技术学院,赵梦莹,教授,教授,,,https://www.cs.sdu.edu.cn/szdw1/js.htm
F02031,山东大学,济南,985/211/双一流,计算机科学与技术学院,赵海森,教授,教授,,,https://www.cs.sdu.edu.cn/szdw1/js.htm
F02032,山东大学,济南,985/211/双一流,计算机科学与技术学院,辛士庆,教授,教授,,,https://www.cs.sdu.edu.cn/szdw1/js.htm
F02033,山东大学,济南,985/211/双一流,计算机科学与技术学院,邮政编码,教授,教授,,,http://irc.cs.sdu.edu.cn/~shiqing/index.html
F02034,山东大学,济南,985/211/双一流,计算机科学与技术学院,郭炅,教授,教授,,,https://www.cs.sdu.edu.cn/szdw1/js.htm
F02035,山东大学,济南,985/211/双一流,计算机科学与技术学院,陈竹敏,教授,教授,,,https://gail.sdu.edu.cn/~zhuminchen/index.htm
F02036,山东大学,济南,985/211/双一流,计算机科学与技术学院,青岛校区,教授,教授,,,http://www.qdxq.sdu.edu.cn/
F02037,山东大学,济南,985/211/双一流,计算机科学与技术学院,领域,教授,教授,,,https://faculty.sdu.edu.cn/sunjinghao/zh_CN/index.htm
F02038,山东大学,济南,985/211/双一流,计算机科学与技术学院,余仲星,研究员,研究员,,,https://www.cs.sdu.edu.cn/szdw1/yjy.htm
F02039,山东大学,济南,985/211/双一流,计算机科学与技术学院,张广辉,研究员,研究员,,,https://www.cs.sdu.edu.cn/szdw1/yjy.htm
F02040,山东大学,济南,985/211/双一流,计算机科学与技术学院,曹烨彤,研究员,研究员,,,https://www.cs.sdu.edu.cn/szdw1/yjy.htm
F02041,山东大学,济南,985/211/双一流,计算机科学与技术学院,蒲莲容,研究员,研究员,,,https://www.cs.sdu.edu.cn/szdw1/yjy.htm
F02042,山东大学,济南,985/211/双一流,计算机科学与技术学院,薛梦,研究员,研究员,,,https://www.cs.sdu.edu.cn/szdw1/yjy.htm
F02043,山东大学,济南,985/211/双一流,计算机科学与技术学院,邬兴尧,研究员,研究员,邬兴尧 研究员,,https://www.cs.sdu.edu.cn/szdw1/yjy.htm
F02044,山东大学,济南,985/211/双一流,计算机科学与技术学院,钟方天,研究员,研究员,,,https://www.cs.sdu.edu.cn/szdw1/yjy.htm
F02045,武汉大学,武汉,985/211/双一流,计算机学院,万帅,,其他,微纳光学，超材料,0009-0004-7962-0102,https://eis.whu.edu.cn/info/2571/56701.htm
F02046,武汉大学,武汉,985/211/双一流,计算机学院,代永红,,其他,集中在空间激光通信方向，学术研究上始终坚持,,https://eis.whu.edu.cn/info/2561/56431.htm
F02047,武汉大学,武汉,985/211/双一流,计算机学院,何楚,,其他,图像分析与理解,,https://eis.whu.edu.cn/info/2561/56401.htm
F02048,武汉大学,武汉,985/211/双一流,计算机学院,周浩,,其他,雷达信号处理,,https://eis.whu.edu.cn/info/2561/56091.htm
F02049,武汉大学,武汉,985/211/双一流,计算机学院,周辉,,其他,激光遥感与空间探测,0000-0002-0418-317X,https://eis.whu.edu.cn/info/2571/56511.htm
F02050,武汉大学,武汉,985/211/双一流,计算机学院,孙涛,,其他,1. 遥感(视频)图像处理及信息处理 2.传感网及阵列信号处理 3. 多维数据处理与高效计算,,https://eis.whu.edu.cn/info/2561/56281.htm
F02051,武汉大学,武汉,985/211/双一流,计算机学院,张天,,其他,介电柔性薄膜材料与器件,,https://eis.whu.edu.cn/info/2571/56551.htm
F02052,武汉大学,武汉,985/211/双一流,计算机学院,易建新,,其他,新体制外辐射源雷达、雷达信号处理、非线性信号处理、多站多目标跟踪,,https://eis.whu.edu.cn/info/2571/56581.htm
F02053,武汉大学,武汉,985/211/双一流,计算机学院,易本顺,,其他,人工智能，多媒体通信,,https://eis.whu.edu.cn/info/2561/56171.htm
F02054,武汉大学,武汉,985/211/双一流,计算机学院,曹小毛,,其他,被动雷达，目标特性，目标分类识别,,https://eis.whu.edu.cn/info/2571/57011.htm
F02055,武汉大学,武汉,985/211/双一流,计算机学院,本科生院,工程师,其他,人工智能相关领域、图像分析与理解,,https://eis.whu.edu.cn/info/2581/57031.htm
F02056,武汉大学,武汉,985/211/双一流,计算机学院,李立,工程师,其他,信号处理、计算机视觉、机器学习及其在信息采集、医学影像、环境数据分析中的应用,,https://eis.whu.edu.cn/info/2561/56321.htm
F02057,武汉大学,武汉,985/211/双一流,计算机学院,王才军,,其他,雷达水文遥感,,https://eis.whu.edu.cn/info/2561/56261.htm
F02058,武汉大学,武汉,985/211/双一流,计算机学院,肖进胜,,其他,图像处理与机器视觉，群体智能与协同感知,,https://eis.whu.edu.cn/info/2561/56231.htm
F02059,武汉大学,武汉,985/211/双一流,计算机学院,范赐恩,,其他,脑机接口与类脑视觉、人工智能与机器视觉、嵌入式系统设计,,https://eis.whu.edu.cn/info/2571/56951.htm
F02060,武汉大学,武汉,985/211/双一流,计算机学院,许贤泽,,其他,精密仪器与控制,,https://eis.whu.edu.cn/info/2571/56611.htm
F02061,武汉大学,武汉,985/211/双一流,计算机学院,陈景东,,其他,信号与信息处理,,https://eis.whu.edu.cn/info/2561/56471.htm
F02062,武汉大学,武汉,985/211/双一流,计算机学院,陈泽宗,,其他,1、无线电海洋环境探测（高频地波雷达和微波雷达） 2、雷达系统与信号理论 3、软件无线电技术 4、射频电路与嵌入式系统 本人硕士、博士的招生专业是：电路与系统专业,,https://eis.whu.edu.cn/info/2571/56971.htm
F02063,武汉大学,武汉,985/211/双一流,计算机学院,陈琪美,,其他,智能通信网络技术、边缘智能技术、低空通信技术、多天线技术等,,https://eis.whu.edu.cn/info/2561/56441.htm
F02064,武汉大学,武汉,985/211/双一流,计算机学院,陶维亮,,其他,水下探测,,https://eis.whu.edu.cn/info/2571/56721.htm
F02065,武汉大学,武汉,985/211/双一流,计算机学院,余淮,副教授,副教授,机器人，智能无人系统，世界模型,0000-0001-6043-3412,https://eis.whu.edu.cn/info/2561/56161.htm
F02066,武汉大学,武汉,985/211/双一流,计算机学院,徐逢秋,副教授,副教授,精密磁驱系统、高性能机电系统、嵌入式系统,,https://eis.whu.edu.cn/info/2571/56621.htm
F02067,武汉大学,武汉,985/211/双一流,计算机学院,梅晓光,副教授,副教授,高光谱、计算机视觉,,https://eis.whu.edu.cn/info/2561/56301.htm
F02068,武汉大学,武汉,985/211/双一流,计算机学院,石新智,副教授,副教授,无线能量收集、无线能量传输、超材料、雷达、物联网,,https://eis.whu.edu.cn/info/2581/57291.htm
F02069,武汉大学,武汉,985/211/双一流,计算机学院,罗义军,副教授,副教授,新型信号估计技术研究与应用，高速数据传输与信号处理，新型雷达检测技术研究与应用，电磁环境监测与信号分类识别,,https://eis.whu.edu.cn/info/2571/56801.htm
F02070,武汉大学,武汉,985/211/双一流,计算机学院,雷俊锋,副教授,副教授,,,https://eis.whu.edu.cn/info/2561/56351.htm
F02071,武汉大学,武汉,985/211/双一流,计算机学院,张海剑,助教,助教,智能语音信号处理与取证,,https://eis.whu.edu.cn/info/2561/56121.htm
F02072,武汉大学,武汉,985/211/双一流,计算机学院,曾园园,助理研究员,助理研究员,,,https://eis.whu.edu.cn/info/2561/56141.htm
F02073,武汉大学,武汉,985/211/双一流,计算机学院,万显荣,教授,教授,雷达系统,,https://eis.whu.edu.cn/info/2571/56661.htm
F02074,武汉大学,武汉,985/211/双一流,计算机学院,于秋则,教授,教授,"AI 图像目标感知技术、合成孔径雷达（SAR）高精度制导信息处理研究、侦察实时信息处理技术、图像信息处理与模式识别高速实时信息处理（DSP/FPGA）,总经费3000多万元",,https://eis.whu.edu.cn/info/2561/56151.htm
F02075,武汉大学,武汉,985/211/双一流,计算机学院,刘兴海,教授,教授,智能传感,,https://eis.whu.edu.cn/info/2571/56851.htm
F02076,武汉大学,武汉,985/211/双一流,计算机学院,卜方玲,教授,教授,系统与网络、信息感知与融合,,https://eis.whu.edu.cn/info/2561/56481.htm
F02077,武汉大学,武汉,985/211/双一流,计算机学院,叶双莉,教授,教授,可穿戴式柔性传感器、柔性无线无源电子器件、柔性射频能量收集器及柔性电子无线系统集成,,https://eis.whu.edu.cn/info/2571/56591.htm
F02078,武汉大学,武汉,985/211/双一流,计算机学院,孟凯涛,教授,教授,无线通信、信号处理、协作通信感知一体化、分布式人工智能等,,https://eis.whu.edu.cn/info/2561/62241.htm
F02079,武汉大学,武汉,985/211/双一流,计算机学院,时阳阳,教授,教授,微纳光学、超构表面,,https://eis.whu.edu.cn/info/2571/56731.htm
F02080,武汉大学,武汉,985/211/双一流,计算机学院,李仲阳,教授,教授,微纳光学、超构表面、半导体芯片工艺,,https://eis.whu.edu.cn/info/2571/56831.htm
F02081,武汉大学,武汉,985/211/双一流,计算机学院,李松,教授,教授,卫星激光遥感、精密光电检测,,https://eis.whu.edu.cn/info/2571/56881.htm
F02082,武汉大学,武汉,985/211/双一流,计算机学院,李梓卓,教授,教授,计算机视觉、图像匹配、多视图几何,,https://eis.whu.edu.cn/info/2561/56341.htm
F02083,武汉大学,武汉,985/211/双一流,计算机学院,杨文,教授,教授,图像处理与计算机视觉,0000-0002-3263-8768,https://eis.whu.edu.cn/info/2561/56181.htm
F02084,武汉大学,武汉,985/211/双一流,计算机学院,梁国镇,教授,教授,集成光子学、光学超材料、非线性光学,,https://eis.whu.edu.cn/info/2571/56891.htm
F02085,武汉大学,武汉,985/211/双一流,计算机学院,田应伟,教授,教授,智能信号处理、新体制雷达系统、目标探测与海洋遥感,,https://eis.whu.edu.cn/info/2561/56271.htm
F02086,武汉大学,武汉,985/211/双一流,计算机学院,胡钰林,教授,教授,工业物联网、高可靠低时延通信、无人机通信等新型网络的性能分析与优化设计,,https://eis.whu.edu.cn/info/2561/56371.htm
F02087,武汉大学,武汉,985/211/双一流,计算机学院,赵晨,教授,教授,智能雷达系统,,https://eis.whu.edu.cn/info/2571/56541.htm
F02088,武汉大学,武汉,985/211/双一流,计算机学院,郑国兴,教授,教授,超表面、微纳光学,,https://eis.whu.edu.cn/info/2571/56521.htm
F02089,武汉大学,武汉,985/211/双一流,计算机学院,马跃,教授,教授,,,https://eis.whu.edu.cn/info/2571/56791.htm
F02090,武汉大学,武汉,985/211/双一流,计算机学院,魏儒义,教授,教授,红外光谱遥感技术与系统级仪器研发,,https://eis.whu.edu.cn/info/2571/56651.htm
F02091,武汉大学,武汉,985/211/双一流,计算机学院,黄公平,教授,教授,智能语音处理、信号与信息处理、声信号感知,,https://eis.whu.edu.cn/info/2561/56381.htm
F02092,武汉大学,武汉,985/211/双一流,计算机学院,龚威,特聘教授,教授,,,https://eis.whu.edu.cn/info/2571/56931.htm
F02093,武汉大学,武汉,985/211/双一流,计算机学院,曾永全,研究员,研究员,半导体激光器、光子晶体激光器、拓扑光子器件、异质集成器件,,https://eis.whu.edu.cn/info/2571/56561.htm
F02094,武汉大学,武汉,985/211/双一流,计算机学院,朱尧,特聘研究员,研究员,高可靠低时延通信,,https://eis.whu.edu.cn/info/2561/56071.htm
F02095,武汉大学,武汉,985/211/双一流,计算机学院,郑宏,研究员,研究员,,,https://eis.whu.edu.cn/info/2561/56101.htm
F02096,武汉理工大学,武汉,211/双一流,人工智能学院（原计算机与人工智能学院）,杨扬,实验师,其他,机器视觉、基于深度学习的电池健康管理、先进控制技术与应用等,,https://ai.whut.edu.cn/szdw/jsml/202609/t20260917_1418120.shtml
F02097,武汉理工大学,武汉,211/双一流,人工智能学院（原计算机与人工智能学院）,付国江,副教授,副教授,,,https://ai.whut.edu.cn/szdw/jsml/202509/t20250919_1349791.shtml
F02098,武汉理工大学,武汉,211/双一流,人工智能学院（原计算机与人工智能学院）,何凡,副教授,副教授,信息系统安全、机器学习、计算机视觉,,https://ai.whut.edu.cn/szdw/jsml/202509/t20250919_1349778.shtml
F02099,武汉理工大学,武汉,211/双一流,人工智能学院（原计算机与人工智能学院）,冯静,副教授,副教授,企业信息化与集成相关技术、大数据分析与处理技术,,https://ai.whut.edu.cn/szdw/jsml/202509/t20250919_1349777.shtml
F02100,武汉理工大学,武汉,211/双一流,人工智能学院（原计算机与人工智能学院）,凌咏红,副教授,副教授,1.管理信息系统 2. 建筑智能化,,https://ai.whut.edu.cn/szdw/jsml/202509/t20250919_1349735.shtml
F02101,武汉理工大学,武汉,211/双一流,人工智能学院（原计算机与人工智能学院）,刘传文,副教授,副教授,算法与程序设计,,https://ai.whut.edu.cn/szdw/jsml/202509/t20250919_1349815.shtml
F02102,武汉理工大学,武汉,211/双一流,人工智能学院（原计算机与人工智能学院）,刘小珠,副教授,副教授,大数据智能、智慧电网,,https://ai.whut.edu.cn/szdw/jsml/202609/t20260903_1415442.shtml
F02103,武汉理工大学,武汉,211/双一流,人工智能学院（原计算机与人工智能学院）,刘钢,副教授,副教授,1.计算机视觉 2.计算机图形学 3.嵌入式系统,,https://ai.whut.edu.cn/szdw/jsml/202509/t20250919_1349785.shtml
F02104,武汉理工大学,武汉,211/双一流,人工智能学院（原计算机与人工智能学院）,向东,副教授,副教授,1.数字图像和视频处理 2.文字识别和计算机视觉,,https://ai.whut.edu.cn/szdw/jsml/202509/t20250919_1349768.shtml
F02105,武汉理工大学,武汉,211/双一流,人工智能学院（原计算机与人工智能学院）,吕淑琴,副教授,副教授,web技术,,https://ai.whut.edu.cn/szdw/jsml/202509/t20250919_1349711.shtml
F02106,武汉理工大学,武汉,211/双一流,人工智能学院（原计算机与人工智能学院）,周权,副教授,副教授,计算机视觉、具身智能、智能辅助诊断、腔镜 / 内窥镜手术机器人感知系统开发以及脑机接口等研究工作,,https://ai.whut.edu.cn/szdw/jsml/202609/t20260907_1416324.shtml
F02107,武汉理工大学,武汉,211/双一流,人工智能学院（原计算机与人工智能学院）,周申培,副教授,副教授,智能交通系统、驾驶行为与交通安全的研究,,https://ai.whut.edu.cn/szdw/jsml/202609/t20260907_1416325.shtml
F02108,武汉理工大学,武汉,211/双一流,人工智能学院（原计算机与人工智能学院）,唐必伟,副教授,副教授,无人驾驶飞行器导航、制导与控制,,https://ai.whut.edu.cn/szdw/jsml/202609/t20260917_1418139.shtml
F02109,武汉理工大学,武汉,211/双一流,人工智能学院（原计算机与人工智能学院）,唐星,副教授,副教授,1.移动计算 2.无人系统 3.物联网 4.车联网 5.音乐人工智能,0000-0002-4833-8604,https://ai.whut.edu.cn/szdw/jsml/202509/t20250919_1349708.shtml
F02110,武汉理工大学,武汉,211/双一流,人工智能学院（原计算机与人工智能学院）,唐祖锴,副教授,副教授,数据管理、物联网技术、工业智能与智能制造,,https://ai.whut.edu.cn/szdw/jsml/202509/t20250919_1349723.shtml
F02111,武汉理工大学,武汉,211/双一流,人工智能学院（原计算机与人工智能学院）,夏又新,副教授,副教授,1.嵌入式系统2.计算机网络3.高密度存储,,https://ai.whut.edu.cn/szdw/jsml/202509/t20250919_1349782.shtml
F02112,武汉理工大学,武汉,211/双一流,人工智能学院（原计算机与人工智能学院）,夏喆,副教授,副教授,信息安全、密码学,,https://ai.whut.edu.cn/szdw/jsml/202509/t20250919_1349802.shtml
F02113,武汉理工大学,武汉,211/双一流,人工智能学院（原计算机与人工智能学院）,夏振厂,副教授,副教授,车联网、自动驾驶、网络拥塞控制、异常检测和数据挖掘等,,https://ai.whut.edu.cn/szdw/jsml/202509/t20250919_1349694.shtml
F02114,武汉理工大学,武汉,211/双一流,人工智能学院（原计算机与人工智能学院）,姚寒冰,副教授,副教授,网络与信息安全、数据挖掘与机器学习、系统集成,,https://ai.whut.edu.cn/szdw/jsml/202509/t20250919_1349808.shtml
F02115,武汉理工大学,武汉,211/双一流,人工智能学院（原计算机与人工智能学院）,孙玉芬,副教授,副教授,计算机视觉、机器学习、计算机图形学,,https://ai.whut.edu.cn/szdw/jsml/202509/t20250919_1349801.shtml
F02116,武汉理工大学,武汉,211/双一流,人工智能学院（原计算机与人工智能学院）,孙贤伟,副教授,副教授,1.无线传感网络算法设计与分析 2.图论 3.组合密码编码,,https://ai.whut.edu.cn/szdw/jsml/202509/t20250919_1349783.shtml
F02117,武汉理工大学,武汉,211/双一流,人工智能学院（原计算机与人工智能学院）,宋华珠,副教授,副教授,1.智能方法 2.机器学习、深度学习、数据挖掘与大数据分析 3.语义及本体、自然语言处理与知识图谱、数字图像处理,,https://ai.whut.edu.cn/szdw/jsml/202509/t20250919_1349724.shtml
F02118,武汉理工大学,武汉,211/双一流,人工智能学院（原计算机与人工智能学院）,巩晶,副教授,副教授,1.智能交通2.信息安全,,https://ai.whut.edu.cn/szdw/jsml/202509/t20250919_1349758.shtml
F02119,武汉理工大学,武汉,211/双一流,人工智能学院（原计算机与人工智能学院）,庞牧野,副教授,副教授,腿足机器人、农业机器人、外骨骼机器人、基于人工智能的机器人控制系统构建等,,https://ai.whut.edu.cn/szdw/jsml/202609/t20260903_1415299.shtml
F02120,武汉理工大学,武汉,211/双一流,人工智能学院（原计算机与人工智能学院）,张华伟,副教授,副教授,1.数据挖掘 2.大数据 3.人工智能,,https://ai.whut.edu.cn/szdw/jsml/202509/t20250919_1349784.shtml
F02121,武汉理工大学,武汉,211/双一流,人工智能学院（原计算机与人工智能学院）,张寒冰,副教授,副教授,AI4Science，交互式数据分析，数据生成,,https://ai.whut.edu.cn/szdw/jsml/202509/t20250919_1349684.shtml
F02122,武汉理工大学,武汉,211/双一流,人工智能学院（原计算机与人工智能学院）,张晓盼,副教授,副教授,1. 复杂系统建模与优化2. 有人/无人任务规划3. 混合智能决策,,https://ai.whut.edu.cn/szdw/jsml/202509/t20250919_1349680.shtml
F02123,武汉理工大学,武汉,211/双一流,人工智能学院（原计算机与人工智能学院）,张蕊,副教授,副教授,1.机器学习2.移动计算3.数据分析与挖掘,,https://ai.whut.edu.cn/szdw/jsml/202509/t20250919_1349797.shtml
F02124,武汉理工大学,武汉,211/双一流,人工智能学院（原计算机与人工智能学院）,张锐,副教授,副教授,人工智能、智能控制、机器人、嵌入式系统应用、机电控制、电源,,https://ai.whut.edu.cn/szdw/jsml/202609/t20260905_1416171.shtml
F02125,武汉理工大学,武汉,211/双一流,人工智能学院（原计算机与人工智能学院）,彭德巍,副教授,副教授,1.人工智能2.软件工程,,https://ai.whut.edu.cn/szdw/jsml/202509/t20250919_1349720.shtml
F02126,武汉理工大学,武汉,211/双一流,人工智能学院（原计算机与人工智能学院）,彭静,副教授,副教授,1.文本挖掘 2.自然语言处理（NER，关系抽取等） 3.知识工程（智能文档解析，知识图谱构建） 4.生物信息处理（药物重定位，分子性质预测等）,,https://ai.whut.edu.cn/szdw/jsml/202509/t20250919_1349704.shtml
F02127,武汉理工大学,武汉,211/双一流,人工智能学院（原计算机与人工智能学院）,徐冰瑢,副教授,副教授,1. 具身智能，重点研究复杂环境感知、多传感器融合、非结构化地形可行性分析、动态路径规划、自主决策与鲁棒控制，以提升无人系统在特定场景作业的适应性和稳定性,,https://ai.whut.edu.cn/szdw/jsml/202609/t20260905_1416160.shtml
F02128,武汉理工大学,武汉,211/双一流,人工智能学院（原计算机与人工智能学院）,徐小强,副教授,副教授,人工智能、机器人、无人机、智能检测与控制、嵌入式系统应用 手机： 13071282232 （微信同号） QQ ： 81350779 E-mail ： xuxiaoqiang@whut.edu.cn,,https://ai.whut.edu.cn/szdw/jsml/202609/t20260917_1418133.shtml
F02129,武汉理工大学,武汉,211/双一流,人工智能学院（原计算机与人工智能学院）,徐腊梅,副教授,副教授,人工智能,,https://ai.whut.edu.cn/szdw/jsml/202609/t20260908_1416528.shtml
F02130,武汉理工大学,武汉,211/双一流,人工智能学院（原计算机与人工智能学院）,戚欣,副教授,副教授,数字孪生、AI软件开发技术、物联网应用技术,,https://ai.whut.edu.cn/szdw/jsml/202509/t20250919_1349701.shtml
F02131,武汉理工大学,武汉,211/双一流,人工智能学院（原计算机与人工智能学院）,朱安娜,副教授,副教授,1.计算机视觉 2.模式识别 3.图像处理,,https://ai.whut.edu.cn/szdw/jsml/202509/t20250919_1349705.shtml
F02132,武汉理工大学,武汉,211/双一流,人工智能学院（原计算机与人工智能学院）,李勇华,副教授,副教授,1.港口信息化与相关技术 2.软件需求工程 3.软件测试,,https://ai.whut.edu.cn/szdw/jsml/202509/t20250919_1349767.shtml
F02133,武汉理工大学,武汉,211/双一流,人工智能学院（原计算机与人工智能学院）,李宁,副教授,副教授,1、人工智能 2、EDA软件设计及相关算法研究 3、嵌入式系统设计,,https://ai.whut.edu.cn/szdw/jsml/202509/t20250919_1349709.shtml
F02134,武汉理工大学,武汉,211/双一流,人工智能学院（原计算机与人工智能学院）,李民,副教授,副教授,1.计算机应用技术 2.分布式计算,,https://ai.whut.edu.cn/szdw/jsml/202509/t20250919_1349714.shtml
F02135,武汉理工大学,武汉,211/双一流,人工智能学院（原计算机与人工智能学院）,李玉强,副教授,副教授,1.机器学习、计算机视觉 2.大数据分析与处理 3.计算机应用技术,,https://ai.whut.edu.cn/szdw/jsml/202509/t20250919_1349805.shtml
F02136,武汉理工大学,武汉,211/双一流,人工智能学院（原计算机与人工智能学院）,杜亚娟,副教授,副教授,1.计算机存储系统：主要研究固态硬盘、内存等存储器的性能,,https://ai.whut.edu.cn/szdw/jsml/202509/t20250919_1349703.shtml
F02137,武汉理工大学,武汉,211/双一流,人工智能学院（原计算机与人工智能学院）,杜薇,副教授,副教授,1.服务计算 2.可信计算,,https://ai.whut.edu.cn/szdw/jsml/202509/t20250919_1349748.shtml
F02138,武汉理工大学,武汉,211/双一流,人工智能学院（原计算机与人工智能学院）,杨世达,副教授,副教授,1. 软件工程 2. 数据库和数据挖掘技术 3. 智能计算，计算机视觉，密码学,,https://ai.whut.edu.cn/szdw/jsml/202509/t20250919_1349803.shtml
F02139,武汉理工大学,武汉,211/双一流,人工智能学院（原计算机与人工智能学院）,杨朝阳,副教授,副教授,1.自然语言处理，语义网，本体知识库 2.人工智能，数据挖掘,,https://ai.whut.edu.cn/szdw/jsml/202509/t20250919_1349706.shtml
F02140,武汉理工大学,武汉,211/双一流,人工智能学院（原计算机与人工智能学院）,杨波,副教授,副教授,人工智能、智能电网、嵌入式系统、复杂系统建模与控制、大数据与数据挖掘、交通信息处理与控制等,,https://ai.whut.edu.cn/szdw/jsml/202609/t20260905_1416166.shtml
F02141,武汉理工大学,武汉,211/双一流,人工智能学院（原计算机与人工智能学院）,段鹏飞,副教授,副教授,自然语言处理、数据挖掘、云计算,,https://ai.whut.edu.cn/szdw/jsml/202509/t20250919_1349794.shtml
F02142,武汉理工大学,武汉,211/双一流,人工智能学院（原计算机与人工智能学院）,汪祥莉,副教授,副教授,信号处理，计算机网络,,https://ai.whut.edu.cn/szdw/jsml/202509/t20250919_1349739.shtml
F02143,武汉理工大学,武汉,211/双一流,人工智能学院（原计算机与人工智能学院）,熊彪,副教授,副教授,人工智能、三维视觉与建模、LiDAR数据处理以及混合现实等，尤其在基于LiDAR点云数据的三维重建、建筑信息建模（BIM）和环境建模等方面取得了显著的学术成就,,https://ai.whut.edu.cn/szdw/jsml/202509/t20250919_1349692.shtml
F02144,武汉理工大学,武汉,211/双一流,人工智能学院（原计算机与人工智能学院）,王亮亮,副教授,副教授,机器人视觉交互,,https://ai.whut.edu.cn/szdw/jsml/202509/t20250919_1349698.shtml
F02145,武汉理工大学,武汉,211/双一流,人工智能学院（原计算机与人工智能学院）,王旭,副教授,副教授,1. 模式识别、图像处理 2. 计算机应用支撑技术,,https://ai.whut.edu.cn/szdw/jsml/202604/t20260403_1393509.shtml
F02146,武汉理工大学,武汉,211/双一流,人工智能学院（原计算机与人工智能学院）,王红霞,副教授,副教授,1.图像处理、模式识别 2.人工智能、推荐算法,,https://ai.whut.edu.cn/szdw/jsml/202509/t20250919_1349763.shtml
F02147,武汉理工大学,武汉,211/双一流,人工智能学院（原计算机与人工智能学院）,田猛,副教授,副教授,"智能电网，无人机开发与应用,视频图像处理",,https://ai.whut.edu.cn/szdw/jsml/202609/t20260903_1415446.shtml
F02148,武汉理工大学,武汉,211/双一流,人工智能学院（原计算机与人工智能学院）,田璟,副教授,副教授,知识与系统科学、软件工程、知识工程,,https://ai.whut.edu.cn/szdw/jsml/202509/t20250919_1349719.shtml
F02149,武汉理工大学,武汉,211/双一流,人工智能学院（原计算机与人工智能学院）,程艳芬,副教授,副教授,1.模式识别、图像处理2.计算机应用支撑技术,,https://ai.whut.edu.cn/szdw/jsml/202509/t20250919_1349740.shtml
F02150,武汉理工大学,武汉,211/双一流,人工智能学院（原计算机与人工智能学院）,罗璠,副教授,副教授,嵌入式系统、智能机器人、缺陷检测和故障诊断,,https://ai.whut.edu.cn/szdw/jsml/202609/t20260903_1415293.shtml
F02151,武汉理工大学,武汉,211/双一流,人工智能学院（原计算机与人工智能学院）,罗芳,副教授,副教授,1. 知识 图谱、大模型应用研究 2.计算机视觉等 人工智能 技术 交叉 应用 研究,0000-0003-2568-4990,https://ai.whut.edu.cn/szdw/jsml/202509/t20250919_1349781.shtml
F02152,武汉理工大学,武汉,211/双一流,人工智能学院（原计算机与人工智能学院）,胡卓,副教授,副教授,算电协同、新型电力系统、车网互动、区块链、机器学习等,,https://ai.whut.edu.cn/szdw/jsml/202609/t20260905_1416165.shtml
F02153,武汉理工大学,武汉,211/双一流,人工智能学院（原计算机与人工智能学院）,胡文华,副教授,副教授,1. 利用机器/深度学习和大模型等前沿技术，专注于智能化软件工程的研究，涵盖软件代码生成、软件质量保证、软件需求工程等领域，力求突破当前技术在模型算法和工程实践中的瓶颈，为未来的软件开发与维护提供更加智能、高效的解决方案,,https://ai.whut.edu.cn/szdw/jsml/202509/t20250919_1349695.shtml
F02154,武汉理工大学,武汉,211/双一流,人工智能学院（原计算机与人工智能学院）,胡琴,副教授,副教授,聚焦具身智能驱动的工业机器人自主作业系统,,https://ai.whut.edu.cn/szdw/jsml/202609/t20260903_1415425.shtml
F02155,武汉理工大学,武汉,211/双一流,人工智能学院（原计算机与人工智能学院）,董政呈,副教授,副教授,信息物理电力系统韧性、电力低碳规划/优化、电力系统人工智能应用、无人机开发与智能化等,,https://ai.whut.edu.cn/szdw/jsml/202609/t20260903_1415318.shtml
F02156,武汉理工大学,武汉,211/双一流,人工智能学院（原计算机与人工智能学院）,蔡振华,副教授,副教授,三维视觉测量与机器人控制技术,,https://ai.whut.edu.cn/szdw/jsml/202609/t20260901_1414960.shtml
F02157,武汉理工大学,武汉,211/双一流,人工智能学院（原计算机与人工智能学院）,蔡菁,副教授,副教授,1.普适计算 2.智能交通 3.自然人机交互,,https://ai.whut.edu.cn/szdw/jsml/202509/t20250919_1349764.shtml
F02158,武汉理工大学,武汉,211/双一流,人工智能学院（原计算机与人工智能学院）,袁小玲,副教授,副教授,1.协同计算 2.虚拟现实,,https://ai.whut.edu.cn/szdw/jsml/202509/t20250919_1349710.shtml
F02159,武汉理工大学,武汉,211/双一流,人工智能学院（原计算机与人工智能学院）,解庆,副教授,副教授,1.多媒体智能分析与处理 2.智能推荐系统 3.教育信息化,,https://ai.whut.edu.cn/szdw/jsml/202509/t20250919_1349688.shtml
F02160,武汉理工大学,武汉,211/双一流,人工智能学院（原计算机与人工智能学院）,赵冬冬,副教授,副教授,1.人工智能安全 2.隐私保护深度学习、数据挖掘 3.隐私保护虹膜识别、人脸识别,,https://ai.whut.edu.cn/szdw/jsml/202509/t20250919_1349687.shtml
F02161,武汉理工大学,武汉,211/双一流,人工智能学院（原计算机与人工智能学院）,赵希,副教授,副教授,数据科学/Data Science,,https://ai.whut.edu.cn/szdw/jsml/202609/t20260907_1416321.shtml
F02162,武汉理工大学,武汉,211/双一流,人工智能学院（原计算机与人工智能学院）,邱奇志,副教授,副教授,语义Web、智能计算、Web技术,,https://ai.whut.edu.cn/szdw/jsml/202509/t20250919_1349700.shtml
F02163,武汉理工大学,武汉,211/双一流,人工智能学院（原计算机与人工智能学院）,郑文博,副教授,副教授,计算机视觉、机器学习、人工智能,,https://ai.whut.edu.cn/szdw/jsml/202509/t20250919_1349693.shtml
F02164,武汉理工大学,武汉,211/双一流,人工智能学院（原计算机与人工智能学院）,陆丽萍,副教授,副教授,1. 无人驾驶汽车 2. 车联网 3. 嵌入式 相关,,https://ai.whut.edu.cn/szdw/jsml/202509/t20250919_1349729.shtml
F02165,武汉理工大学,武汉,211/双一流,人工智能学院（原计算机与人工智能学院）,陈建军,副教授,副教授,1.物联网感知和硬件层：物联网的“神经末梢”，负责采集物理世界的数据，主要研究微型化、低功耗传感技术、新型标识与采集技术,,https://ai.whut.edu.cn/szdw/jsml/202509/t20250919_1349816.shtml
F02166,武汉理工大学,武汉,211/双一流,人工智能学院（原计算机与人工智能学院）,颜昕,副教授,副教授,新型智能通信网络与系统、云计算与移动计算、大语言模型应用 二、,,https://ai.whut.edu.cn/szdw/jsml/202509/t20250919_1349721.shtml
F02167,武汉理工大学,武汉,211/双一流,人工智能学院（原计算机与人工智能学院）,黄靖,副教授,副教授,,,https://ai.whut.edu.cn/szdw/jsml/202509/t20250919_1349713.shtml
F02168,武汉理工大学,武汉,211/双一流,人工智能学院（原计算机与人工智能学院）,刘雪虎,副研究员,副研究员,计算机视觉，多模态感知，大模型前沿技术,,https://ai.whut.edu.cn/szdw/jsml/202509/t20250919_1349676.shtml
F02169,武汉理工大学,武汉,211/双一流,人工智能学院（原计算机与人工智能学院）,沈志舒,副研究员,副研究员,边缘计算、计算机网络（尤其是空天地一体化网络）、人工智能,0000-0002-3123-4390,https://ai.whut.edu.cn/szdw/jsml/202509/t20250919_1349702.shtml
F02170,武汉理工大学,武汉,211/双一流,人工智能学院（原计算机与人工智能学院）,米晓新,副研究员,副研究员,点云数据智能处理、 道路场景理解与重建、多模态数据融合,,https://ai.whut.edu.cn/szdw/jsml/202509/t20250919_1349675.shtml
F02171,武汉理工大学,武汉,211/双一流,人工智能学院（原计算机与人工智能学院）,郝蕊,副研究员,副研究员,智能软件测试、深度学习模型与大模型的测试、智能网联汽车安全与可信性、区块链,0000-0003-3012-0276,https://ai.whut.edu.cn/szdw/jsml/202509/t20250919_1349678.shtml
F02172,武汉理工大学,武汉,211/双一流,人工智能学院（原计算机与人工智能学院）,徐如意,助理研究员,助理研究员,计算机视觉 特殊教育信息化,,https://ai.whut.edu.cn/szdw/jsml/202509/t20250919_1349666.shtml
F02173,武汉理工大学,武汉,211/双一流,人工智能学院（原计算机与人工智能学院）,傅剑,教授,教授,具身智能机器人/共融机器人、认知与神经科学启发的人工智能、先进控制理论与技术、物理信息系统,,https://ai.whut.edu.cn/szdw/jsml/202609/t20260901_1414966.shtml
F02174,武汉理工大学,武汉,211/双一流,人工智能学院（原计算机与人工智能学院）,刘冰艺,教授,教授,（ Research Interests ） ： 智能网联汽车、自动驾驶、具身智能、强化学习、车联网、边缘智能、无线网络和智能交通,,https://ai.whut.edu.cn/szdw/jsml/202509/t20250919_1349690.shtml
F02175,武汉理工大学,武汉,211/双一流,人工智能学院（原计算机与人工智能学院）,刘唯真,教授,教授,计算机视觉、农业图像挖掘、智慧农业,,https://ai.whut.edu.cn/szdw/jsml/202509/t20250919_1349691.shtml
F02176,武汉理工大学,武汉,211/双一流,人工智能学院（原计算机与人工智能学院）,刘永坚,教授,教授,1.数字,,https://ai.whut.edu.cn/szdw/jsml/202509/t20250919_1349787.shtml
F02177,武汉理工大学,武汉,211/双一流,人工智能学院（原计算机与人工智能学院）,刘红丽,教授,教授,智能感知技术、智能检测与控制技术,,https://ai.whut.edu.cn/szdw/jsml/202609/t20260903_1415440.shtml
F02178,武汉理工大学,武汉,211/双一流,人工智能学院（原计算机与人工智能学院）,向剑文,教授,教授,1.可信计算 2.软件工程 3.网络安全 4.机器学习,,https://ai.whut.edu.cn/szdw/jsml/202509/t20250919_1349789.shtml
F02179,武汉理工大学,武汉,211/双一流,人工智能学院（原计算机与人工智能学院）,向广利,教授,教授,1.信息安全：新型密码协议及其应用、网络渗透测试、网络安全态势感知、软件安全、密钥管理等,,https://ai.whut.edu.cn/szdw/jsml/202509/t20250919_1349770.shtml
F02180,武汉理工大学,武汉,211/双一流,人工智能学院（原计算机与人工智能学院）,吕菲,教授,教授,医学人工智能、医学图像分析、医学多模态数据分析、疾病智能诊断与风险预测,,https://ai.whut.edu.cn/szdw/jsml/202604/t20260401_1392990.shtml
F02181,武汉理工大学,武汉,211/双一流,人工智能学院（原计算机与人工智能学院）,周俊伟,教授,教授,人工智能可信与安全、计算机视觉、信息编码,,https://ai.whut.edu.cn/szdw/jsml/202509/t20250919_1349776.shtml
F02182,武汉理工大学,武汉,211/双一流,人工智能学院（原计算机与人工智能学院）,廉城,教授,教授,机器学习、模式识别,0000-0001-6929-1545,https://ai.whut.edu.cn/szdw/jsml/202609/t20260903_1415438.shtml
F02183,武汉理工大学,武汉,211/双一流,人工智能学院（原计算机与人工智能学院）,张丹红,教授,教授,机器学习、人工智能应用、计算机视觉与模式识别、无人系统控制,,https://ai.whut.edu.cn/szdw/jsml/202609/t20260905_1416168.shtml
F02184,武汉理工大学,武汉,211/双一流,人工智能学院（原计算机与人工智能学院）,张清勇,教授,教授,方向1：人工智能在电力系统中的应用：面向电网的多模态感知与智能诊断,,https://ai.whut.edu.cn/szdw/jsml/202609/t20260924_1419428.shtml
F02185,武汉理工大学,武汉,211/双一流,人工智能学院（原计算机与人工智能学院）,朱国荣,教授,教授,基于具身模型的人形机器人小脑控制技术,,https://ai.whut.edu.cn/szdw/jsml/202609/t20260918_1418386.shtml
F02186,武汉理工大学,武汉,211/双一流,人工智能学院（原计算机与人工智能学院）,朱晨露,教授,教授,物联网安全，智慧交通，工业软件,,https://ai.whut.edu.cn/szdw/jsml/202603/t20260312_1389993.shtml
F02187,武汉理工大学,武汉,211/双一流,人工智能学院（原计算机与人工智能学院）,李向舜,教授,教授,智能控制、无人系统、智能测试、边缘智能,,https://ai.whut.edu.cn/szdw/jsml/202609/t20260903_1415437.shtml
F02188,武汉理工大学,武汉,211/双一流,人工智能学院（原计算机与人工智能学院）,李春林,教授,教授,1. 云/边缘计算与高性能计算 2.分布式人工智能，边缘智能，智能交通 3.计算机网络及无人机系统 4.多模态数据感知，大数据处理,,https://ai.whut.edu.cn/szdw/jsml/202509/t20250919_1349730.shtml
F02189,武汉理工大学,武汉,211/双一流,人工智能学院（原计算机与人工智能学院）,李琳,教授,教授,1. 信息检索与推荐系统 2. 数据挖掘与知识管理 3. 自然语言处理和多模态机器学习,,https://ai.whut.edu.cn/yjspy/dsfc/202609/t20260910_1416923.shtml
F02190,武汉理工大学,武汉,211/双一流,人工智能学院（原计算机与人工智能学院）,柳星,教授,教授,1.边缘智能系统（人工智能算法的应用与优化,,https://ai.whut.edu.cn/szdw/jsml/202509/t20250919_1349741.shtml
F02191,武汉理工大学,武汉,211/双一流,人工智能学院（原计算机与人工智能学院）,熊盛武,教授,教授,1. AI Infra，Agentic AI，AI4SCI 2. 智能驾驶，时空智能，低空智能，智慧农业 二、主要,,https://ai.whut.edu.cn/szdw/jsml/202509/t20250919_1349779.shtml
F02192,武汉理工大学,武汉,211/双一流,人工智能学院（原计算机与人工智能学院）,石兵,教授,教授,1.人工智能2.服务计算等,,https://ai.whut.edu.cn/szdw/jsml/202509/t20250919_1349769.shtml
F02193,武汉理工大学,武汉,211/双一流,人工智能学院（原计算机与人工智能学院）,石英,教授,教授,人工智能包括图像视频处理、大数据处理、自然语言处理、大语言模型实践及多模态数据处理等在智慧电力、新能源、低空经济、低碳经济、智能交通、智能制造等多领域应用,,https://ai.whut.edu.cn/szdw/jsml/202609/t20260903_1415451.shtml
F02194,武汉理工大学,武汉,211/双一流,人工智能学院（原计算机与人工智能学院）,罗晶,教授,教授,具身智能机器人（包括遥操作机器人、协作机器人、可穿戴机器人、复合机器人、软体机器人）、人机协作、人工智能与应用、生物电信号及应用等,,https://ai.whut.edu.cn/szdw/jsml/202609/t20260903_1415295.shtml
F02195,武汉理工大学,武汉,211/双一流,人工智能学院（原计算机与人工智能学院）,肖纯,教授,教授,智能控制与系统集成、智能故障诊断、多能源能量优化调度,,https://ai.whut.edu.cn/szdw/jsml/202609/t20260905_1416159.shtml
F02196,武汉理工大学,武汉,211/双一流,人工智能学院（原计算机与人工智能学院）,苏义鑫,教授,教授,智能控制，人工智能应用，嵌入式系统，新能源系统，无人系统感知与控制，智慧船舶,,https://ai.whut.edu.cn/szdw/jsml/202609/t20260905_1416156.shtml
F02197,武汉理工大学,武汉,211/双一流,人工智能学院（原计算机与人工智能学院）,袁景凌,教授,教授,1 . 机器学习与绿色计算 2 . 大数据处理及加速计算 3 . 智能计算交叉领域应用,,https://ai.whut.edu.cn/szdw/jsml/202509/t20250919_1349796.shtml
F02198,武汉理工大学,武汉,211/双一流,人工智能学院（原计算机与人工智能学院）,袁龙,教授,教授,数据智能、大模型、智能体,,https://ai.whut.edu.cn/szdw/jsml/202509/t20250919_1349685.shtml
F02199,武汉理工大学,武汉,211/双一流,人工智能学院（原计算机与人工智能学院）,褚端峰,教授,教授,自动驾驶、机器人、智能车辆、智慧交通,,https://ai.whut.edu.cn/szdw/jsml/202606/t20260610_1402834.shtml
F02200,武汉理工大学,武汉,211/双一流,人工智能学院（原计算机与人工智能学院）,赵广辉,教授,教授,AI4Science/ 机器学习 / 计算机教育,,https://ai.whut.edu.cn/szdw/jsml/202509/t20250919_1349775.shtml
F02201,武汉理工大学,武汉,211/双一流,人工智能学院（原计算机与人工智能学院）,邹承明,教授,教授,1.人工智能2.智慧物联网3.软件理论与方法,,https://ai.whut.edu.cn/szdw/jsml/202509/t20250919_1349722.shtml
F02202,武汉理工大学,武汉,211/双一流,人工智能学院（原计算机与人工智能学院）,郑渤龙,教授,教授,大数据与人工智能,,https://ai.whut.edu.cn/szdw/jsml/202509/t20250919_1349683.shtml
F02203,武汉理工大学,武汉,211/双一流,人工智能学院（原计算机与人工智能学院）,钟忺,教授,教授,1. 人工智能 2. 类脑视觉 3. 空天视觉 4. 智慧交通 5. AI4S,0000-0002-5242-0467,https://ai.whut.edu.cn/szdw/jsml/202509/t20250919_1349795.shtml
F02204,武汉理工大学,武汉,211/双一流,人工智能学院（原计算机与人工智能学院）,陈先桥,教授,教授,计算机视觉与图像处理 计算机仿真技术 人工智能与智能交通,,https://ai.whut.edu.cn/szdw/jsml/202509/t20250919_1349737.shtml
F02205,武汉理工大学,武汉,211/双一流,人工智能学院（原计算机与人工智能学院）,陈紫,教授,教授,1. 大数据智能计算 2. 人工智能,0000-0001-5608-4555,https://ai.whut.edu.cn/szdw/jsml/202605/t20260525_1400419.shtml
F02206,武汉理工大学,武汉,211/双一流,人工智能学院（原计算机与人工智能学院）,陈跃鹏,教授,教授,故障诊断与容错控制、 奇异系统理论与应用、 建模与算法研究、 信号与图像处理,,https://ai.whut.edu.cn/szdw/jsml/202609/t20260903_1415314.shtml
F02207,武汉理工大学,武汉,211/双一流,人工智能学院（原计算机与人工智能学院）,饶文碧,教授,教授,（ 1 ）普适计算 （ 2 ）机器学习与数据挖掘 （ 3 ）人工智能技术应用 （ 4 ）软件工程 二、近期,,https://ai.whut.edu.cn/szdw/jsml/202509/t20250919_1349788.shtml
F02208,武汉理工大学,武汉,211/双一流,人工智能学院（原计算机与人工智能学院）,高曙,教授,教授,1.智能计算与机器学习 2.数据分析及应用研究,,https://ai.whut.edu.cn/szdw/jsml/202509/t20250919_1349804.shtml
F02209,武汉理工大学,武汉,211/双一流,人工智能学院（原计算机与人工智能学院）,魏怡,教授,教授,模式识别，深度学习，数据处理,,https://ai.whut.edu.cn/szdw/jsml/202609/t20260905_1416157.shtml
F02210,武汉理工大学,武汉,211/双一流,人工智能学院（原计算机与人工智能学院）,黄珍,教授,教授,智能控制技术及其应用,,https://ai.whut.edu.cn/szdw/jsml/202609/t20260903_1415427.shtml
F02211,武汉理工大学,武汉,211/双一流,人工智能学院（原计算机与人工智能学院）,陈亚雄,研究员,研究员,多模态学习-利用深度学习探究多模态信息（如自然图像、无人机遥感图像、医学超声图像、文本、声音等），提高机器对世界的感知与认知能力,,https://ai.whut.edu.cn/szdw/jsml/202509/t20250919_1349699.shtml
F02212,武汉理工大学,武汉,211/双一流,人工智能学院（原计算机与人工智能学院）,但唐朋,讲师,讲师,晶体属性预测、AI4Science,,https://ai.whut.edu.cn/szdw/jsml/202604/t20260401_1392921.shtml
F02213,武汉理工大学,武汉,211/双一流,人工智能学院（原计算机与人工智能学院）,何业兰,讲师,讲师,1.视景仿真2.人工智能3.计算机网络,,https://ai.whut.edu.cn/szdw/jsml/202509/t20250919_1349799.shtml
F02214,武汉理工大学,武汉,211/双一流,人工智能学院（原计算机与人工智能学院）,刘春,讲师,讲师,1.机器学习、计算机视觉,,https://ai.whut.edu.cn/szdw/jsml/202509/t20250919_1349742.shtml
F02215,武汉理工大学,武汉,211/双一流,人工智能学院（原计算机与人工智能学院）,吕曦,讲师,讲师,1.敏捷开 2.云计算,,https://ai.whut.edu.cn/szdw/jsml/202509/t20250919_1349712.shtml
F02216,武汉理工大学,武汉,211/双一流,人工智能学院（原计算机与人工智能学院）,吴利军,讲师,讲师,1.并行算法 2.图像处理,,https://ai.whut.edu.cn/szdw/jsml/202509/t20250919_1349734.shtml
F02217,武汉理工大学,武汉,211/双一流,人工智能学院（原计算机与人工智能学院）,周银良,讲师,讲师,1.数据库技术 2.网络技术 3.操作系统,,https://ai.whut.edu.cn/szdw/jsml/202509/t20250919_1349715.shtml
F02218,武汉理工大学,武汉,211/双一流,人工智能学院（原计算机与人工智能学院）,周颖,讲师,讲师,网络化智能控制系统、无线传感网络、分布式集群服务、能量转换,,https://ai.whut.edu.cn/szdw/jsml/202609/t20260907_1416285.shtml
F02219,武汉理工大学,武汉,211/双一流,人工智能学院（原计算机与人工智能学院）,张霞,讲师,讲师,1. 网络安全 2. 无线网络 分享： 微信扫一扫：分享 相关链接： 计算机学院实验教学中心 官方公众号,,https://ai.whut.edu.cn/szdw/jsml/202509/t20250919_1349800.shtml
F02220,武汉理工大学,武汉,211/双一流,人工智能学院（原计算机与人工智能学院）,李屾,讲师,讲师,1.智能计算 2.软件工程,,https://ai.whut.edu.cn/szdw/jsml/202509/t20250919_1349792.shtml
F02221,武汉理工大学,武汉,211/双一流,人工智能学院（原计算机与人工智能学院）,李晓红,讲师,讲师,1. 智能交通 2. 群体仿真 3. 图像处理,,https://ai.whut.edu.cn/szdw/jsml/202509/t20250919_1349771.shtml
F02222,武汉理工大学,武汉,211/双一流,人工智能学院（原计算机与人工智能学院）,杜路遥,讲师,讲师,智能网联汽车自动驾驶、具身智能移动机器人、自主智能无人系统,,https://ai.whut.edu.cn/szdw/jsml/202609/t20260901_1414980.shtml
F02223,武汉理工大学,武汉,211/双一流,人工智能学院（原计算机与人工智能学院）,毛薇,讲师,讲师,计算机应用技术,,https://ai.whut.edu.cn/szdw/jsml/202509/t20250919_1349810.shtml
F02224,武汉理工大学,武汉,211/双一流,人工智能学院（原计算机与人工智能学院）,汤梦姿,讲师,讲师,机器学习、信息融合、推荐系统等,,https://ai.whut.edu.cn/szdw/jsml/202509/t20250919_1349679.shtml
F02225,武汉理工大学,武汉,211/双一流,人工智能学院（原计算机与人工智能学院）,汪朝霞,讲师,讲师,1.大学计算机基础教学,,https://ai.whut.edu.cn/szdw/jsml/202509/t20250919_1349736.shtml
F02226,武汉理工大学,武汉,211/双一流,人工智能学院（原计算机与人工智能学院）,王云华,讲师,讲师,1.复杂系统中不确定知识度量、表示和推理,,https://ai.whut.edu.cn/szdw/jsml/202509/t20250919_1349731.shtml
F02227,武汉理工大学,武汉,211/双一流,人工智能学院（原计算机与人工智能学院）,王海鑫,讲师,讲师,1.区块链 2.隐私计算 3.数据库,,https://ai.whut.edu.cn/szdw/jsml/202604/t20260403_1393506.shtml
F02228,武汉理工大学,武汉,211/双一流,人工智能学院（原计算机与人工智能学院）,秦珀石,讲师,讲师,1.手机应用软件及微信开发 2.在线教育 3.商业O2O,,https://ai.whut.edu.cn/szdw/jsml/202509/t20250919_1349689.shtml
F02229,武汉理工大学,武汉,211/双一流,人工智能学院（原计算机与人工智能学院）,耿枫,讲师,讲师,移动计算,,https://ai.whut.edu.cn/szdw/jsml/202509/t20250919_1349813.shtml
F02230,武汉理工大学,武汉,211/双一流,人工智能学院（原计算机与人工智能学院）,苏婉娟,讲师,讲师,计算机视觉、三维重建,,https://ai.whut.edu.cn/szdw/jsml/202509/t20250919_1349674.shtml
F02231,武汉理工大学,武汉,211/双一流,人工智能学院（原计算机与人工智能学院）,荣毅,讲师,讲师,小样本图像分类、目标检测、小目标病虫害检测,,https://ai.whut.edu.cn/szdw/jsml/202509/t20250919_1349696.shtml
F02232,武汉理工大学,武汉,211/双一流,人工智能学院（原计算机与人工智能学院）,董明,讲师,讲师,自然语言处理、 大模型 推理、 AI4Science 个人介绍 董明，人工智能学院,,https://ai.whut.edu.cn/szdw/jsml/202608/t20260824_1414209.shtml
F02233,武汉理工大学,武汉,211/双一流,人工智能学院（原计算机与人工智能学院）,袁胜琼,讲师,讲师,1.软件工程 2.面向对象方法 3.可视化研究,,https://ai.whut.edu.cn/szdw/jsml/202509/t20250919_1349707.shtml
F02234,武汉理工大学,武汉,211/双一流,人工智能学院（原计算机与人工智能学院）,谈诚,讲师,讲师,网络攻防、软件安全、区块链、人工智能等方向,,https://ai.whut.edu.cn/szdw/jsml/202509/t20250919_1349681.shtml
F02235,武汉理工大学,武汉,211/双一流,人工智能学院（原计算机与人工智能学院）,郭羽成,讲师,讲师,1.并行计算 2.云计算 3.移动计算,,https://ai.whut.edu.cn/szdw/jsml/202509/t20250919_1349773.shtml
F02236,武汉理工大学,武汉,211/双一流,人工智能学院（原计算机与人工智能学院）,钟钰,讲师,讲师,1.基于社会网络的数据分析和挖掘 2.社会网络中的分类问题,,https://ai.whut.edu.cn/szdw/jsml/202509/t20250919_1349774.shtml
F02237,武汉理工大学,武汉,211/双一流,人工智能学院（原计算机与人工智能学院）,闫宇晴,讲师,讲师,多智能体系统的故障诊断,,https://ai.whut.edu.cn/szdw/jsml/202609/t20260903_1415288.shtml
F02238,武汉理工大学,武汉,211/双一流,人工智能学院（原计算机与人工智能学院）,魏敏,讲师,讲师,1.大学计算机基础课的教学改革与研究,,https://ai.whut.edu.cn/szdw/jsml/202509/t20250919_1349752.shtml
F02239,武汉理工大学,武汉,211/双一流,人工智能学院（原计算机与人工智能学院）,龚腾飞,讲师,讲师,计算机视觉、遥感图像处理、迁移学习、小样本学习、开放环境学习、海上目标监测等,,https://ai.whut.edu.cn/szdw/jsml/202509/t20250919_1349697.shtml
F02240,江南大学,无锡,211/双一流,人工智能与计算机学院（软件学院）,于宏斌,副教授,副教授,图像的分割和语义分析、多目标的检测和跟踪、计算机视觉等,,https://ai.jiangnan.edu.cn/info/1009/2095.htm
F02241,江南大学,无锡,211/双一流,人工智能与计算机学院（软件学院）,代成龙,副教授,副教授,脑机接口、脑电信号处理、数据挖掘,,https://ai.jiangnan.edu.cn/info/1009/2114.htm
F02242,江南大学,无锡,211/双一流,人工智能与计算机学院（软件学院）,何欣程,副教授,副教授,智能软件工程、程序分析、 AI For SE、SE For AI、智能体可信/安全、编译优化、软件分析测试、安卓分析,,https://ai.jiangnan.edu.cn/info/1009/2110.htm
F02243,江南大学,无锡,211/双一流,人工智能与计算机学院（软件学院）,刘登峰,副教授,副教授,长期致力于针对工业过程的图像与大数据智能建模、算法、数据融合及大系统软件的开发等工作,,https://ai.jiangnan.edu.cn/info/1009/2088.htm
F02244,江南大学,无锡,211/双一流,人工智能与计算机学院（软件学院）,刘立,副教授,副教授,人工智能，工业物联网，智慧海洋,,https://ai.jiangnan.edu.cn/info/1009/2104.htm
F02245,江南大学,无锡,211/双一流,人工智能与计算机学院（软件学院）,卞则康,副教授,副教授,可信/可解释性/不确定性人工智能，计算智能（模糊计算），可解释集成学习，机器学习与人工智能,,https://ai.jiangnan.edu.cn/info/1009/2456.htm
F02246,江南大学,无锡,211/双一流,人工智能与计算机学院（软件学院）,吴杰,副教授,副教授,混沌系统和复杂网络稳定与同步控制理论及其在工程、金融、生物等领域中的应用,,https://ai.jiangnan.edu.cn/info/1009/2097.htm
F02247,江南大学,无锡,211/双一流,人工智能与计算机学院（软件学院）,吴秦,副教授,副教授,计算机视觉、人工智能、深度学习等,,https://ai.jiangnan.edu.cn/info/1009/2082.htm
F02248,江南大学,无锡,211/双一流,人工智能与计算机学院（软件学院）,周世兵,副教授,副教授,主要从事模式识别与人工智能、计算机视觉等方面的研究和计算机专业,,https://ai.jiangnan.edu.cn/info/1009/2107.htm
F02249,江南大学,无锡,211/双一流,人工智能与计算机学院（软件学院）,周浩杰,副教授,副教授,1、国产AI芯片软件栈与异构计算优化 2、AI编译器与算子生成优化 3、大模型高效推理与服务优化 4、资源受限环境下的模型压缩与边缘智能推理 5、多源异构数据智能分析与知识发现 6、云边端协同计算与智能调度 近年纵向课题 1、2022-2024，军委科技委重点,,https://ai.jiangnan.edu.cn/info/1009/2098.htm
F02250,江南大学,无锡,211/双一流,人工智能与计算机学院（软件学院）,宁乔,副教授,副教授,人工智能、AI + 生物信息学、生物医学数据挖掘 聚焦蛋白质功能预测、基因调控网络、疾病关联网络等前沿交叉方向，融合深度学习等前沿算法与生命科学，面向生物医药的真实科研问题，做有应用价值的AI 算法研究,0000-0002-4809-5104,https://ai.jiangnan.edu.cn/info/1009/2112.htm
F02251,江南大学,无锡,211/双一流,人工智能与计算机学院（软件学院）,庄春兴,副教授,副教授,本人主要从事物联网相关的计算机控制系统研究与相关的,,https://ai.jiangnan.edu.cn/info/1009/2089.htm
F02252,江南大学,无锡,211/双一流,人工智能与计算机学院（软件学院）,张东霖,副教授,副教授,人工智能、模式识别等方面的研究和应用，主要包括多媒体智能、具身智能、计算机视觉、大模型等,,https://ai.jiangnan.edu.cn/info/1009/2103.htm
F02253,江南大学,无锡,211/双一流,人工智能与计算机学院（软件学院）,张军,副教授,副教授,先后从事过2D图像的三维重建反问题数值求解方法、多视角图像几何标定、多投影仪图像色彩一致性校正、边缘融合、全景图像生成、高动态范围成像、低能见度图像增强、基于GPU的高性能并行计算、分布式仿真系统软件设计等工作,,https://ai.jiangnan.edu.cn/info/1009/2080.htm
F02254,江南大学,无锡,211/双一流,人工智能与计算机学院（软件学院）,张怡婕,副教授,副教授,无人机测控网络，智能计算及其应用 专业型研究生招生专业 软件工程、人工智能,,https://ai.jiangnan.edu.cn/info/1009/2100.htm
F02255,江南大学,无锡,211/双一流,人工智能与计算机学院（软件学院）,张晓婷,副教授,副教授,深度学习理论与应用、数字孪生技术应用研究,,https://ai.jiangnan.edu.cn/info/1009/2109.htm
F02256,江南大学,无锡,211/双一流,人工智能与计算机学院（软件学院）,张欣,副教授,副教授,人工智能，计算智能及其应用,,https://ai.jiangnan.edu.cn/info/1009/2101.htm
F02257,江南大学,无锡,211/双一流,人工智能与计算机学院（软件学院）,张雨轩,副教授,副教授,人工智能安全、计算机视觉、多模态大模型,,https://ai.jiangnan.edu.cn/info/1009/2531.htm
F02258,江南大学,无锡,211/双一流,人工智能与计算机学院（软件学院）,徐华,副教授,副教授,,,https://ai.jiangnan.edu.cn/info/1009/2534.htm
F02259,江南大学,无锡,211/双一流,人工智能与计算机学院（软件学院）,徐天阳,副教授,副教授,模式识别、计算机视觉、人工智能,,https://ai.jiangnan.edu.cn/info/1009/2094.htm
F02260,江南大学,无锡,211/双一流,人工智能与计算机学院（软件学院）,戴翼,副教授,副教授,通过多模态技术赋能情感计算，并关注其中的安全底线,,https://ai.jiangnan.edu.cn/info/1009/2524.htm
F02261,江南大学,无锡,211/双一流,人工智能与计算机学院（软件学院）,晏涛,副教授,副教授,计算机视觉和人工智能，主要包括：3D视觉、立体图像和光场图像处理、图像恢复、目标检测、深度学习和视觉基础大模型，以及智能视频监控、X射线食品检测、智慧医疗等应用研究,,https://ai.jiangnan.edu.cn/info/1009/2115.htm
F02262,江南大学,无锡,211/双一流,人工智能与计算机学院（软件学院）,朱书伟,副教授,副教授,智能优化、机器学习、演化学习、模式识别等,,https://ai.jiangnan.edu.cn/info/1009/2106.htm
F02263,江南大学,无锡,211/双一流,人工智能与计算机学院（软件学院）,朱航宇,副教授,副教授,人工智能，联邦学习 专业型研究生招生专业 人工智能、软件工程,,https://ai.jiangnan.edu.cn/info/1009/2492.htm
F02264,江南大学,无锡,211/双一流,人工智能与计算机学院（软件学院）,李岳阳,副教授,副教授,人工智能、机器学习、机器视觉、医学影像分析与处理等方面的研究与应用开发,,https://ai.jiangnan.edu.cn/info/1009/2084.htm
F02265,江南大学,无锡,211/双一流,人工智能与计算机学院（软件学院）,李辉,副教授,副教授,模式识别，计算机视觉，多模态信息融合，图像处理等,,https://ai.jiangnan.edu.cn/info/1009/2099.htm
F02266,江南大学,无锡,211/双一流,人工智能与计算机学院（软件学院）,杨金龙,副教授,副教授,主要从事目标跟踪、模式识别和图像处理等方面的研究,,https://ai.jiangnan.edu.cn/info/1009/2083.htm
F02267,江南大学,无锡,211/双一流,人工智能与计算机学院（软件学院）,桑庆兵,副教授,副教授,人工智能，计算机视觉，图像质量评价和物联网技术等,,https://ai.jiangnan.edu.cn/info/1009/2116.htm
F02268,江南大学,无锡,211/双一流,人工智能与计算机学院（软件学院）,潘祥,副教授,副教授,AI+影像组学、基因组学、转录组学、蛋白质组学、代谢组学、药物发现与开发等,0009-0002-9909-909X,https://ai.jiangnan.edu.cn/info/1009/2118.htm
F02269,江南大学,无锡,211/双一流,人工智能与计算机学院（软件学院）,狄岚,副教授,副教授,主要从事数字图像处理、计算机仿真等方面的教学与科研工作,,https://ai.jiangnan.edu.cn/info/1009/2081.htm
F02270,江南大学,无锡,211/双一流,人工智能与计算机学院（软件学院）,王锐,副教授,副教授,主要围绕深度学习模型的数据端、表征端以及应用端开展研究与探索 数据端：流形建模、降维、去噪、聚类、融合等,,https://ai.jiangnan.edu.cn/info/1009/2494.htm
F02271,江南大学,无锡,211/双一流,人工智能与计算机学院（软件学院）,肖志勇,副教授,副教授,人工智能理论、方法与应用 食品智能计算 图像分析与处理 医学影像分析 大数据分析与云计算,,https://ai.jiangnan.edu.cn/info/1009/2117.htm
F02272,江南大学,无锡,211/双一流,人工智能与计算机学院（软件学院）,胡聪,副教授,副教授,模式识别、弱/无监督学习、对抗机器学习,,https://ai.jiangnan.edu.cn/info/1009/2093.htm
F02273,江南大学,无锡,211/双一流,人工智能与计算机学院（软件学院）,范超,副教授,副教授,复杂网络科学、人工智能、大数据挖掘等,,https://ai.jiangnan.edu.cn/info/1009/2102.htm
F02274,江南大学,无锡,211/双一流,人工智能与计算机学院（软件学院）,董洪伟,副教授,副教授,计算机图形学与虚拟现实，并行计算机应用，计算机视觉理论、方法及其应用，计算机控制与智能化,,https://ai.jiangnan.edu.cn/info/1009/2076.htm
F02275,江南大学,无锡,211/双一流,人工智能与计算机学院（软件学院）,蒋亦樟,副教授,副教授,,,https://ai.jiangnan.edu.cn/info/1009/2075.htm
F02276,江南大学,无锡,211/双一流,人工智能与计算机学院（软件学院）,詹千熠,副教授,副教授,数据挖掘，图挖掘和相关应用，医学图像分析等,,https://ai.jiangnan.edu.cn/info/1009/2092.htm
F02277,江南大学,无锡,211/双一流,人工智能与计算机学院（软件学院）,费扬,副教授,副教授,具身智能、控制理论、智慧交通、多智能体协同、自动驾驶、强化学习与无人机应用,,https://ai.jiangnan.edu.cn/info/1009/2533.htm
F02278,江南大学,无锡,211/双一流,人工智能与计算机学院（软件学院）,赵先兵,副教授,副教授,多模态情感分析、抑郁症检测和可控视频生成,,https://ai.jiangnan.edu.cn/info/1009/2105.htm
F02279,江南大学,无锡,211/双一流,人工智能与计算机学院（软件学院）,钱雪忠,副教授,副教授,主要从事数据挖掘及其应用、数据库技术及其应用、WEB服务与网络计算、计算机网络应用等方面的研究工作和数据库,,https://ai.jiangnan.edu.cn/info/1009/2078.htm
F02280,江南大学,无锡,211/双一流,人工智能与计算机学院（软件学院）,陆恒杨,副教授,副教授,自然语言处理、多模态信息处理,,https://ai.jiangnan.edu.cn/info/1009/2096.htm
F02281,江南大学,无锡,211/双一流,人工智能与计算机学院（软件学院）,陈志国,副教授,副教授,主要从事传感器技术、嵌入式系统设计与应用、计算机智能控制等方面的研究和,,https://ai.jiangnan.edu.cn/info/1009/2087.htm
F02282,江南大学,无锡,211/双一流,人工智能与计算机学院（软件学院）,陈爱国,副教授,副教授,主要从事机器学习、模式识别、人工智能和大数据等方面的研究与开发,,https://ai.jiangnan.edu.cn/info/1009/2090.htm
F02283,江南大学,无锡,211/双一流,人工智能与计算机学院（软件学院）,陈璟,副教授,副教授,生物信息学,,https://ai.jiangnan.edu.cn/info/1009/2086.htm
F02284,江南大学,无锡,211/双一流,人工智能与计算机学院（软件学院）,顾逸,副教授,副教授,人工智能，生物成像处理,,https://ai.jiangnan.edu.cn/info/1009/2113.htm
F02285,江南大学,无锡,211/双一流,人工智能与计算机学院（软件学院）,马泽宇,副教授,副教授,信息检索、深度哈希和行人重识别,,https://ai.jiangnan.edu.cn/info/1009/2108.htm
F02286,江南大学,无锡,211/双一流,人工智能与计算机学院（软件学院）,冯振华,教授,教授,"著名期刊IEEE Signal Processing Letter的封面论文 - 2015年，研究论文被国际图像处理会议（IEEE International Conference on Image Processing, ICIP）评选为“Best 10% Paper”",,https://ai.jiangnan.edu.cn/info/1008/2059.htm
F02287,江南大学,无锡,211/双一流,人工智能与计算机学院（软件学院）,刘建军,教授,教授,人工智能理论、方法与应用,,https://ai.jiangnan.edu.cn/info/1008/2491.htm
F02288,江南大学,无锡,211/双一流,人工智能与计算机学院（软件学院）,刘渊,教授,教授,从事网络信息系统及网络安全和数字媒体相关软件的研究与开发,,https://ai.jiangnan.edu.cn/info/1008/2065.htm
F02289,江南大学,无锡,211/双一流,人工智能与计算机学院（软件学院）,吴小俊,教授,教授,模式识别理论、方法及其应用，计算智能理论、方法及其应用，计算机视觉理论、方法及其应用，信息融合理论、方法及其应用,,https://ai.jiangnan.edu.cn/info/1008/2054.htm
F02290,江南大学,无锡,211/双一流,人工智能与计算机学院（软件学院）,夏鸿斌,教授,教授,及方向 自然语言处理及应用、个性化推荐技术、大数据及可视化应用、三维虚拟仿真及验证技术等,,https://ai.jiangnan.edu.cn/info/1008/2071.htm
F02291,江南大学,无锡,211/双一流,人工智能与计算机学院（软件学院）,孙俊,教授,教授,主要从事群体智能、机器学习、具身智能等研究工作，以及人工智能、算法设计与分析、高性能计算的,,https://ai.jiangnan.edu.cn/info/1008/2066.htm
F02292,江南大学,无锡,211/双一流,人工智能与计算机学院（软件学院）,孙晓燕,教授,教授,安全领域多源信息融合与大规模数据处理 智能优化与进化大模型融合 工业系统智能优化与控制 综合能源系统预测与调度优化,,https://ai.jiangnan.edu.cn/info/1008/2074.htm
F02293,江南大学,无锡,211/双一流,人工智能与计算机学院（软件学院）,宋威,教授,教授,计算智能、机器学习、模式识别,,https://ai.jiangnan.edu.cn/info/1008/2068.htm
F02294,江南大学,无锡,211/双一流,人工智能与计算机学院（软件学院）,宋晓宁,教授,教授,模式识别与智能系统、计算机视觉、自然语言处理 博士研究生招生 招生专业：软件工程,,https://ai.jiangnan.edu.cn/info/1008/2069.htm
F02295,江南大学,无锡,211/双一流,人工智能与计算机学院（软件学院）,所在位置,教授,教授,模式识别理论与方法、群体智能、计算机视觉、自然语言处理、语音识别、智能控制 2、无锡数字媒体工程研发中心,,https://ai.jiangnan.edu.cn/szdw/szzp1.htm
F02296,江南大学,无锡,211/双一流,人工智能与计算机学院（软件学院）,方伟,教授,教授,群体智能优化算法,,https://ai.jiangnan.edu.cn/info/1008/2053.htm
F02297,江南大学,无锡,211/双一流,人工智能与计算机学院（软件学院）,李光辉,教授,教授,物联网技术、边缘计算、大数据分析、无损检测技术,,https://ai.jiangnan.edu.cn/info/1008/2062.htm
F02298,江南大学,无锡,211/双一流,人工智能与计算机学院（软件学院）,李志华,教授,教授,云数据中心理论、云数据中心网络及其安全,,https://ai.jiangnan.edu.cn/info/1008/2067.htm
F02299,江南大学,无锡,211/双一流,人工智能与计算机学院（软件学院）,柴志雷,教授,教授,（1）人工智能算法与系统的性能优化,,https://ai.jiangnan.edu.cn/info/1008/2072.htm
F02300,江南大学,无锡,211/双一流,人工智能与计算机学院（软件学院）,毛力,教授,教授,人工智能、计算机网络及水产健康养殖,0000-0003-3955-1013,https://ai.jiangnan.edu.cn/info/1008/2064.htm
F02301,江南大学,无锡,211/双一流,人工智能与计算机学院（软件学院）,王士同,教授,教授,人工智能，模式识别及其应用,,https://ai.jiangnan.edu.cn/info/1008/2055.htm
F02302,江南大学,无锡,211/双一流,人工智能与计算机学院（软件学院）,王映辉,教授,教授,三维计算机视觉智能(3D物体识别与建模、点集(点云)场景理解、虚实融合、人机交互、多视几何学、计算几何学、计算机图形学)、软件理论与方法(软件体系结构、软件构件、软件理解、软件演化、基于服务的分布式软件技术、软件方法学等),,https://ai.jiangnan.edu.cn/info/1008/2056.htm
F02303,江南大学,无锡,211/双一流,人工智能与计算机学院（软件学院）,罗晓清,教授,教授,多模态融合、计算机视觉、模式识别理论、方法及应用,,https://ai.jiangnan.edu.cn/info/1008/2070.htm
F02304,江南大学,无锡,211/双一流,人工智能与计算机学院（软件学院）,葛洪伟,教授,教授,人工智能与模式识别、图像及视频的处理与分析、信息管理与数据挖掘、嵌入式智能系统,,https://ai.jiangnan.edu.cn/info/1008/2073.htm
F02305,江南大学,无锡,211/双一流,人工智能与计算机学院（软件学院）,蒋敏,教授,教授,计算机视觉、自然语言处理、多模态认知计算等，为面向公共安全的智能视频监控、面向工业4.0的企业数字化与智能化转型、以人为中心的多模态人机主动交互学习等领域提供核心技术攻关及系统解决方案,,https://ai.jiangnan.edu.cn/info/1008/2063.htm
F02306,江南大学,无锡,211/双一流,人工智能与计算机学院（软件学院）,谢振平,教授,教授,认知计算（跨域知识映射、虚实融合推演、人脑认知跃迁） 研究情况 科学原理上，提出解释认知智能的意算存同时性法则，建模认知计算的客观自然样本方法论，以及沟通中西方认知的五科整体性思维框架,,https://ai.jiangnan.edu.cn/info/1008/2057.htm
F02307,江南大学,无锡,211/双一流,人工智能与计算机学院（软件学院）,邓赵红,教授,教授,理论研究：（1）可信/可解释/不确定性人工智能,,https://ai.jiangnan.edu.cn/info/1008/2060.htm
F02308,江南大学,无锡,211/双一流,人工智能与计算机学院（软件学院）,钱鹏江,教授,教授,1、理论研究：模式识别理论与技术,,https://ai.jiangnan.edu.cn/info/1008/2058.htm
F02309,江南大学,无锡,211/双一流,人工智能与计算机学院（软件学院）,陈丽芳,教授,教授,深度学习理论与应用，图像目标识别与重建，医学影像分析 硕士招生专业 0812Z1（数字媒体技术），083500（软件工程），085400（电子信息），085405（软件工程），085410（人工智能），085404（计算机技术）,,https://ai.jiangnan.edu.cn/info/1008/2061.htm
F02310,江南大学,无锡,211/双一流,人工智能与计算机学院（软件学院）,丁建阳,讲师,讲师,领域专用体系结构、软硬件协同优化设计等,,https://ai.jiangnan.edu.cn/info/1010/2130.htm
F02311,江南大学,无锡,211/双一流,人工智能与计算机学院（软件学院）,华阳,讲师,讲师,基于人工智能的药物虚拟筛选，包括药物-靶蛋白相互作用预测、药物虚拟生成、蛋白质结合位点预测，分子动力学信息预测等,0000-0003-1485-4632,https://ai.jiangnan.edu.cn/info/1010/2135.htm
F02312,江南大学,无锡,211/双一流,人工智能与计算机学院（软件学院）,史云阳,讲师,讲师,人工智能赋能交通、交通系统仿真与优化，具体包括：生成式人工智能、具身智能、智能体仿真、智能优化、高性能并行计算,,https://ai.jiangnan.edu.cn/info/1010/2133.htm
F02313,江南大学,无锡,211/双一流,人工智能与计算机学院（软件学院）,吴聪,讲师,讲师,深度学习与计算机视觉，特别是视频理解的关键问题，包括多模态视频行为识别、视频推理与分析、视觉语言模型、低资源学习、表示学习、图神经网络等,,https://ai.jiangnan.edu.cn/info/1010/2127.htm
F02314,江南大学,无锡,211/双一流,人工智能与计算机学院（软件学院）,周恒,讲师,讲师,模式识别与计算机视觉，多模态大模型，遥感图像处理，视觉目标分割等,,https://ai.jiangnan.edu.cn/info/1010/2126.htm
F02315,江南大学,无锡,211/双一流,人工智能与计算机学院（软件学院）,寇梦刚,讲师,讲师,AI+新型电力系统 ：面向AI与大数据驱动的新型电力系统（以风电、光伏、储能为主体）运行优化与智能调度的核心需求，系统从事复杂时序预测及模型轻量化的理论与前沿算法研究,,https://ai.jiangnan.edu.cn/info/1010/2536.htm
F02316,江南大学,无锡,211/双一流,人工智能与计算机学院（软件学院）,左云,讲师,讲师,理论研究 ： （1）面向生物序列的大语言模型适配理论研究,,https://ai.jiangnan.edu.cn/info/1010/2124.htm
F02317,江南大学,无锡,211/双一流,人工智能与计算机学院（软件学院）,平晓静,讲师,讲师,动态系统智能辨识理论与应用：结合知识迁移、多任务学习等框架，解决传统辨识方法在跨域、小样本等场景下性能受限的问题，并应用于生物制造、锂电池建模等领域,,https://ai.jiangnan.edu.cn/info/1010/2132.htm
F02318,江南大学,无锡,211/双一流,人工智能与计算机学院（软件学院）,张瑞,讲师,讲师,云边计算（cloud-edge computing）、机器学习（machine learning、reinforcement learning）、决策优化（decision optimization）等,,https://ai.jiangnan.edu.cn/info/1010/2125.htm
F02319,江南大学,无锡,211/双一流,人工智能与计算机学院（软件学院）,朱学峰,讲师,讲师,模式识别、计算机视觉、人工智能,,https://ai.jiangnan.edu.cn/info/1010/2128.htm
F02320,江南大学,无锡,211/双一流,人工智能与计算机学院（软件学院）,李禹辰,讲师,讲师,可信/可解释性/不确定性人工智能，计算智能（模糊计算），可解释集成学习，机器学习与人工智能,,https://ai.jiangnan.edu.cn/info/1010/2134.htm
F02321,江南大学,无锡,211/双一流,人工智能与计算机学院（软件学院）,王宁,讲师,讲师,数据挖掘、自然语言处理、多模态、人工智能的应用及系统设计等,,https://ai.jiangnan.edu.cn/info/1010/2121.htm
F02322,江南大学,无锡,211/双一流,人工智能与计算机学院（软件学院）,王缵,讲师,讲师,数据隐私与查询，大数据管理，隐私保护计算，AI for DB,0000-0003-4004-3454,https://ai.jiangnan.edu.cn/info/1010/2129.htm
F02323,江南大学,无锡,211/双一流,人工智能与计算机学院（软件学院）,钱琨,讲师,讲师,计算机视觉，机器学习，光电信息处理，高光谱视频跟踪，步态检测与识别 专业型研究生招生专业 人工智能、软件工程,,https://ai.jiangnan.edu.cn/info/1010/2120.htm
F02324,江南大学,无锡,211/双一流,人工智能与计算机学院（软件学院）,马纳川,讲师,讲师,面向智能机器人与交通基础设施运维的视觉检测研究，聚焦道路损坏、工业异常等复杂场景的智能识别与定位,,https://ai.jiangnan.edu.cn/info/1010/2535.htm
F02325,河海大学,南京,211/双一流,计算机与软件学院,吉顺慧,副教授,副教授,软件建模、分析、测试与验证等,,http://cies.hhu.edu.cn/2024/0521/c21613a280130/page.htm
F02326,河海大学,南京,211/双一流,计算机与软件学院,吕沈欢,副教授,副教授,主要聚焦于集成学习理论基础的构建及其在水资源复杂优化问题中的应用,,http://cies.hhu.edu.cn/2024/0521/c21612a280174/page.htm
F02327,河海大学,南京,211/双一流,计算机与软件学院,吕鑫,副教授,副教授,多源数据融合与智能认知处理、网络空间安全,,http://cies.hhu.edu.cn/2024/0521/c21613a280118/page.htm
F02328,河海大学,南京,211/双一流,计算机与软件学院,唐彦,副教授,副教授,知识工程与数据科学 ，人机协同计算，水信息学,,http://cies.hhu.edu.cn/2024/0521/c21613a280124/page.htm
F02329,河海大学,南京,211/双一流,计算机与软件学院,孟朝晖,副教授,副教授,神经网络，蛋白质折叠模拟计算,,http://cies.hhu.edu.cn/2024/0520/c21612a280050/page.htm
F02330,河海大学,南京,211/双一流,计算机与软件学院,屈志昊,副教授,副教授,边缘学习，边缘智能，联邦学习,,http://cies.hhu.edu.cn/2024/0521/c21612a280096/page.htm
F02331,河海大学,南京,211/双一流,计算机与软件学院,平萍,副教授,副教授,多媒体内容安全、人工智能安全、隐私保护、大数据、人工智能和边缘计算应用等,,http://cies.hhu.edu.cn/2024/0521/c21613a280133/page.htm
F02332,河海大学,南京,211/双一流,计算机与软件学院,廖小平,副教授,副教授,1 、信息处理与信息系统 2 、领域软件工程,,http://cies.hhu.edu.cn/2024/0521/c21613a280132/page.htm
F02333,河海大学,南京,211/双一流,计算机与软件学院,张丽丽,副教授,副教授,计算机视觉、知识图谱与认知智能、智能计算及优化等，欢迎对科研感兴趣的同学跟我,,http://cies.hhu.edu.cn/2024/0918/c21612a288946/page.htm
F02334,河海大学,南京,211/双一流,计算机与软件学院,徐媛媛,副教授,副教授,图像/视频编码、图像/视频通信、沉浸式视频、视觉感知及应用等,,http://cies.hhu.edu.cn/2024/0520/c21612a280044/page.htm
F02335,河海大学,南京,211/双一流,计算机与软件学院,徐淑芳,副教授,副教授,无人机集群协同，机载遥感影像处理、水下目标探测,,http://cies.hhu.edu.cn/2024/0918/c21613a288942/page.htm
F02336,河海大学,南京,211/双一流,计算机与软件学院,戚荣志,副教授,副教授,智能软件工程、软件测试生成、水利信息化等,,http://cies.hhu.edu.cn/2024/0521/c21613a280126/page.htm
F02337,河海大学,南京,211/双一流,计算机与软件学院,朱志颖,副教授,副教授,AI安全,,http://cies.hhu.edu.cn/2026/0509/c21613a326376/page.htm
F02338,河海大学,南京,211/双一流,计算机与软件学院,李晓东,副教授,副教授,数据挖掘、机器学习与人工智能 应用领域：水利行业、电力行业与金融行业,,http://cies.hhu.edu.cn/2024/0521/c21612a280112/page.htm
F02339,河海大学,南京,211/双一流,计算机与软件学院,李鑫,副教授,副教授,遥感图像处理、多模态数据融合、域自适应语义分割,,http://cies.hhu.edu.cn/2024/1011/c21613a289740/page.htm
F02340,河海大学,南京,211/双一流,计算机与软件学院,梁正和,副教授,副教授,分布式系统及软件架构,,http://cies.hhu.edu.cn/2024/0520/c21612a280038/page.htm
F02341,河海大学,南京,211/双一流,计算机与软件学院,王严严,副教授,副教授,基于 RFID 的无源感知、智能感知、 AI+IOT,,http://cies.hhu.edu.cn/2024/0521/c21612a280116/page.htm
F02342,河海大学,南京,211/双一流,计算机与软件学院,王彦芳,副教授,副教授,1. 图像滤波，面向增强需求，主要研究基于空间域信息的各向异性滤波算法,,http://cies.hhu.edu.cn/2024/0521/c21613a280129/page.htm
F02343,河海大学,南京,211/双一流,计算机与软件学院,王敏,副教授,副教授,计算机视觉、深度学习和机器学习等,,http://cies.hhu.edu.cn/2024/0520/c21612a280028/page.htm
F02344,河海大学,南京,211/双一流,计算机与软件学院,王继民,副教授,副教授,多源数据融合,,http://cies.hhu.edu.cn/2024/0520/c21612a280022/page.htm
F02345,河海大学,南京,211/双一流,计算机与软件学院,王鑫,副教授,副教授,主要从事人工智能、机器学习、神经网络、图像处理和分析、计算机视觉、模式识别等领域的研究工作，具体研究包括：深度学习理论方法和应用、迁移学习理论方法与应用、生成式人工智能理论与算法应用、遥感影像分析理解和应用、智能视频图像检测识别和跟踪、图像时 - 空显著性检测、水下图像复原和增强、信息获取与智能系统、遥感遥测与信息融合、水利信息处理与分析、大数据分析和处理等,,http://cies.hhu.edu.cn/2024/0918/c21613a288941/page.htm
F02346,河海大学,南京,211/双一流,计算机与软件学院,胡世红,副教授,副教授,边缘计算，边缘智能，无服务器计算，车联网,,http://cies.hhu.edu.cn/2024/0520/c21612a280043/page.htm
F02347,河海大学,南京,211/双一流,计算机与软件学院,许国艳,副教授,副教授,大数据分析与智能应用、社交网络、知识图谱,,http://cies.hhu.edu.cn/2024/0521/c21613a280125/page.htm
F02348,河海大学,南京,211/双一流,计算机与软件学院,谢在鹏,副教授,副教授,嵌入式计算系统、分布式计算系统、多智能体强化学习,,http://cies.hhu.edu.cn/2024/0521/c21612a280087/page.htm
F02349,河海大学,南京,211/双一流,计算机与软件学院,邹阳,副教授,副教授,1. 模式识别、深度学习、人工智能 2. 图文法、形式化方法、软件工程,,http://cies.hhu.edu.cn/2024/0520/c21612a280053/page.htm
F02350,河海大学,南京,211/双一流,计算机与软件学院,陆佳民,副教授,副教授,分布式环境下的时空数据管理、行业知识管理与智能应用,,http://cies.hhu.edu.cn/2024/0521/c21613a280120/page.htm
F02351,河海大学,南京,211/双一流,计算机与软件学院,鹿浩,副教授,副教授,多模态数据处理、大数据分析与挖掘、物联通信网络方面的科学研究工作,,http://cies.hhu.edu.cn/2024/0918/c21612a288938/page.htm
F02352,河海大学,南京,211/双一流,计算机与软件学院,张文逍,副研究员,副研究员,计算机图形学、三维视觉,,http://cies.hhu.edu.cn/2025/0325/c21612a300039/page.htm
F02353,河海大学,南京,211/双一流,计算机与软件学院,王宇,副研究员,副研究员,高性能计算与超级计算、人工智能检验与测试、海量信息处理、人机交互、边缘计算,,http://cies.hhu.edu.cn/2024/0521/c21613a280136/page.htm
F02354,河海大学,南京,211/双一流,计算机与软件学院,王晟,副研究员,副研究员,,,http://cies.hhu.edu.cn/2024/0606/c21612a281199/page.htm
F02355,河海大学,南京,211/双一流,计算机与软件学院,魏东,副研究员,副研究员,人体运动预测与合成、姿态估计、图像集分类与视频检索、生成模型等计算机视觉方向（主要关注让机器 “ 理解与生成人类行为 ” 的核心问题）,,http://cies.hhu.edu.cn/2025/0915/c21612a307274/page.htm
F02356,河海大学,南京,211/双一流,计算机与软件学院,黄倩,副研究员,副研究员,领域多媒体计算、领域机器学习,,http://cies.hhu.edu.cn/2024/0521/c21612a280102/page.htm
F02357,河海大学,南京,211/双一流,计算机与软件学院,冯钧,教授,教授,数据管理、领域知识工程、水利大数据应用等,,http://cies.hhu.edu.cn/2024/0521/c21612a280113/page.htm
F02358,河海大学,南京,211/双一流,计算机与软件学院,刘凡,教授,教授,计算机视觉、多媒体分析与理解、人工智能交叉,,http://cies.hhu.edu.cn/2024/0521/c21613a280137/page.htm
F02359,河海大学,南京,211/双一流,计算机与软件学院,刘惠义,教授,教授,相关的论文，其中SCI检索论文1篇，EI检索论文6篇，一级学报2篇,,http://cies.hhu.edu.cn/2024/0521/c21613a280122/page.htm
F02360,河海大学,南京,211/双一流,计算机与软件学院,周思源,教授,教授,1 ）无线网络：面向物联网、车联网等场景的网络性能分析和网络资源配置 2 ）数字孪生水利：基于人工智能的数字孪生场景建模和智能决策,,http://cies.hhu.edu.cn/2024/0918/c21612a288947/page.htm
F02361,河海大学,南京,211/双一流,计算机与软件学院,周晓峰,教授,教授,,,http://cies.hhu.edu.cn/2024/0521/c21613a280119/page.htm
F02362,河海大学,南京,211/双一流,计算机与软件学院,唐斌,教授,教授,分布式计算、边缘智能,,http://cies.hhu.edu.cn/2024/0520/c21612a280042/page.htm
F02363,河海大学,南京,211/双一流,计算机与软件学院,巫义锐,教授,教授,计算机视觉: 小样本图像分割，文字检测与识别,,http://cies.hhu.edu.cn/2024/0521/c21612a280117/page.htm
F02364,河海大学,南京,211/双一流,计算机与软件学院,张乐,教授,教授,主要从事人工智能与机器学习研究，重点关注复杂非理想真实场景下的鲁棒、可信、协同与高效智能,,http://cies.hhu.edu.cn/2026/0921/c21612a335246/page.htm
F02365,河海大学,南京,211/双一流,计算机与软件学院,张鹏程,教授,教授,大数据分析与挖掘、智能化软件工程、服务计算等,,http://cies.hhu.edu.cn/2024/0521/c21613a280135/page.htm
F02366,河海大学,南京,211/双一流,计算机与软件学院,曹宁,教授,教授,,,http://cies.hhu.edu.cn/2024/0918/c21612a288945/page.htm
F02367,河海大学,南京,211/双一流,计算机与软件学院,曹敬,教授,教授,网络与信息安全,,http://cies.hhu.edu.cn/2024/0520/c21612a280040/page.htm
F02368,河海大学,南京,211/双一流,计算机与软件学院,朱跃龙,教授,教授,智能信息处理与数据挖掘 、水利信息化等,,http://cies.hhu.edu.cn/2024/0520/c21612a280032/page.htm
F02369,河海大学,南京,211/双一流,计算机与软件学院,朱道也,特聘教授,教授,感兴趣的青年教师加入团队,,http://cies.hhu.edu.cn/2026/0320/c21613a323767/page.htm
F02370,河海大学,南京,211/双一流,计算机与软件学院,李旭杰,教授,教授,大模型、人工智能、脑机接口、无线网络等领域,,http://cies.hhu.edu.cn/2024/0918/c21613a288940/page.htm
F02371,河海大学,南京,211/双一流,计算机与软件学院,毛莺池,教授,教授,边缘智能系统、联邦学习、大模型与知识图谱推理 （二）,,http://cies.hhu.edu.cn/2024/0521/c21613a280131/page.htm
F02372,河海大学,南京,211/双一流,计算机与软件学院,王慧斌,教授,教授,1 、信息获取与智能系统,,http://cies.hhu.edu.cn/2024/0918/c21613a288944/page.htm
F02373,河海大学,南京,211/双一流,计算机与软件学院,胡鹤轩,教授,教授,1. 基于深度学习与大数据的智能故障诊断原理与技术 2. 五指仿人灵巧手 —— 智能机器人的智能控制 3. 基于离散事件系统的故障诊断及容错控制系统的技术研究 4. 反渗透膜净水技术与大规模风力发电安全高效运行关键技术研究 5. 基于大数据及云计算环境下多源水利数据融合关键技术研究,0000-0001-5999-8336,http://cies.hhu.edu.cn/2024/0521/c21612a280115/page.htm
F02374,河海大学,南京,211/双一流,计算机与软件学院,许卓明,教授,教授,数据管理、数据挖掘与大数据分析 - 知识工程、软件工程与决策支持系统 - 机器学习及其在推荐系统、自然语言处理、机器视觉等领域中的应用,,http://cies.hhu.edu.cn/2024/0521/c21613a280123/page.htm
F02375,河海大学,南京,211/双一流,计算机与软件学院,谭国平,教授,教授,车联网技术、机器视觉技术、类脑智能技术 近年,,http://cies.hhu.edu.cn/2024/0918/c21613a288943/page.htm
F02376,河海大学,南京,211/双一流,计算机与软件学院,陈思光,教授,教授,研究内容主要包括：面向大模型、智慧医疗、物联网的深度学习、深度强化学习与联邦学习理论与技术，以及人工智能与边缘计算的结合，实现对带宽、存储和算力等资源的智能调度与分配，达到自适应与智能决策,,http://cies.hhu.edu.cn/2025/0325/c21612a300044/page.htm
F02377,河海大学,南京,211/双一流,计算机与软件学院,韩立新,教授,教授,1、信息检索 2、智能信息处理 3、模式识别 4、数据挖掘 5、机器学习,,http://cies.hhu.edu.cn/2024/0520/c21612a280054/page.htm
F02378,河海大学,南京,211/双一流,计算机与软件学院,高红民,教授,教授,人工智能与图像处理，包括：卫星与无人机遥感图像分析与海洋监测应用、医学显微高光谱图像处理与重大疾病早期智能诊断,,http://cies.hhu.edu.cn/2024/0918/c21613a288939/page.htm
F02379,河海大学,南京,211/双一流,计算机与软件学院,沈明威,研究员,研究员,雷达信号处理、声纹智能识别、信号处理软件设计,,http://cies.hhu.edu.cn/2024/0918/c21612a288933/page.htm
F02380,河海大学,南京,211/双一流,计算机与软件学院,叶枫,讲师,讲师,水利信息化、大数据,,http://cies.hhu.edu.cn/2024/0521/c21613a280134/page.htm
F02381,河海大学,南京,211/双一流,计算机与软件学院,周小伟,讲师,讲师,信息处理与信息系统,,http://cies.hhu.edu.cn/2024/0521/c21613a280138/page.htm
F02382,河海大学,南京,211/双一流,计算机与软件学院,姚志婷,讲师,讲师,深度强化学习，多模态感知，水面无人艇自主导航，计算机视觉,,http://cies.hhu.edu.cn/2026/0306/c21612a323376/page.htm
F02383,河海大学,南京,211/双一流,计算机与软件学院,孟青,讲师,讲师,社交媒体分析、推荐系统、图神经网络,0000-0001-7180-5736,http://cies.hhu.edu.cn/2024/0520/c21612a280030/page.htm
F02384,河海大学,南京,211/双一流,计算机与软件学院,安悦瑄,讲师,讲师,机器学习与模式识别,,http://cies.hhu.edu.cn/2024/1015/c21613a289938/page.htm
F02385,河海大学,南京,211/双一流,计算机与软件学院,崔晗,讲师,讲师,人工智能在电力系统中的应用，具体包括基于深度学习的电网稳定性评估、基于深度强化学习的电网调度策略生成、基于无监督学习的用户画像与用户聚类等,0000-0002-4072-4535,http://cies.hhu.edu.cn/2024/0521/c21612a280114/page.htm
F02386,河海大学,南京,211/双一流,计算机与软件学院,张敬华,讲师,讲师,计算机视觉与人工智能,,http://cies.hhu.edu.cn/2025/0915/c21613a307276/page.htm
F02387,河海大学,南京,211/双一流,计算机与软件学院,时俊贤,讲师,讲师,线 / 无线通信中的物理层安全、射频 / 设备指纹特征提取与识别、利用无线信道特征进行密钥生成以及软件无线电技术,,http://cies.hhu.edu.cn/2026/0306/c21612a323377/page.htm
F02388,河海大学,南京,211/双一流,计算机与软件学院,曹碧薇,讲师,讲师,自然语言处理，社会计算，社交媒体分析，多模态信息融合，虚假新闻检测等,,http://cies.hhu.edu.cn/2026/0306/c21613a323379/page.htm
F02389,河海大学,南京,211/双一流,计算机与软件学院,朱洁,讲师,讲师,情感计算与计算机视觉，主要关注表情 / 微表情分析与识别、多模态情感识别,,http://cies.hhu.edu.cn/2026/0306/c21613a323378/page.htm
F02390,河海大学,南京,211/双一流,计算机与软件学院,李倩,讲师,讲师,"3D 视觉与图形学，包括但不限于 3D 生成， NeRF( 神经辐射场 ) ，数字人， 3D Gaussian Splatting, 虚拟视点合成，小样本学习，多模态学习等",,http://cies.hhu.edu.cn/2024/1015/c21613a289936/page.htm
F02391,河海大学,南京,211/双一流,计算机与软件学院,杨文哲,讲师,讲师,空间数据库，大数据管理与分析，主要包括大规模空间数据集的高效查询处理及获取,,http://cies.hhu.edu.cn/2025/0915/c21612a307275/page.htm
F02392,河海大学,南京,211/双一流,计算机与软件学院,王文,讲师,讲师,在于知识引导的人工智能、多智能体强化学习以及智能决策,,http://cies.hhu.edu.cn/2026/0908/c21612a333985/page.htm
F02393,河海大学,南京,211/双一流,计算机与软件学院,童燕翔,讲师,讲师,软件工程，专注于自适应软件系统、软件控制论、区块链的研究,,http://cies.hhu.edu.cn/2024/0829/c21613a287515/page.htm
F02394,河海大学,南京,211/双一流,计算机与软件学院,蒋旭桐,讲师,讲师,边缘计算，主要从事云边端协同计算、边缘数据访问控制等方面的研究,,http://cies.hhu.edu.cn/2024/1015/c21612a289929/page.htm
F02395,河海大学,南京,211/双一流,计算机与软件学院,蔡镇锽,讲师,讲师,基于含噪标签的图像识别、细粒度图像识别,,http://cies.hhu.edu.cn/2024/0829/c21613a287514/page.htm
F02396,河海大学,南京,211/双一流,计算机与软件学院,袁俐新,讲师,讲师,机器学习：特征选择，特征增强 人工智能 : 可解释性人工智能，因果分析,,http://cies.hhu.edu.cn/2024/1015/c21612a289926/page.htm
F02397,河海大学,南京,211/双一流,计算机与软件学院,袁驰,讲师,讲师,医学信息学、生物医学数据挖掘,,http://cies.hhu.edu.cn/2024/0520/c21612a280055/page.htm
F02398,河海大学,南京,211/双一流,计算机与软件学院,赵晗,讲师,讲师,机器学习与模式识别,0009-0000-3710-1815,http://cies.hhu.edu.cn/2025/0325/c21613a300046/page.htm
F02399,河海大学,南京,211/双一流,计算机与软件学院,赵焱,讲师,讲师,情感计算、语音信号处理和医学人工智能，特别关注语音情感识别、精神障碍辅助诊断的应用研究,,http://cies.hhu.edu.cn/2025/0325/c21613a300045/page.htm
F02400,河海大学,南京,211/双一流,计算机与软件学院,郑建国,讲师,讲师,自然语言处理、大语言模型等人工智能技术与法律知识图谱的结合赋能司法应用场景，为司法活动提供全方位智能化服务,,http://cies.hhu.edu.cn/2024/0521/c21613a280121/page.htm
F02401,河海大学,南京,211/双一流,计算机与软件学院,闫梦凯,讲师,讲师,计算机视觉、模式识别，特别是基于视觉的生理信息测量、异常检测,,http://cies.hhu.edu.cn/2026/0306/c21613a323380/page.htm
F02402,河海大学,南京,211/双一流,计算机与软件学院,陈红,讲师,讲师,人工智能,,http://cies.hhu.edu.cn/2024/0520/c21612a280029/page.htm
F02403,河海大学,南京,211/双一流,计算机与软件学院,顾燕,讲师,讲师,无线网络中的资源调度、路由算法、节点定位和能量效率等,,http://cies.hhu.edu.cn/2024/0918/c21612a288935/page.htm
F02404,清华大学,北京,985/211/双一流,计算机科学与技术系,侯磊,副教授,副教授,,,https://www.cs.tsinghua.edu.cn/szzk/jzgml.htm
F02405,清华大学,北京,985/211/双一流,计算机科学与技术系,喻纯,副教授,副教授,,,https://www.cs.tsinghua.edu.cn/szzk/jzgml.htm
F02406,清华大学,北京,985/211/双一流,计算机科学与技术系,宋佳兴,副教授,副教授,,,https://www.cs.tsinghua.edu.cn/szzk/jzgml.htm
F02407,清华大学,北京,985/211/双一流,计算机科学与技术系,崔鹏,副教授,副教授,,0009-0006-4216-1912,https://www.cs.tsinghua.edu.cn/szzk/jzgml.htm
F02408,清华大学,北京,985/211/双一流,计算机科学与技术系,徐华,副教授,副教授,,,https://www.cs.tsinghua.edu.cn/szzk/jzgml.htm
F02409,清华大学,北京,985/211/双一流,计算机科学与技术系,李建民,副教授,副教授,,0009-0006-3567-8649,https://www.cs.tsinghua.edu.cn/szzk/jzgml.htm
F02410,清华大学,北京,985/211/双一流,计算机科学与技术系,渠鹏,副教授,副教授,,,https://www.cs.tsinghua.edu.cn/szzk/jzgml.htm
F02411,清华大学,北京,985/211/双一流,计算机科学与技术系,艾清遥,副教授,副教授,,,https://www.cs.tsinghua.edu.cn/szzk/jzgml.htm
F02412,清华大学,北京,985/211/双一流,计算机科学与技术系,谌卫军,副教授,副教授,,,https://www.cs.tsinghua.edu.cn/szzk/jzgml.htm
F02413,清华大学,北京,985/211/双一流,计算机科学与技术系,赵颖,副教授,副教授,,,https://www.cs.tsinghua.edu.cn/szzk/jzgml.htm
F02414,清华大学,北京,985/211/双一流,计算机科学与技术系,陈建鑫,副教授,副教授,,,https://www.cs.tsinghua.edu.cn/szzk/jzgml.htm
F02415,清华大学,北京,985/211/双一流,计算机科学与技术系,陈渝,副教授,副教授,,0009-0009-0888-633X,https://www.cs.tsinghua.edu.cn/szzk/jzgml.htm
F02416,清华大学,北京,985/211/双一流,计算机科学与技术系,陈键飞,副教授,副教授,,,https://www.cs.tsinghua.edu.cn/szzk/jzgml.htm
F02417,清华大学,北京,985/211/双一流,计算机科学与技术系,陶品,副教授,副教授,,0009-0002-8635-3108,https://www.cs.tsinghua.edu.cn/szzk/jzgml.htm
F02418,清华大学,北京,985/211/双一流,计算机科学与技术系,任炬,副研究员,副研究员,,0000-0003-2782-183X,https://www.cs.tsinghua.edu.cn/szzk/jzgml.htm
F02419,清华大学,北京,985/211/双一流,计算机科学与技术系,余宏亮,副研究员,副研究员,,,https://www.cs.tsinghua.edu.cn/szzk/jzgml.htm
F02420,清华大学,北京,985/211/双一流,计算机科学与技术系,徐昆,副研究员,副研究员,,,https://www.cs.tsinghua.edu.cn/szzk/jzgml.htm
F02421,清华大学,北京,985/211/双一流,计算机科学与技术系,李琦,副研究员,副研究员,,,https://www.cs.tsinghua.edu.cn/szzk/jzgml.htm
F02422,清华大学,北京,985/211/双一流,计算机科学与技术系,樊海宁,副研究员,副研究员,,,https://www.cs.tsinghua.edu.cn/szzk/jzgml.htm
F02423,清华大学,北京,985/211/双一流,计算机科学与技术系,王健楠,副研究员,副研究员,,,https://www.cs.tsinghua.edu.cn/szzk/jzgml.htm
F02424,清华大学,北京,985/211/双一流,计算机科学与技术系,王宏宁,副研究员,副研究员,,,https://www.cs.tsinghua.edu.cn/szzk/jzgml.htm
F02425,清华大学,北京,985/211/双一流,计算机科学与技术系,王运涛,副研究员,副研究员,,,https://www.cs.tsinghua.edu.cn/szzk/jzgml.htm
F02426,清华大学,北京,985/211/双一流,计算机科学与技术系,陆游游,副研究员,副研究员,,0000-0002-4357-1888,https://www.cs.tsinghua.edu.cn/szzk/jzgml.htm
F02427,清华大学,北京,985/211/双一流,计算机科学与技术系,黄震春,副研究员,副研究员,,,https://www.cs.tsinghua.edu.cn/szzk/jzgml.htm
F02428,清华大学,北京,985/211/双一流,计算机科学与技术系,孙佶,助理研究员,助理研究员,,0009-0009-0962-6257,https://www.cs.tsinghua.edu.cn/szzk/jzgml.htm
F02429,清华大学,北京,985/211/双一流,计算机科学与技术系,孟媛,助理研究员,助理研究员,,,https://www.cs.tsinghua.edu.cn/szzk/jzgml.htm
F02430,清华大学,北京,985/211/双一流,计算机科学与技术系,徐群策,助理研究员,助理研究员,,0009-0005-5954-4699,https://www.cs.tsinghua.edu.cn/szzk/jzgml.htm
F02431,清华大学,北京,985/211/双一流,计算机科学与技术系,戴桂兰,助理研究员,助理研究员,,,https://www.cs.tsinghua.edu.cn/szzk/jzgml.htm
F02432,清华大学,北京,985/211/双一流,计算机科学与技术系,杨烁今,助理研究员,助理研究员,,,https://www.cs.tsinghua.edu.cn/szzk/jzgml.htm
F02433,清华大学,北京,985/211/双一流,计算机科学与技术系,柏辰,助理研究员,助理研究员,,,https://www.cs.tsinghua.edu.cn/szzk/jzgml.htm
F02434,清华大学,北京,985/211/双一流,计算机科学与技术系,王豪杰,助理研究员,助理研究员,,,https://www.cs.tsinghua.edu.cn/szzk/jzgml.htm
F02435,清华大学,北京,985/211/双一流,计算机科学与技术系,谢晓晖,助理研究员,助理研究员,,,https://www.cs.tsinghua.edu.cn/szzk/jzgml.htm
F02436,清华大学,北京,985/211/双一流,计算机科学与技术系,赵文来,助理研究员,助理研究员,,,https://www.cs.tsinghua.edu.cn/szzk/jzgml.htm
F02437,清华大学,北京,985/211/双一流,计算机科学与技术系,金煜阳,助理研究员,助理研究员,,,https://www.cs.tsinghua.edu.cn/szzk/jzgml.htm
F02438,清华大学,北京,985/211/双一流,计算机科学与技术系,韩旭,助理研究员,助理研究员,,,https://www.cs.tsinghua.edu.cn/szzk/jzgml.htm
F02439,清华大学,北京,985/211/双一流,计算机科学与技术系,冯建华,教授,教授,,,https://www.cs.tsinghua.edu.cn/szzk/jzgml.htm
F02440,清华大学,北京,985/211/双一流,计算机科学与技术系,刘华平,教授,教授,,,https://www.cs.tsinghua.edu.cn/szzk/jzgml.htm
F02441,清华大学,北京,985/211/双一流,计算机科学与技术系,刘斌,教授,教授,,,https://www.cs.tsinghua.edu.cn/szzk/jzgml.htm
F02442,清华大学,北京,985/211/双一流,计算机科学与技术系,刘永进,教授,教授,,,https://www.cs.tsinghua.edu.cn/szzk/jzgml.htm
F02443,清华大学,北京,985/211/双一流,计算机科学与技术系,刘洋,教授,教授,,,https://www.cs.tsinghua.edu.cn/szzk/jzgml.htm
F02444,清华大学,北京,985/211/双一流,计算机科学与技术系,吴建平,教授,教授,,,https://www.cs.tsinghua.edu.cn/szzk/jzgml.htm
F02445,清华大学,北京,985/211/双一流,计算机科学与技术系,季铮锋,教授,教授,,,https://www.cs.tsinghua.edu.cn/szzk/jzgml.htm
F02446,清华大学,北京,985/211/双一流,计算机科学与技术系,崔勇,教授,教授,,,https://www.cs.tsinghua.edu.cn/szzk/jzgml.htm
F02447,清华大学,北京,985/211/双一流,计算机科学与技术系,张悠慧,教授,教授,,,https://www.cs.tsinghua.edu.cn/szzk/jzgml.htm
F02448,清华大学,北京,985/211/双一流,计算机科学与技术系,张钹,教授,教授,,,https://www.cs.tsinghua.edu.cn/szzk/jzgml.htm
F02449,清华大学,北京,985/211/双一流,计算机科学与技术系,李兆麟,教授,教授,,,https://www.cs.tsinghua.edu.cn/szzk/jzgml.htm
F02450,清华大学,北京,985/211/双一流,计算机科学与技术系,杨家海,教授,教授,,,https://www.cs.tsinghua.edu.cn/szzk/jzgml.htm
F02451,清华大学,北京,985/211/双一流,计算机科学与技术系,杨广文,教授,教授,,,https://www.cs.tsinghua.edu.cn/szzk/jzgml.htm
F02452,清华大学,北京,985/211/双一流,计算机科学与技术系,汪东升,教授,教授,,,https://www.cs.tsinghua.edu.cn/szzk/jzgml.htm
F02453,清华大学,北京,985/211/双一流,计算机科学与技术系,王小云,教授,教授,,,https://www.cs.tsinghua.edu.cn/szzk/jzgml.htm
F02454,清华大学,北京,985/211/双一流,计算机科学与技术系,王建勇,教授,教授,,,https://www.cs.tsinghua.edu.cn/szzk/jzgml.htm
F02455,清华大学,北京,985/211/双一流,计算机科学与技术系,胡晓林,教授,教授,,,https://www.cs.tsinghua.edu.cn/szzk/jzgml.htm
F02456,清华大学,北京,985/211/双一流,计算机科学与技术系,舒继武,教授,教授,,,https://www.cs.tsinghua.edu.cn/szzk/jzgml.htm
F02457,清华大学,北京,985/211/双一流,计算机科学与技术系,艾海舟,教授,教授,,,https://www.cs.tsinghua.edu.cn/szzk/jzgml.htm
F02458,清华大学,北京,985/211/双一流,计算机科学与技术系,邓俊辉,教授,教授,,,https://www.cs.tsinghua.edu.cn/szzk/jzgml.htm
F02459,清华大学,北京,985/211/双一流,计算机科学与技术系,郑莉,教授,教授,,,https://www.cs.tsinghua.edu.cn/szzk/jzgml.htm
F02460,清华大学,北京,985/211/双一流,计算机科学与技术系,钱学海,教授,教授,,,https://www.cs.tsinghua.edu.cn/szzk/jzgml.htm
F02461,清华大学,北京,985/211/双一流,计算机科学与技术系,陈婧,教授,教授,,0000-0001-7442-826X,https://www.cs.tsinghua.edu.cn/szzk/jzgml.htm
F02462,清华大学,北京,985/211/双一流,计算机科学与技术系,陈挺,教授,教授,,,https://www.cs.tsinghua.edu.cn/szzk/jzgml.htm
F02463,清华大学,北京,985/211/双一流,计算机科学与技术系,陈文光,教授,教授,,,https://www.cs.tsinghua.edu.cn/szzk/jzgml.htm
F02464,清华大学,北京,985/211/双一流,计算机科学与技术系,黄维通,教授,教授,,,https://www.cs.tsinghua.edu.cn/szzk/jzgml.htm
F02465,清华大学,北京,985/211/双一流,计算机科学与技术系,韩文弢,讲师,讲师,,,https://www.cs.tsinghua.edu.cn/szzk/jzgml.htm
F02466,湖南大学,长沙,985/211/双一流,信息科学与工程学院,丁岩,副教授,副教授,,,http://csee.hnu.edu.cn/teacher/syjs/25
F02467,湖南大学,长沙,985/211/双一流,信息科学与工程学院,付巍,副教授,副教授,,,http://csee.hnu.edu.cn/teacher/syjs/25
F02468,湖南大学,长沙,985/211/双一流,信息科学与工程学院,付彬,副教授,副教授,,,http://csee.hnu.edu.cn/teacher/syjs/25
F02469,湖南大学,长沙,985/211/双一流,信息科学与工程学院,伍仁勇,副教授,副教授,,,http://csee.hnu.edu.cn/teacher/syjs/25
F02470,湖南大学,长沙,985/211/双一流,信息科学与工程学院,佘兢克,副教授,副教授,,,http://csee.hnu.edu.cn/teacher/syjs/25
F02471,湖南大学,长沙,985/211/双一流,信息科学与工程学院,余小游,副教授,副教授,,,http://csee.hnu.edu.cn/teacher/syjs/25
F02472,湖南大学,长沙,985/211/双一流,信息科学与工程学院,凌纯清,副教授,副教授,数字系统容错设计，嵌入式系统,,http://csee.hnu.edu.cn/people/lingchunqing
F02473,湖南大学,长沙,985/211/双一流,信息科学与工程学院,刘代波,副教授,副教授,,,http://csee.hnu.edu.cn/teacher/syjs/25
F02474,湖南大学,长沙,985/211/双一流,信息科学与工程学院,刘元盛,副教授,副教授,,,http://csee.hnu.edu.cn/teacher/syjs/25
F02475,湖南大学,长沙,985/211/双一流,信息科学与工程学院,刘彦,副教授,副教授,,,http://csee.hnu.edu.cn/teacher/syjs/25
F02476,湖南大学,长沙,985/211/双一流,信息科学与工程学院,刘彩苹,副教授,副教授,,,http://csee.hnu.edu.cn/teacher/syjs/25
F02477,湖南大学,长沙,985/211/双一流,信息科学与工程学院,刘志中,副教授,副教授,,,http://csee.hnu.edu.cn/teacher/syjs/25
F02478,湖南大学,长沙,985/211/双一流,信息科学与工程学院,刘琴,副教授,副教授,,,http://csee.hnu.edu.cn/teacher/syjs/25
F02479,湖南大学,长沙,985/211/双一流,信息科学与工程学院,劳奕臻,副教授,副教授,,,http://csee.hnu.edu.cn/teacher/syjs/25
F02480,湖南大学,长沙,985/211/双一流,信息科学与工程学院,吴强,副教授,副教授,,,http://csee.hnu.edu.cn/teacher/syjs/25
F02481,湖南大学,长沙,985/211/双一流,信息科学与工程学院,吴昊,副教授,副教授,,,http://csee.hnu.edu.cn/people/wuhao
F02482,湖南大学,长沙,985/211/双一流,信息科学与工程学院,周世哲,副教授,副教授,,,http://csee.hnu.edu.cn/teacher/syjs/25
F02483,湖南大学,长沙,985/211/双一流,信息科学与工程学院,周虎,副教授,副教授,人工智能、数字媒体、AI信息系统管理,,http://csee.hnu.edu.cn/people/zhouhu
F02484,湖南大学,长沙,985/211/双一流,信息科学与工程学院,孙晶茹,副教授,副教授,,,http://csee.hnu.edu.cn/teacher/syjs/25
F02485,湖南大学,长沙,985/211/双一流,信息科学与工程学院,孙鹏,副教授,副教授,,,http://csee.hnu.edu.cn/teacher/syjs/25
F02486,湖南大学,长沙,985/211/双一流,信息科学与工程学院,尤志强,副教授,副教授,,,http://csee.hnu.edu.cn/teacher/syjs/25
F02487,湖南大学,长沙,985/211/双一流,信息科学与工程学院,屈卫兰,副教授,副教授,,,http://csee.hnu.edu.cn/people/quweilan
F02488,湖南大学,长沙,985/211/双一流,信息科学与工程学院,廖骎,副教授,副教授,,,http://csee.hnu.edu.cn/teacher/syjs/25
F02489,湖南大学,长沙,985/211/双一流,信息科学与工程学院,张嘉鹏,副教授,副教授,,,http://csee.hnu.edu.cn/teacher/syjs/25
F02490,湖南大学,长沙,985/211/双一流,信息科学与工程学院,彭亚琼,副教授,副教授,,,http://csee.hnu.edu.cn/teacher/syjs/25
F02491,湖南大学,长沙,985/211/双一流,信息科学与工程学院,彭曙光,副教授,副教授,通信网及交换技术，物联网技术,,http://csee.hnu.edu.cn/people/pengshuguang
F02492,湖南大学,长沙,985/211/双一流,信息科学与工程学院,彭鹏,副教授,副教授,,,http://csee.hnu.edu.cn/teacher/syjs/25
F02493,湖南大学,长沙,985/211/双一流,信息科学与工程学院,智慧医疗,副教授,副教授,,,http://csee.hnu.edu.cn/teacher/syjs/25
F02494,湖南大学,长沙,985/211/双一流,信息科学与工程学院,曹达,副教授,副教授,,0000-0002-2611-2559,http://csee.hnu.edu.cn/teacher/syjs/25
F02495,湖南大学,长沙,985/211/双一流,信息科学与工程学院,李军义,副教授,副教授,,,http://csee.hnu.edu.cn/teacher/syjs/25
F02496,湖南大学,长沙,985/211/双一流,信息科学与工程学院,李友焕,副教授,副教授,,,http://csee.hnu.edu.cn/teacher/syjs/25
F02497,湖南大学,长沙,985/211/双一流,信息科学与工程学院,李小英,副教授,副教授,数据挖掘,,http://csee.hnu.edu.cn/people/lixiaoying
F02498,湖南大学,长沙,985/211/双一流,信息科学与工程学院,李春翔,副教授,副教授,,,http://csee.hnu.edu.cn/people/lichunxiang
F02499,湖南大学,长沙,985/211/双一流,信息科学与工程学院,李晓灿,副教授,副教授,,,http://csee.hnu.edu.cn/teacher/syjs/25
F02500,湖南大学,长沙,985/211/双一流,信息科学与工程学院,李根强,副教授,副教授,,,http://csee.hnu.edu.cn/people/ligenqiang
F02501,湖南大学,长沙,985/211/双一流,信息科学与工程学院,李涛,副教授,副教授,,,http://csee.hnu.edu.cn/teacher/syjs/25
F02502,湖南大学,长沙,985/211/双一流,信息科学与工程学院,李玮,副教授,副教授,,,http://csee.hnu.edu.cn/teacher/syjs/25
F02503,湖南大学,长沙,985/211/双一流,信息科学与工程学院,李蕊,副教授,副教授,,,http://csee.hnu.edu.cn/teacher/syjs/25
F02504,湖南大学,长沙,985/211/双一流,信息科学与工程学院,李锦新,副教授,副教授,,,http://csee.hnu.edu.cn/teacher/syjs/25
F02505,湖南大学,长沙,985/211/双一流,信息科学与工程学院,杜四春,副教授,副教授,,,http://csee.hnu.edu.cn/teacher/syjs/25
F02506,湖南大学,长沙,985/211/双一流,信息科学与工程学院,杨科华,副教授,副教授,,,http://csee.hnu.edu.cn/teacher/syjs/25
F02507,湖南大学,长沙,985/211/双一流,信息科学与工程学院,杨胜,副教授,副教授,,,http://csee.hnu.edu.cn/teacher/syjs/25
F02508,湖南大学,长沙,985/211/双一流,信息科学与工程学院,杨超,副教授,副教授,,,http://csee.hnu.edu.cn/teacher/syjs/25
F02509,湖南大学,长沙,985/211/双一流,信息科学与工程学院,林剑新,副教授,副教授,,,http://csee.hnu.edu.cn/teacher/syjs/25
F02510,湖南大学,长沙,985/211/双一流,信息科学与工程学院,林红利,副教授,副教授,,,http://csee.hnu.edu.cn/teacher/syjs/25
F02511,湖南大学,长沙,985/211/双一流,信息科学与工程学院,欧阳柳波,副教授,副教授,,,http://csee.hnu.edu.cn/teacher/syjs/25
F02512,湖南大学,长沙,985/211/双一流,信息科学与工程学院,洪庆辉,副教授,副教授,,,http://csee.hnu.edu.cn/teacher/syjs/25
F02513,湖南大学,长沙,985/211/双一流,信息科学与工程学院,王小平,副教授,副教授,,,http://csee.hnu.edu.cn/teacher/syjs/25
F02514,湖南大学,长沙,985/211/双一流,信息科学与工程学院,王汉武,副教授,副教授,,,http://csee.hnu.edu.cn/teacher/syjs/25
F02515,湖南大学,长沙,985/211/双一流,信息科学与工程学院,田泽安,副教授,副教授,,,http://csee.hnu.edu.cn/teacher/syjs/25
F02516,湖南大学,长沙,985/211/双一流,信息科学与工程学院,章成源,副教授,副教授,,,http://csee.hnu.edu.cn/teacher/syjs/25
F02517,湖南大学,长沙,985/211/双一流,信息科学与工程学院,罗志年,副教授,副教授,,,http://csee.hnu.edu.cn/teacher/syjs/25
F02518,湖南大学,长沙,985/211/双一流,信息科学与工程学院,罗纲,副教授,副教授,,,http://csee.hnu.edu.cn/people/luogang
F02519,湖南大学,长沙,985/211/双一流,信息科学与工程学院,肖光意,副教授,副教授,,,http://csee.hnu.edu.cn/teacher/syjs/25
F02520,湖南大学,长沙,985/211/双一流,信息科学与工程学院,肖玲,副教授,副教授,,,http://csee.hnu.edu.cn/teacher/syjs/25
F02521,湖南大学,长沙,985/211/双一流,信息科学与工程学院,肖要强,副教授,副教授,,,http://csee.hnu.edu.cn/teacher/syjs/25
F02522,湖南大学,长沙,985/211/双一流,信息科学与工程学院,肖雄仁,副教授,副教授,,,http://csee.hnu.edu.cn/teacher/syjs/25
F02523,湖南大学,长沙,985/211/双一流,信息科学与工程学院,胡军,副教授,副教授,,,http://csee.hnu.edu.cn/teacher/syjs/25
F02524,湖南大学,长沙,985/211/双一流,信息科学与工程学院,胡逸騉,副教授,副教授,,,http://csee.hnu.edu.cn/teacher/syjs/25
F02525,湖南大学,长沙,985/211/双一流,信息科学与工程学院,蔡宇辉,副教授,副教授,人工智能、图像处理、网络安全,,http://csee.hnu.edu.cn/people/caiyuhui
F02526,湖南大学,长沙,985/211/双一流,信息科学与工程学院,蔡敏捷,副教授,副教授,,,http://csee.hnu.edu.cn/teacher/syjs/25
F02527,湖南大学,长沙,985/211/双一流,信息科学与工程学院,袁进,副教授,副教授,,,http://csee.hnu.edu.cn/teacher/syjs/25
F02528,湖南大学,长沙,985/211/双一流,信息科学与工程学院,许莹,副教授,副教授,,,http://csee.hnu.edu.cn/teacher/syjs/25
F02529,湖南大学,长沙,985/211/双一流,信息科学与工程学院,谢晓艳,副教授,副教授,计算机应用与开发、数据库技术 中文名： 谢晓艳 英文名： 学历：,,http://csee.hnu.edu.cn/people/xiexiaooyan
F02530,湖南大学,长沙,985/211/双一流,信息科学与工程学院,谷长龙,副教授,副教授,生物数据挖掘 中文名： 谷长龙 英文名： 学历：,,http://csee.hnu.edu.cn/people/guchanglong
F02531,湖南大学,长沙,985/211/双一流,信息科学与工程学院,贺再红,副教授,副教授,计算机输入输出系统（I/O）性能加速与优化策略,,http://csee.hnu.edu.cn/people/hezaihong
F02532,湖南大学,长沙,985/211/双一流,信息科学与工程学院,车联网,副教授,副教授,,,http://csee.hnu.edu.cn/teacher/syjs/25
F02533,湖南大学,长沙,985/211/双一流,信息科学与工程学院,边耐政,副教授,副教授,,,http://csee.hnu.edu.cn/teacher/syjs/25
F02534,湖南大学,长沙,985/211/双一流,信息科学与工程学院,陆绍飞,副教授,副教授,,,http://csee.hnu.edu.cn/teacher/syjs/25
F02535,湖南大学,长沙,985/211/双一流,信息科学与工程学院,陈娟,副教授,副教授,,,http://csee.hnu.edu.cn/people/chenjuan
F02536,湖南大学,长沙,985/211/双一流,信息科学与工程学院,陈湘涛,副教授,副教授,,,http://csee.hnu.edu.cn/teacher/syjs/25
F02537,湖南大学,长沙,985/211/双一流,信息科学与工程学院,陈长建,副教授,副教授,,,http://csee.hnu.edu.cn/teacher/syjs/25
F02538,湖南大学,长沙,985/211/双一流,信息科学与工程学院,魏恒峰,副教授,副教授,,,http://csee.hnu.edu.cn/teacher/syjs/25
F02539,湖南大学,长沙,985/211/双一流,信息科学与工程学院,黄丽达,副教授,副教授,实时计算，嵌入式系统,,http://csee.hnu.edu.cn/people/huanglida
F02540,湖南大学,长沙,985/211/双一流,信息科学与工程学院,黄柯文,副教授,副教授,,0000-0002-6223-6153,http://csee.hnu.edu.cn/teacher/syjs/25
F02541,湖南大学,长沙,985/211/双一流,信息科学与工程学院,黄贤伟,副教授,副教授,,,http://csee.hnu.edu.cn/teacher/syjs/25
F02542,湖南大学,长沙,985/211/双一流,信息科学与工程学院,黎文伟,副教授,副教授,,,http://csee.hnu.edu.cn/teacher/syjs/25
F02543,湖南大学,长沙,985/211/双一流,信息科学与工程学院,李欢,特聘副研究员,副研究员,,,http://csee.hnu.edu.cn/teacher/syjs/65
F02544,湖南大学,长沙,985/211/双一流,信息科学与工程学院,湖大官网,特聘副研究员,副研究员,,,http://csee.hnu.edu.cn/teacher/syjs/65
F02545,湖南大学,长沙,985/211/双一流,信息科学与工程学院,吴建辉,助理教授,助理教授,,,http://csee.hnu.edu.cn/teacher/syjs/40
F02546,湖南大学,长沙,985/211/双一流,信息科学与工程学院,周军海,助理教授,助理教授,,,http://csee.hnu.edu.cn/teacher/syjs/40
F02547,湖南大学,长沙,985/211/双一流,信息科学与工程学院,周振宇,助理教授,助理教授,,,http://csee.hnu.edu.cn/teacher/syjs/40
F02548,湖南大学,长沙,985/211/双一流,信息科学与工程学院,夏艳,助理教授,助理教授,,,http://csee.hnu.edu.cn/teacher/syjs/40
F02549,湖南大学,长沙,985/211/双一流,信息科学与工程学院,徐进锋,助理教授,助理教授,,,http://csee.hnu.edu.cn/teacher/syjs/40
F02550,湖南大学,长沙,985/211/双一流,信息科学与工程学院,智慧城市,助理教授,助理教授,,,http://csee.hnu.edu.cn/teacher/syjs/40
F02551,湖南大学,长沙,985/211/双一流,信息科学与工程学院,李珩,助理教授,助理教授,,,http://csee.hnu.edu.cn/teacher/syjs/40
F02552,湖南大学,长沙,985/211/双一流,信息科学与工程学院,杜青松,助理教授,助理教授,,,http://csee.hnu.edu.cn/teacher/syjs/40
F02553,湖南大学,长沙,985/211/双一流,信息科学与工程学院,欧春晖,助理教授,助理教授,,,http://csee.hnu.edu.cn/teacher/syjs/40
F02554,湖南大学,长沙,985/211/双一流,信息科学与工程学院,殷明珠,助理教授,助理教授,,,http://csee.hnu.edu.cn/teacher/syjs/40
F02555,湖南大学,长沙,985/211/双一流,信息科学与工程学院,潘华伟,助理教授,助理教授,,,http://csee.hnu.edu.cn/teacher/syjs/40
F02556,湖南大学,长沙,985/211/双一流,信息科学与工程学院,王伟胜,助理教授,助理教授,,,http://csee.hnu.edu.cn/teacher/syjs/40
F02557,湖南大学,长沙,985/211/双一流,信息科学与工程学院,王怡君,助理教授,助理教授,,,http://csee.hnu.edu.cn/teacher/syjs/40
F02558,湖南大学,长沙,985/211/双一流,信息科学与工程学院,王昊天,助理教授,助理教授,,,http://csee.hnu.edu.cn/teacher/syjs/40
F02559,湖南大学,长沙,985/211/双一流,信息科学与工程学院,王涛,助理教授,助理教授,,,http://csee.hnu.edu.cn/teacher/syjs/40
F02560,湖南大学,长沙,985/211/双一流,信息科学与工程学院,罗文晟,助理教授,助理教授,,,http://csee.hnu.edu.cn/teacher/syjs/40
F02561,湖南大学,长沙,985/211/双一流,信息科学与工程学院,胡南,助理教授,助理教授,,,http://csee.hnu.edu.cn/teacher/syjs/40
F02562,湖南大学,长沙,985/211/双一流,信息科学与工程学院,袁小坊,助理教授,助理教授,,,http://csee.hnu.edu.cn/teacher/syjs/40
F02563,湖南大学,长沙,985/211/双一流,信息科学与工程学院,尹旦,助理研究员,助理研究员,,,http://csee.hnu.edu.cn/teacher/syjs/70
F02564,湖南大学,长沙,985/211/双一流,信息科学与工程学院,何晶,教授,教授,,,http://csee.hnu.edu.cn/teacher/syjs/10
F02565,湖南大学,长沙,985/211/双一流,信息科学与工程学院,傅喜泉,教授,教授,,,http://csee.hnu.edu.cn/teacher/syjs/10
F02566,湖南大学,长沙,985/211/双一流,信息科学与工程学院,全哲,教授,教授,,0000-0003-2669-9190,http://csee.hnu.edu.cn/teacher/syjs/10
F02567,湖南大学,长沙,985/211/双一流,信息科学与工程学院,刘楚波,教授,教授,,,http://csee.hnu.edu.cn/teacher/syjs/10
F02568,湖南大学,长沙,985/211/双一流,信息科学与工程学院,刘璇,教授,教授,,,http://csee.hnu.edu.cn/teacher/syjs/10
F02569,湖南大学,长沙,985/211/双一流,信息科学与工程学院,刘益萍,教授,教授,,,http://csee.hnu.edu.cn/teacher/syjs/10
F02570,湖南大学,长沙,985/211/双一流,信息科学与工程学院,卢新国,教授,教授,,,http://csee.hnu.edu.cn/teacher/syjs/10
F02571,湖南大学,长沙,985/211/双一流,信息科学与工程学院,吴帆,教授,教授,,,http://csee.hnu.edu.cn/teacher/syjs/10
F02572,湖南大学,长沙,985/211/双一流,信息科学与工程学院,周四望,教授,教授,,,http://csee.hnu.edu.cn/teacher/syjs/10
F02573,湖南大学,长沙,985/211/双一流,信息科学与工程学院,周旭,教授,教授,,,http://csee.hnu.edu.cn/teacher/syjs/10
F02574,湖南大学,长沙,985/211/双一流,信息科学与工程学院,唐卓,教授,教授,,0000-0001-9081-8153,http://csee.hnu.edu.cn/teacher/syjs/10
F02575,湖南大学,长沙,985/211/双一流,信息科学与工程学院,姜文君,教授,教授,,,http://csee.hnu.edu.cn/teacher/syjs/10
F02576,湖南大学,长沙,985/211/双一流,信息科学与工程学院,安吉尧,教授,教授,,,http://csee.hnu.edu.cn/teacher/syjs/10
F02577,湖南大学,长沙,985/211/双一流,信息科学与工程学院,宋勃升,教授,教授,,,http://csee.hnu.edu.cn/teacher/syjs/10
F02578,湖南大学,长沙,985/211/双一流,信息科学与工程学院,常万里,教授,教授,,,http://csee.hnu.edu.cn/teacher/syjs/10
F02579,湖南大学,长沙,985/211/双一流,信息科学与工程学院,张周,教授,教授,,,http://csee.hnu.edu.cn/teacher/syjs/10
F02580,湖南大学,长沙,985/211/双一流,信息科学与工程学院,张子兴,教授,教授,,,http://csee.hnu.edu.cn/teacher/syjs/10
F02581,湖南大学,长沙,985/211/双一流,信息科学与工程学院,张羽丰,教授,教授,,,http://csee.hnu.edu.cn/teacher/syjs/10
F02582,湖南大学,长沙,985/211/双一流,信息科学与工程学院,张英杰,教授,教授,,,http://csee.hnu.edu.cn/teacher/syjs/10
F02583,湖南大学,长沙,985/211/双一流,信息科学与工程学院,彭绍亮,教授,教授,,,http://csee.hnu.edu.cn/teacher/syjs/10
F02584,湖南大学,长沙,985/211/双一流,信息科学与工程学院,按岗位,教授,教授,,,https://csee.hnu.edu.cn/xygk/szll.htm
F02585,湖南大学,长沙,985/211/双一流,信息科学与工程学院,曾凡仔,教授,教授,,,http://csee.hnu.edu.cn/teacher/syjs/10
F02586,湖南大学,长沙,985/211/双一流,信息科学与工程学院,朱宁波,教授,教授,,,http://csee.hnu.edu.cn/teacher/syjs/10
F02587,湖南大学,长沙,985/211/双一流,信息科学与工程学院,李仁发,教授,教授,,,http://csee.hnu.edu.cn/teacher/syjs/10
F02588,湖南大学,长沙,985/211/双一流,信息科学与工程学院,李克勤,教授,教授,,,http://csee.hnu.edu.cn/teacher/syjs/10
F02589,湖南大学,长沙,985/211/双一流,信息科学与工程学院,李智勇,教授,教授,,,http://csee.hnu.edu.cn/teacher/syjs/10
F02590,湖南大学,长沙,985/211/双一流,信息科学与工程学院,李桐,教授,教授,,,http://csee.hnu.edu.cn/teacher/syjs/10
F02591,湖南大学,长沙,985/211/双一流,信息科学与工程学院,李瑞辉,教授,教授,,,http://csee.hnu.edu.cn/teacher/syjs/10
F02592,湖南大学,长沙,985/211/双一流,信息科学与工程学院,李肯立,教授,教授,,,http://csee.hnu.edu.cn/teacher/syjs/10
F02593,湖南大学,长沙,985/211/双一流,信息科学与工程学院,杨亮,教授,教授,,,http://csee.hnu.edu.cn/teacher/syjs/10
F02594,湖南大学,长沙,985/211/双一流,信息科学与工程学院,杨华,教授,教授,,,http://csee.hnu.edu.cn/teacher/syjs/10
F02595,湖南大学,长沙,985/211/双一流,信息科学与工程学院,杨圣洪,教授,教授,,,http://csee.hnu.edu.cn/teacher/syjs/15
F02596,湖南大学,长沙,985/211/双一流,信息科学与工程学院,杨磊,教授,教授,,,http://csee.hnu.edu.cn/teacher/syjs/10
F02597,湖南大学,长沙,985/211/双一流,信息科学与工程学院,杨金民,教授,教授,,,http://csee.hnu.edu.cn/teacher/syjs/10
F02598,湖南大学,长沙,985/211/双一流,信息科学与工程学院,杨高波,教授,教授,,,http://csee.hnu.edu.cn/teacher/syjs/10
F02599,湖南大学,长沙,985/211/双一流,信息科学与工程学院,林亚平,教授,教授,,,http://csee.hnu.edu.cn/teacher/syjs/10
F02600,湖南大学,长沙,985/211/双一流,信息科学与工程学院,湖大微信,教授,教授,,,http://csee.hnu.edu.cn/teacher/syjs/15
F02601,湖南大学,长沙,985/211/双一流,信息科学与工程学院,湖大微博,教授,教授,,,http://csee.hnu.edu.cn/teacher/syjs/15
F02602,湖南大学,长沙,985/211/双一流,信息科学与工程学院,王春华,教授,教授,,,http://csee.hnu.edu.cn/teacher/syjs/10
F02603,湖南大学,长沙,985/211/双一流,信息科学与工程学院,王树林,教授,教授,,,http://csee.hnu.edu.cn/teacher/syjs/10
F02604,湖南大学,长沙,985/211/双一流,信息科学与工程学院,王锋,教授,教授,,,http://csee.hnu.edu.cn/teacher/syjs/10
F02605,湖南大学,长沙,985/211/双一流,信息科学与工程学院,白艳锋,教授,教授,,,http://csee.hnu.edu.cn/teacher/syjs/10
F02606,湖南大学,长沙,985/211/双一流,信息科学与工程学院,皮慧龙,教授,教授,,,http://csee.hnu.edu.cn/teacher/syjs/10
F02607,湖南大学,长沙,985/211/双一流,信息科学与工程学院,移动健康,教授,教授,,,http://csee.hnu.edu.cn/teacher/syjs/10
F02608,湖南大学,长沙,985/211/双一流,信息科学与工程学院,罗娟,教授,教授,,0009-0005-6097-1559,http://csee.hnu.edu.cn/teacher/syjs/10
F02609,湖南大学,长沙,985/211/双一流,信息科学与工程学院,罗辉章,教授,教授,,,http://csee.hnu.edu.cn/teacher/syjs/10
F02610,湖南大学,长沙,985/211/双一流,信息科学与工程学院,肖国庆,教授,教授,,,http://csee.hnu.edu.cn/teacher/syjs/10
F02611,湖南大学,长沙,985/211/双一流,信息科学与工程学院,肖德贵,教授,教授,,,http://csee.hnu.edu.cn/teacher/syjs/10
F02612,湖南大学,长沙,985/211/双一流,信息科学与工程学院,肖正,教授,教授,,0000-0003-1144-7599,http://csee.hnu.edu.cn/teacher/syjs/10
F02613,湖南大学,长沙,985/211/双一流,信息科学与工程学院,肖竹,教授,教授,,0000-0001-5645-160X,http://csee.hnu.edu.cn/teacher/syjs/10
F02614,湖南大学,长沙,985/211/双一流,信息科学与工程学院,荣辉桂,教授,教授,,,http://csee.hnu.edu.cn/teacher/syjs/10
F02615,湖南大学,长沙,985/211/双一流,信息科学与工程学院,蒋斌,教授,教授,,,http://csee.hnu.edu.cn/teacher/syjs/10
F02616,湖南大学,长沙,985/211/双一流,信息科学与工程学院,蒋洪波,教授,教授,,,http://csee.hnu.edu.cn/teacher/syjs/10
F02617,湖南大学,长沙,985/211/双一流,信息科学与工程学院,蔡立军,教授,教授,,,http://csee.hnu.edu.cn/teacher/syjs/10
F02618,湖南大学,长沙,985/211/双一流,信息科学与工程学院,谢国琪,教授,教授,,,http://csee.hnu.edu.cn/teacher/syjs/10
F02619,湖南大学,长沙,985/211/双一流,信息科学与工程学院,谢鲲,教授,教授,,0000-0002-2163-2723,http://csee.hnu.edu.cn/teacher/syjs/10
F02620,湖南大学,长沙,985/211/双一流,信息科学与工程学院,谭光华,教授,教授,,,http://csee.hnu.edu.cn/teacher/syjs/10
F02621,湖南大学,长沙,985/211/双一流,信息科学与工程学院,谭怀亮,教授,教授,,,http://csee.hnu.edu.cn/teacher/syjs/10
F02622,湖南大学,长沙,985/211/双一流,信息科学与工程学院,贺旭,教授,教授,,,http://csee.hnu.edu.cn/teacher/syjs/10
F02623,湖南大学,长沙,985/211/双一流,信息科学与工程学院,赵捷,教授,教授,,,http://csee.hnu.edu.cn/teacher/syjs/10
F02624,湖南大学,长沙,985/211/双一流,信息科学与工程学院,赵欢,教授,教授,,,http://csee.hnu.edu.cn/teacher/syjs/10
F02625,湖南大学,长沙,985/211/双一流,信息科学与工程学院,金敏,教授,教授,,0009-0004-7062-0106,http://csee.hnu.edu.cn/teacher/syjs/10
F02626,湖南大学,长沙,985/211/双一流,信息科学与工程学院,钟雄虎,教授,教授,,,http://csee.hnu.edu.cn/teacher/syjs/10
F02627,湖南大学,长沙,985/211/双一流,信息科学与工程学院,阳王东,教授,教授,,,http://csee.hnu.edu.cn/teacher/syjs/10
F02628,湖南大学,长沙,985/211/双一流,信息科学与工程学院,陈华,教授,教授,,,http://csee.hnu.edu.cn/teacher/syjs/10
F02629,湖南大学,长沙,985/211/双一流,信息科学与工程学院,陈果,教授,教授,,,http://csee.hnu.edu.cn/teacher/syjs/10
F02630,湖南大学,长沙,985/211/双一流,信息科学与工程学院,陈浩,教授,教授,,,http://csee.hnu.edu.cn/teacher/syjs/10
F02631,湖南大学,长沙,985/211/双一流,信息科学与工程学院,陈浩文,教授,教授,,,http://csee.hnu.edu.cn/teacher/syjs/10
F02632,湖南大学,长沙,985/211/双一流,信息科学与工程学院,韩静,教授,教授,,,http://csee.hnu.edu.cn/teacher/syjs/10
F02633,湖南大学,长沙,985/211/双一流,信息科学与工程学院,骆嘉伟,教授,教授,,,http://csee.hnu.edu.cn/teacher/syjs/10
F02634,湖南大学,长沙,985/211/双一流,信息科学与工程学院,黄生叶,教授,教授,,,http://csee.hnu.edu.cn/teacher/syjs/10
F02635,湖南大学,长沙,985/211/双一流,信息科学与工程学院,夏飞,特聘研究员,研究员,人工智能与机器学习、计算机应用技术,0009-0008-5708-7836,http://csee.hnu.edu.cn/people/xiafei
F02636,湖南大学,长沙,985/211/双一流,信息科学与工程学院,张百达,特聘研究员,研究员,强化学习、机器人,,http://csee.hnu.edu.cn/people/zhangbaida
F02637,湖南大学,长沙,985/211/双一流,信息科学与工程学院,朱国富,特聘研究员,研究员,雷达系统，雷达信号处理，超宽带UWB雷达，毫米波mmw雷达，合成孔径雷达SAR，动目标指示雷达MTI,,http://csee.hnu.edu.cn/people/zhuguofu
F02638,湖南大学,长沙,985/211/双一流,信息科学与工程学院,秦玉亮,特聘研究员,研究员,雷达信号与信息处理,,http://csee.hnu.edu.cn/people/qinyuliang
F02639,湖南大学,长沙,985/211/双一流,信息科学与工程学院,缪嘉嘉,特聘研究员,研究员,信息安全与保密,,http://csee.hnu.edu.cn/people/liaojiajia
F02640,湖南大学,长沙,985/211/双一流,信息科学与工程学院,许邦建,特聘研究员,研究员,新兴交叉融合方向：（1）RISC-V处理器及片上系统SoC芯片（2）深度学习算法及专用处理芯片（3）现代智能信息处理技术（4）软件算法与软件工程（5）高性能计算技术,,http://csee.hnu.edu.cn/people/xubangjian
F02641,湖南大学,长沙,985/211/双一流,信息科学与工程学院,刘智明,讲师,讲师,,,http://csee.hnu.edu.cn/people/lizhiming
F02642,湖南大学,长沙,985/211/双一流,信息科学与工程学院,周波,讲师,讲师,软件工程、病毒、电子商务、网络技术及应用、计算数学 通信,,http://csee.hnu.edu.cn/people/zhoubo
F02643,湖南大学,长沙,985/211/双一流,信息科学与工程学院,文佳宝,讲师,讲师,,,http://csee.hnu.edu.cn/people/wenjianbao
F02644,湖南大学,长沙,985/211/双一流,信息科学与工程学院,易卫,讲师,讲师,,,http://csee.hnu.edu.cn/people/yiwei
F02645,湖南大学,长沙,985/211/双一流,信息科学与工程学院,杨晓波,讲师,讲师,,,http://csee.hnu.edu.cn/people/yangxiaobo
F02646,湖南大学,长沙,985/211/双一流,信息科学与工程学院,杨柳,讲师,讲师,软件工程、图像处理等,,http://csee.hnu.edu.cn/people/yangliu
F02647,湖南大学,长沙,985/211/双一流,信息科学与工程学院,胡红平,讲师,讲师,,,http://csee.hnu.edu.cn/people/huhongping
F02648,湖南大学,长沙,985/211/双一流,信息科学与工程学院,莫铁强,讲师,讲师,,,http://csee.hnu.edu.cn/people/motieqiang
F02649,湖南大学,长沙,985/211/双一流,信息科学与工程学院,蔡洁,讲师,讲师,,,http://csee.hnu.edu.cn/people/caijie
F02650,湖南大学,长沙,985/211/双一流,信息科学与工程学院,马征,讲师,讲师,软件工程与数据挖掘,,http://csee.hnu.edu.cn/people/mazheng
F02651,湖南大学,长沙,985/211/双一流,信息科学与工程学院,黄友荣,讲师,讲师,信息安全，车载网络 中文名： 黄友荣 英文名： 学历：,,http://csee.hnu.edu.cn/people/huangyourong
F02652,湖南大学,长沙,985/211/双一流,信息科学与工程学院,龚文胜,讲师,讲师,,,http://csee.hnu.edu.cn/people/gongwensheng
F02653,湖南师范大学,长沙,211/双一流,信息科学与工程学院,付玉,,其他,"University of Nevada, Reno Postdoctoral Fellow 2020-2021 University of Rochester Postdoctoral Fellow/Research Scientist 2016-2020 --> 社会任职 【查看更多】 Université de Rennes 1 Sciences de la Terre 博士",,https://scholar.hunnu.edu.cn/fuyu/
F02654,湖南师范大学,长沙,211/双一流,信息科学与工程学院,付维娜,,其他,Research Focus,,https://scholar.hunnu.edu.cn/fuweina/
F02655,湖南师范大学,长沙,211/双一流,信息科学与工程学院,周慧,,其他,学习经历,,https://scholar.hunnu.edu.cn/zhouhui1859/
F02656,湖南师范大学,长沙,211/双一流,信息科学与工程学院,曾道建,,其他,Research Focus,,https://scholar.hunnu.edu.cn/zengdaojian/
F02657,湖南师范大学,长沙,211/双一流,信息科学与工程学院,李重文,,其他,学习经历,,https://scholar.hunnu.edu.cn/lizhongwen/
F02658,湖南师范大学,长沙,211/双一流,信息科学与工程学院,沈玲,,其他,Research Focus,,https://scholar.hunnu.edu.cn/shenling/
F02659,湖南师范大学,长沙,211/双一流,信息科学与工程学院,王学平,,其他,Research Focus,,https://scholar.hunnu.edu.cn/wangxueping/
F02660,湖南师范大学,长沙,211/双一流,信息科学与工程学院,罗莎,,其他,Research Focus,0000-0001-8942-8350,https://scholar.hunnu.edu.cn/luosha/
F02661,湖南师范大学,长沙,211/双一流,信息科学与工程学院,肖慧,,其他,Research Focus,,https://scholar.hunnu.edu.cn/xiaohui/
F02662,湖南师范大学,长沙,211/双一流,信息科学与工程学院,董俊,,其他,Research Focus,,https://scholar.hunnu.edu.cn/dongjun/
F02663,湖南师范大学,长沙,211/双一流,信息科学与工程学院,邹力耕,,其他,Research Focus,,https://scholar.hunnu.edu.cn/zouligeng/
F02664,湖南师范大学,长沙,211/双一流,信息科学与工程学院,高协平,,其他,Research Focus,,https://scholar.hunnu.edu.cn/gaoxieping/
F02665,湖南师范大学,长沙,211/双一流,信息科学与工程学院,钟坚成,副教授,副教授,,,https://scholar.hunnu.edu.cn/zhongjiancheng/
F02666,湖南师范大学,长沙,211/双一流,信息科学与工程学院,代建华,特聘教授,教授,,,https://scholar.hunnu.edu.cn/daijianhua/
F02667,湖南师范大学,长沙,211/双一流,信息科学与工程学院,张锦,教授,教授,软件工程、人工智能等,,https://cise.hunnu.edu.cn/info/1055/7366.htm
F02668,湖南师范大学,长沙,211/双一流,信息科学与工程学院,杜保强,特聘教授,教授,,,https://scholar.hunnu.edu.cn/dubaoqiang/
F02669,湖南师范大学,长沙,211/双一流,信息科学与工程学院,目前,教授,教授,,,http://cise.hunnu.edu.cn/szdw1.htm
F02670,湖南师范大学,长沙,211/双一流,信息科学与工程学院,余建平,讲师,讲师,,,https://scholar.hunnu.edu.cn/yujianping/
F02671,电子科技大学,成都,985/211/双一流,信息与通信工程学院,严济鸿,高级工程师,其他,信号与信息处理,,http://www.sice.uestc.edu.cn/info/1455/11856.htm
F02672,电子科技大学,成都,985/211/双一流,信息与通信工程学院,付毓生,高级工程师,其他,信号处理、生物电子、网络科学与技术,,http://www.sice.uestc.edu.cn/info/1454/11840.htm
F02673,电子科技大学,成都,985/211/双一流,信息与通信工程学院,任春辉,高级工程师,其他,电子对抗、统计信号处理、非合作信号处理技术等,,http://www.sice.uestc.edu.cn/info/1454/11841.htm
F02674,电子科技大学,成都,985/211/双一流,信息与通信工程学院,保骏,实验师,其他,雷达信号处理、通信信号处理，数字接收机设计，包括对PM、BPSK、QPSK、SQPSK、UQPSK等各类信号模式的接收、解调及频率捕获设计，特别是对扩频接收机的PN码、载波的跟踪环路有较深入的研究,,http://www.sice.uestc.edu.cn/info/1456/15605.htm
F02675,电子科技大学,成都,985/211/双一流,信息与通信工程学院,冯振宇,,其他,无线传感器网络，分布式状态估计,,http://www.sice.uestc.edu.cn/info/1520/12655.htm
F02676,电子科技大学,成都,985/211/双一流,信息与通信工程学院,冯瀚葱,,其他,（先进体制）雷达信号侦察，智能信号处理,,http://www.sice.uestc.edu.cn/info/1520/16024.htm
F02677,电子科技大学,成都,985/211/双一流,信息与通信工程学院,孙健,高级工程师,其他,计算机通信网、移动互联网、物联网技术、网络与信息安全、大数据与数据挖掘、机器学习与人工智能等,,http://www.sice.uestc.edu.cn/info/1454/11842.htm
F02678,电子科技大学,成都,985/211/双一流,信息与通信工程学院,张红雨,高级工程师,其他,物联网、嵌入式系统、机器视觉、信息安全等,,http://www.sice.uestc.edu.cn/info/1455/11857.htm
F02679,电子科技大学,成都,985/211/双一流,信息与通信工程学院,徐政五,高级工程师,其他,硕士： 081000 信息与通信工程 03方向：雷达探测与成像识别 09方向：机器学习与人工智能 10方向：信号与信息智能处理,,http://www.sice.uestc.edu.cn/info/1454/11844.htm
F02680,电子科技大学,成都,985/211/双一流,信息与通信工程学院,望明星,,其他,MIMO雷达、分布式相参雷达、高速目标探测等,,http://www.sice.uestc.edu.cn/info/1520/16683.htm
F02681,电子科技大学,成都,985/211/双一流,信息与通信工程学院,李桓,高级工程师,其他,航管二次雷达系统（含ADSB和IFF）、集群通信系统、卫星导航系统及硬件安全性分析等,,http://www.sice.uestc.edu.cn/info/1455/11852.htm
F02682,电子科技大学,成都,985/211/双一流,信息与通信工程学院,杨春平,高级工程师,其他,硕士： 081000 信息与通信工程 03方向：雷达探测与成像识别 06方向：图像与视频处理 10方向：信号与信息智能处理,,http://www.sice.uestc.edu.cn/info/1454/11845.htm
F02683,电子科技大学,成都,985/211/双一流,信息与通信工程学院,林仁杰,,其他,深度学习，可信人工智能，多视图学习,,http://www.sice.uestc.edu.cn/info/1520/15212.htm
F02684,电子科技大学,成都,985/211/双一流,信息与通信工程学院,段景山,高级工程师,其他,数据与计算机通信、网络组网技术、路由技术、无线自组织网技术、传感网络技术和应用、物联网技术、LTE协议体系等,,http://www.sice.uestc.edu.cn/info/1454/12589.htm
F02685,电子科技大学,成都,985/211/双一流,信息与通信工程学院,汪育苗,,其他,雷达自进化、智能目标检测、杂波抑制等,,http://www.sice.uestc.edu.cn/info/1520/14675.htm
F02686,电子科技大学,成都,985/211/双一流,信息与通信工程学院,熊英,高级工程师,其他,雷达侦察、干扰技术与系统、雷达有源干扰感知、对抗技术与系统,,http://www.sice.uestc.edu.cn/info/1454/11843.htm
F02687,电子科技大学,成都,985/211/双一流,信息与通信工程学院,王帅,高级工程师,其他,图像处理与重建（包括但不限于：可见光、X光、红外、微光、MRI、PET等图像）、人工智能应用与安全、多源信息融合、多无人平台协同等,,http://www.sice.uestc.edu.cn/info/1454/12694.htm
F02688,电子科技大学,成都,985/211/双一流,信息与通信工程学院,王忠荣,高级工程师,其他,图像处理、机器学习、无线通信,,http://www.sice.uestc.edu.cn/info/1455/15686.htm
F02689,电子科技大学,成都,985/211/双一流,信息与通信工程学院,王章静,高级工程师,其他,图像、雷达、激光雷达等多模态融合感知技术、多任务深度学习、软件化雷达中间件、知识库技术、多模态SLAM技术等,,http://www.sice.uestc.edu.cn/info/1455/11855.htm
F02690,电子科技大学,成都,985/211/双一流,信息与通信工程学院,胡永忠,高级工程师,其他,智能信号处理、模式识别、计算机测控技术等,,http://www.sice.uestc.edu.cn/info/1455/11851.htm
F02691,电子科技大学,成都,985/211/双一流,信息与通信工程学院,莫李思,高级工程师,其他,网络拓扑测量，网络空间可视化，分布式系统,,http://www.sice.uestc.edu.cn/info/1455/11853.htm
F02692,电子科技大学,成都,985/211/双一流,信息与通信工程学院,蒲恬,高级工程师,其他,目标检测与识别，智能信息处理、图像处理与机器视觉应用,,http://www.sice.uestc.edu.cn/info/1455/12697.htm
F02693,电子科技大学,成都,985/211/双一流,信息与通信工程学院,覃昊洁,高级工程师,其他,嵌入式微系统设计、物联网芯片与系统、人工智能与物联网定位,,http://www.sice.uestc.edu.cn/info/1455/11858.htm
F02694,电子科技大学,成都,985/211/双一流,信息与通信工程学院,陈新宇,高级工程师,其他,长期从事于数字音像信号处理、广播工程技术方面的研究工作，在其课题组所参与研究的磁光盘录音机、Cobranet音频路由器等产品，曾荣获省部级的奖励，在广播界已有了大量实际应用，获得较好的评价。在国内相关专业核心期刊发表论文多篇,,http://www.sice.uestc.edu.cn/info/1455/11849.htm
F02695,电子科技大学,成都,985/211/双一流,信息与通信工程学院,陈海锋,,其他,光纤传感与信号处理及应用技术技术研究,,http://www.sice.uestc.edu.cn/info/1520/14672.htm
F02696,电子科技大学,成都,985/211/双一流,信息与通信工程学院,顾庆水,高级工程师,其他,无线与移动通信系统、信号与信息智能处理、嵌入式系统设计,,http://www.sice.uestc.edu.cn/info/1455/15225.htm
F02697,电子科技大学,成都,985/211/双一流,信息与通信工程学院,于富财,副教授,副教授,网络测量、网络仿真、自然语言处理、传感器网络,,http://www.sice.uestc.edu.cn/info/1451/11794.htm
F02698,电子科技大学,成都,985/211/双一流,信息与通信工程学院,于秦,副教授,副教授,数能一体化网络、低功耗设备无线充电、物联网技术、无线传感网络及信息安全等,,http://www.sice.uestc.edu.cn/info/1451/11795.htm
F02699,电子科技大学,成都,985/211/双一流,信息与通信工程学院,于雪莲,副教授,副教授,雷达目标检测，雷达目标识别，机器学习，医学图像重建,,http://www.sice.uestc.edu.cn/info/1451/11796.htm
F02700,电子科技大学,成都,985/211/双一流,信息与通信工程学院,伍瑞卿,副教授,副教授,硕士： 081000 信息与通信工程 04方向：智能通信网络与信息处理 06方向：图像与视频处理 09方向：机器学习与人工智能,,http://www.sice.uestc.edu.cn/info/1451/11780.htm
F02701,电子科技大学,成都,985/211/双一流,信息与通信工程学院,何艳敏,副教授,副教授,1.图像处理与分析；2.遥感图像处理与目标检测；3.地球探测与信息技术应用；4.机器视觉算法及工业应用等,,http://www.sice.uestc.edu.cn/info/1451/11731.htm
F02702,电子科技大学,成都,985/211/双一流,信息与通信工程学院,况凌,副教授,副教授,新体制雷达系统、大规模高速实时信号处理、雷达目标识别与成像、大阵列信号处理等,,http://www.sice.uestc.edu.cn/info/1451/11739.htm
F02703,电子科技大学,成都,985/211/双一流,信息与通信工程学院,刘喆,副教授,副教授,长期从事新体制SAR成像理论与机器学习结合的信号处理技术研究，在双基地前视SAR高精度信号处理以及高分宽幅星载SAR高精度成像处理方面取得重要进展，发表论文三十余篇，授权发明专利二十余项,,http://www.sice.uestc.edu.cn/info/1451/11749.htm
F02704,电子科技大学,成都,985/211/双一流,信息与通信工程学院,刘洪盛,副教授,副教授,"图像处理,图像测量,重点关注图像序列中行人的检测,识别,姿态及建模",,http://www.sice.uestc.edu.cn/info/1451/11750.htm
F02705,电子科技大学,成都,985/211/双一流,信息与通信工程学院,吴凡,副教授,副教授,边缘智能网络、无线网络资源管理与优化、智能无线网络技术,,http://www.sice.uestc.edu.cn/info/1451/11776.htm
F02706,电子科技大学,成都,985/211/双一流,信息与通信工程学院,周亮,副教授,副教授,物联网智能芯片与微系统设计，智能传感网，通信信号分析与信息处理等,,http://www.sice.uestc.edu.cn/info/1451/11806.htm
F02707,电子科技大学,成都,985/211/双一流,信息与通信工程学院,夏威,副教授,副教授,自适应信号处理、阵列信号处理、雷达信号处理等,,http://www.sice.uestc.edu.cn/info/1451/11781.htm
F02708,电子科技大学,成都,985/211/双一流,信息与通信工程学院,姒强,副教授,副教授,硕士： 081000 信息与通信工程 01方向： 无线与移动通信系统 02方向： 抗干扰与安全通信系统 10方向： 信号与信息智能处理,,http://www.sice.uestc.edu.cn/info/1451/11812.htm
F02709,电子科技大学,成都,985/211/双一流,信息与通信工程学院,姜凯丽,副教授,副教授,超宽带信号接收；雷达信号侦察与干扰；雷达抗干扰效能评估,,http://www.sice.uestc.edu.cn/info/1451/15714.htm
F02710,电子科技大学,成都,985/211/双一流,信息与通信工程学院,孙稚超,副教授,副教授,雷达成像、雷达信号处理、优化算法,,http://www.sice.uestc.edu.cn/info/1451/12633.htm
F02711,电子科技大学,成都,985/211/双一流,信息与通信工程学院,安洪阳,副教授,副教授,认知/智能化雷达成像、智能决策、智能化信号处理等,,http://www.sice.uestc.edu.cn/info/1451/13753.htm
F02712,电子科技大学,成都,985/211/双一流,信息与通信工程学院,居太亮,副教授,副教授,声阵列信号处理、声学信号处理、实时信号处理、边信道攻防、硬件安全检测和分析等,,http://www.sice.uestc.edu.cn/info/1451/11738.htm
F02713,电子科技大学,成都,985/211/双一流,信息与通信工程学院,师君,副教授,副教授,合成孔径雷达成像，新体制合成孔径雷达等,,http://www.sice.uestc.edu.cn/info/1451/11766.htm
F02714,电子科技大学,成都,985/211/双一流,信息与通信工程学院,庄杰,副教授,副教授,阵列信号处理、MIMO无线通信、基于人工智能的信号处理、优化理论和算法等,0000-0001-7808-5276,http://www.sice.uestc.edu.cn/info/1451/11808.htm
F02715,电子科技大学,成都,985/211/双一流,信息与通信工程学院,廖昌俊,副教授,副教授,机器学习与人工智能、通信集成电路与系统、通信集成电路与系统等,,http://www.sice.uestc.edu.cn/info/1451/11744.htm
F02716,电子科技大学,成都,985/211/双一流,信息与通信工程学院,廖红舒,副教授,副教授,复杂信号分析识别、信道编码识别、网络安全与信息对抗等等,,http://www.sice.uestc.edu.cn/info/1451/11745.htm
F02717,电子科技大学,成都,985/211/双一流,信息与通信工程学院,廖轶,副教授,副教授,硕士： 081000 信息与通信工程 01方向：无线与移动通信系统 03方向：雷达探测与成像识别 10方向：信号与信息智能处理,,http://www.sice.uestc.edu.cn/info/1451/11747.htm
F02718,电子科技大学,成都,985/211/双一流,信息与通信工程学院,廖阔,副教授,副教授,雷达成像、雷达目标识别、模式识别、机器学习等,,http://www.sice.uestc.edu.cn/info/1451/11746.htm
F02719,电子科技大学,成都,985/211/双一流,信息与通信工程学院,张学敬,副教授,副教授,阵列信号处理理论及其在雷达、通信等领域中的应用,,http://www.sice.uestc.edu.cn/info/1451/11804.htm
F02720,电子科技大学,成都,985/211/双一流,信息与通信工程学院,张科,副教授,副教授,硕士： 081000 信息与通信工程 01方向：无线与移动通信系统 04方向：智能通信网络与信息处理 09方向：机器学习与人工智能,,http://www.sice.uestc.edu.cn/info/1451/11802.htm
F02721,电子科技大学,成都,985/211/双一流,信息与通信工程学院,张翔,副教授,副教授,计算机视觉及其在智能交通领域中的应用,,http://www.sice.uestc.edu.cn/info/1451/11803.htm
F02722,电子科技大学,成都,985/211/双一流,信息与通信工程学院,彭启航,副教授,副教授,智能通信系统与信号处理、认知无线电、频谱的智能干扰与抗干扰,,http://www.sice.uestc.edu.cn/info/1451/11761.htm
F02723,电子科技大学,成都,985/211/双一流,信息与通信工程学院,彭晓燕,副教授,副教授,信号与信息处理,,http://www.sice.uestc.edu.cn/info/1451/11762.htm
F02724,电子科技大学,成都,985/211/双一流,信息与通信工程学院,彭美娥,副教授,副教授,无线与移动通信、通信网络、通信信号与信息处理等,,http://www.sice.uestc.edu.cn/info/1451/11760.htm
F02725,电子科技大学,成都,985/211/双一流,信息与通信工程学院,文峰,副教授,副教授,非线性全光信号处理、光放大以及储备池计算等方向,0000-0001-6751-4899,http://www.sice.uestc.edu.cn/info/1451/11775.htm
F02726,电子科技大学,成都,985/211/双一流,信息与通信工程学院,曹永盛,副教授,副教授,光纤通信系统、光交换技术、全光网络,,http://www.sice.uestc.edu.cn/info/1451/11718.htm
F02727,电子科技大学,成都,985/211/双一流,信息与通信工程学院,曾辽原,副教授,副教授,多物理场肿瘤治疗、信号与信息智能处理、运动生物力学,,http://www.sice.uestc.edu.cn/info/1451/11799.htm
F02728,电子科技大学,成都,985/211/双一流,信息与通信工程学院,朱晓东,副教授,副教授,能量采集通信系统优化理论和算法、宽带无线通信系统频谱效率研究、机器学习在通信中的应用等,,http://www.sice.uestc.edu.cn/info/1451/11807.htm
F02729,电子科技大学,成都,985/211/双一流,信息与通信工程学院,李万春,副教授,副教授,电子对抗，统计信号处理，非合作信号处理与无源定位技术,,http://www.sice.uestc.edu.cn/info/1451/11742.htm
F02730,电子科技大学,成都,985/211/双一流,信息与通信工程学院,李军,副教授,副教授,自适应滤波、阵列信号处理、机载雷达、MIMO雷达、认知雷达等,,http://www.sice.uestc.edu.cn/info/1451/11740.htm
F02731,电子科技大学,成都,985/211/双一流,信息与通信工程学院,李武军,副教授,副教授,复杂背景雷达弱目标探测、集群目标跟踪与识别等,,http://www.sice.uestc.edu.cn/info/1451/16679.htm
F02732,电子科技大学,成都,985/211/双一流,信息与通信工程学院,李龙江,副教授,副教授,无线自组织网络、智能交互、三维可视化等,,http://www.sice.uestc.edu.cn/info/1451/11741.htm
F02733,电子科技大学,成都,985/211/双一流,信息与通信工程学院,杨宁,副教授,副教授,无线自组织网、物联网/无线传感器网络、下一代无线移动网络等,,http://www.sice.uestc.edu.cn/info/1451/11788.htm
F02734,电子科技大学,成都,985/211/双一流,信息与通信工程学院,杨帆,副教授,副教授,无线光通信，无线移动通信(5G、6G)，智能电网，物联网应用等,,http://www.sice.uestc.edu.cn/info/1451/11786.htm
F02735,电子科技大学,成都,985/211/双一流,信息与通信工程学院,杨拥军,副教授,副教授,通信信号处理、机器学习与信号处理、OAM成像算法等,,http://www.sice.uestc.edu.cn/info/1451/11789.htm
F02736,电子科技大学,成都,985/211/双一流,信息与通信工程学院,杨海芬,副教授,副教授,智能通信、认知通信、基于深度学习的通信信号处理与信号识别等,,http://www.sice.uestc.edu.cn/info/1451/11787.htm
F02737,电子科技大学,成都,985/211/双一流,信息与通信工程学院,杨熙,副教授,副教授,光纤微腔传感器、激光探针与器件、生物光子学技术、高性能生物感知系统,,http://www.sice.uestc.edu.cn/info/1451/15056.htm
F02738,电子科技大学,成都,985/211/双一流,信息与通信工程学院,杨远望,副教授,副教授,现代信息系统中的信号处理、数字模拟混合电路、频率合成技术,,http://www.sice.uestc.edu.cn/info/1451/11790.htm
F02739,电子科技大学,成都,985/211/双一流,信息与通信工程学院,杨錬,副教授,副教授,主要研究通信系统信号处理与信息安全理论，包括通信系统的信号侦收、智能识别与并行处理技术，卫星导航与定位技术，以及硬件安全的攻、防技术,,http://www.sice.uestc.edu.cn/info/1451/11791.htm
F02740,电子科技大学,成都,985/211/双一流,信息与通信工程学院,林蓉平,副教授,副教授,通信网络协议设计、机器学习、边缘计算,,http://www.sice.uestc.edu.cn/info/1451/11748.htm
F02741,电子科技大学,成都,985/211/双一流,信息与通信工程学院,段惠萍,副教授,副教授,阵列信号处理，压缩感知理论及其在信号处理中的应用,,http://www.sice.uestc.edu.cn/info/1451/11724.htm
F02742,电子科技大学,成都,985/211/双一流,信息与通信工程学院,段锐,副教授,副教授,雷达系统与信号处理,,http://www.sice.uestc.edu.cn/info/1451/11725.htm
F02743,电子科技大学,成都,985/211/双一流,信息与通信工程学院,殷吉昊,副教授,副教授,统计信号处理、定位理论与算法、阵列信号处理、优化理论与算法,,http://www.sice.uestc.edu.cn/info/1451/11792.htm
F02744,电子科技大学,成都,985/211/双一流,信息与通信工程学院,毛德庆,副教授,副教授,硕士： 081000 信息与通信工程 03雷达探测与成像识别 09机器学习与人工智能 10信号与信息智能处理,,http://www.sice.uestc.edu.cn/info/1451/15214.htm
F02745,电子科技大学,成都,985/211/双一流,信息与通信工程学院,汪玲,副教授,副教授,模式识别、机器视觉、深度学习等,,http://www.sice.uestc.edu.cn/info/1451/12699.htm
F02746,电子科技大学,成都,985/211/双一流,信息与通信工程学院,涂晓东,副教授,副教授,面向航空航天航海等关键任务场景的确定性网络技术、面向自动驾驶物联网的时间敏感网络技术、时间触发网络技术、传感+确定性网络+基于机器学习的控制的集成系统,,http://www.sice.uestc.edu.cn/info/1451/11769.htm
F02747,电子科技大学,成都,985/211/双一流,信息与通信工程学院,游长江,副教授,副教授,可重构功率放大器，可调滤波器，可重构天线，无线通信中的射频子系统等,,http://www.sice.uestc.edu.cn/info/1451/11793.htm
F02748,电子科技大学,成都,985/211/双一流,信息与通信工程学院,漆进,副教授,副教授,人工智能、机器学习、模式识别、计算机视觉、图像处理及分析等,,http://www.sice.uestc.edu.cn/info/1451/11763.htm
F02749,电子科技大学,成都,985/211/双一流,信息与通信工程学院,潘力立,副教授,副教授,硕士： 081000 信息与通信工程 06方向：图像与视频处理 09方向：机器学习与人工智能,,http://www.sice.uestc.edu.cn/info/1451/11758.htm
F02750,电子科技大学,成都,985/211/双一流,信息与通信工程学院,潘晔,副教授,副教授,阵列信号处理、机器学习、多维智能感知与处理等,0000-0002-8042-1328,http://www.sice.uestc.edu.cn/info/1451/11759.htm
F02751,电子科技大学,成都,985/211/双一流,信息与通信工程学院,熊凯,副教授,副教授,城市低空经济、无人集群、低空智联网,,http://www.sice.uestc.edu.cn/info/1520/12653.htm
F02752,电子科技大学,成都,985/211/双一流,信息与通信工程学院,王文一,副教授,副教授,数字图像处理、图像分割、机器学习、神经网络等,,http://www.sice.uestc.edu.cn/info/1451/11772.htm
F02753,电子科技大学,成都,985/211/双一流,信息与通信工程学院,王洪,副教授,副教授,民用航空电子技术、雷达信号处理、统计信号处理、软件无线电等,,http://www.sice.uestc.edu.cn/info/1451/11771.htm
F02754,电子科技大学,成都,985/211/双一流,信息与通信工程学院,王谋,副教授,副教授,智能化雷达探测成像、雷达对抗、机器学习,,http://www.sice.uestc.edu.cn/info/1451/16083.htm
F02755,电子科技大学,成都,985/211/双一流,信息与通信工程学院,程婷,副教授,副教授,分布式系统数据融合、目标跟踪、新体制雷达及组网系统的资源管理、非线性滤波等,,http://www.sice.uestc.edu.cn/info/1451/11722.htm
F02756,电子科技大学,成都,985/211/双一流,信息与通信工程学院,罗俊海,副教授,副教授,目标检测与定位；信息融合；机器视觉、网络安全,,http://www.sice.uestc.edu.cn/info/1451/11755.htm
F02757,电子科技大学,成都,985/211/双一流,信息与通信工程学院,罗龙,副教授,副教授,分布式（智能）系统，边缘/云计算，网络体系架构、理论和算法,0000-0003-1028-8178,http://www.sice.uestc.edu.cn/info/1451/11756.htm
F02758,电子科技大学,成都,985/211/双一流,信息与通信工程学院,耿勇,副教授,副教授,光纤通信，光子集成器件，非线性光学,0000-0003-2138-0957,http://www.sice.uestc.edu.cn/info/1451/11729.htm
F02759,电子科技大学,成都,985/211/双一流,信息与通信工程学院,范录宏,副教授,副教授,雷达信号处理、逆合成孔径雷达高分辨成像、压缩感知雷达成像、双基地雷达成像,,http://www.sice.uestc.edu.cn/info/1451/11727.htm
F02760,电子科技大学,成都,985/211/双一流,信息与通信工程学院,蒋体钢,副教授,副教授,通信网络协议，多媒体，物联网，人工智能等,,http://www.sice.uestc.edu.cn/info/1451/11737.htm
F02761,电子科技大学,成都,985/211/双一流,信息与通信工程学院,袁国慧,副教授,副教授,1.数字图像与信号处理；2.模式识别与机器视觉；3.医学图像处理及应用；4.成像目标检测、识别与跟踪；5.机器学习与深度学习；6.生物医学光子学与光子传感；7.先进激光技术等,,http://www.sice.uestc.edu.cn/info/1451/11798.htm
F02762,电子科技大学,成都,985/211/双一流,信息与通信工程学院,袁野,副教授,副教授,多雷达协同智能化探测、认知雷达、通感一体化技术等,,http://www.sice.uestc.edu.cn/info/1451/15169.htm
F02763,电子科技大学,成都,985/211/双一流,信息与通信工程学院,谢军,副教授,副教授,光纤总线通信系统、交换架构、加密与纠错编码、实时与确定性网络、机器学习与人工智能应用,,http://www.sice.uestc.edu.cn/info/1451/11784.htm
F02764,电子科技大学,成都,985/211/双一流,信息与通信工程学院,谢甫珍,副教授,副教授,无线通信、射频识别（RFID）、蜂窝物联网（Cellular IoT）、集成电路与系统、智能电磁结构与天线等,,http://www.sice.uestc.edu.cn/info/1451/11782.htm
F02765,电子科技大学,成都,985/211/双一流,信息与通信工程学院,谢菊兰,副教授,副教授,自适应信号处理、波束形成技术、波达方向估计和自适应阵列信号处理等,,http://www.sice.uestc.edu.cn/info/1451/11783.htm
F02766,电子科技大学,成都,985/211/双一流,信息与通信工程学院,谭腾,副教授,副教授,光信息器件，光纤传感器件和系统,0000-0003-1820-3618,http://www.sice.uestc.edu.cn/info/1451/15216.htm
F02767,电子科技大学,成都,985/211/双一流,信息与通信工程学院,赵毅哲,副教授,副教授,硕士： 081000 信息与通信工程 01方向：无线与移动通信系统 02方向：抗干扰与安全通信系统 04方向：智能通信网络与信息处理,,http://www.sice.uestc.edu.cn/info/1451/14383.htm
F02768,电子科技大学,成都,985/211/双一流,信息与通信工程学院,邬震宇,副教授,副教授,视频信号处理、图像信号处理、可视信息检索、算法优化、成像理论和算法等,,http://www.sice.uestc.edu.cn/info/1451/11811.htm
F02769,电子科技大学,成都,985/211/双一流,信息与通信工程学院,邱荷茜,副教授,副教授,图像视频处理与分析，计算机视觉，人工智能和机器学习等,,http://www.sice.uestc.edu.cn/info/1451/15413.htm
F02770,电子科技大学,成都,985/211/双一流,信息与通信工程学院,邹林,副教授,副教授,雷达系统技术、雷达信号处理、高速实时信号处理和雷达回波模拟器技术等,,http://www.sice.uestc.edu.cn/info/1451/11809.htm
F02771,电子科技大学,成都,985/211/双一流,信息与通信工程学院,邹麟,副教授,副教授,多维信号处理、阵列信号处理、几何代数、张量等超复数理论的工程应用、自适应信号处理,,http://www.sice.uestc.edu.cn/info/1451/11810.htm
F02772,电子科技大学,成都,985/211/双一流,信息与通信工程学院,郭志勇,副教授,副教授,以通信ASIC、数模混合IC设计、无线通信系统与信号处理等为主要研究方向,,http://www.sice.uestc.edu.cn/info/1451/11730.htm
F02773,电子科技大学,成都,985/211/双一流,信息与通信工程学院,钱峰,副教授,副教授,通信网络、通信信号与信息处理和地球信息科学与技术等,,http://www.sice.uestc.edu.cn/info/1451/11764.htm
F02774,电子科技大学,成都,985/211/双一流,信息与通信工程学院,钱璐,副教授,副教授,雷达信号处理、雷达信号产生和高速数字信号处理系统实现等,0009-0007-9393-0707,http://www.sice.uestc.edu.cn/info/1451/11765.htm
F02775,电子科技大学,成都,985/211/双一流,信息与通信工程学院,陈客松,副教授,副教授,信号与信息处理; 嵌入式系统; 阵列天线理论,,http://www.sice.uestc.edu.cn/info/1451/11720.htm
F02776,电子科技大学,成都,985/211/双一流,信息与通信工程学院,陈家辉,副教授,副教授,雷达非直视目标隐蔽探测、分布式目标定位,,http://www.sice.uestc.edu.cn/info/1451/16124.htm
F02777,电子科技大学,成都,985/211/双一流,信息与通信工程学院,陈慧,副教授,副教授,自适应阵列信号处理，新体制雷达、无线通信、物联网、人工智能等,,http://www.sice.uestc.edu.cn/info/1451/11719.htm
F02778,电子科技大学,成都,985/211/双一流,信息与通信工程学院,陈章鑫,副教授,副教授,雷达系统与信号处理、无线定位技术、高速信号处理技术、无线电频谱测量与管理等,,http://www.sice.uestc.edu.cn/info/1451/11721.htm
F02779,电子科技大学,成都,985/211/双一流,信息与通信工程学院,陈飞宇,副教授,副教授,多模态分析、人工智能等,,http://www.sice.uestc.edu.cn/info/1451/15223.htm
F02780,电子科技大学,成都,985/211/双一流,信息与通信工程学院,陶冰洁,副教授,副教授,1.数字图像与信号处理；2.模式识别与机器视觉；3.成像目标检测、识别与跟踪；4.红外图像处理及应用；5.遥感图像处理与分析等,,http://www.sice.uestc.edu.cn/info/1451/11768.htm
F02781,电子科技大学,成都,985/211/双一流,信息与通信工程学院,霍永青,副教授,副教授,图像处理、HDR图像捕获/显示、计算机视觉、图像隐写及分析、目标识别等,,http://www.sice.uestc.edu.cn/info/1451/11736.htm
F02782,电子科技大学,成都,985/211/双一流,信息与通信工程学院,韦云凯,副教授,副教授,无线通信与网络、信息论与编码、网络空间安全等,,http://www.sice.uestc.edu.cn/info/1451/11774.htm
F02783,电子科技大学,成都,985/211/双一流,信息与通信工程学院,高林,副教授,副教授,复杂电磁态势生成，多目标定位与跟踪，多源信息融合，SLAM，阵列信号处理，分布式侦察与干扰,,http://www.sice.uestc.edu.cn/info/1451/12688.htm
F02784,电子科技大学,成都,985/211/双一流,信息与通信工程学院,黄晓燕,副教授,副教授,边缘智能网络技术、智能宽带无线网络技术、宽带无线网络源管理与跨层优化、物联网等,,http://www.sice.uestc.edu.cn/info/1451/11734.htm
F02785,电子科技大学,成都,985/211/双一流,信息与通信工程学院,龙珍,副教授,副教授,张量信号处理、图像处理、机器学习、三维场景重建,,http://www.sice.uestc.edu.cn/info/1451/16085.htm
F02786,电子科技大学,成都,985/211/双一流,信息与通信工程学院,任婧,副研究员,副研究员,优化理论和算法、网络资源规划、智慧网络相关理论等,,http://www.sice.uestc.edu.cn/info/1453/15811.htm
F02787,电子科技大学,成都,985/211/双一流,信息与通信工程学院,任浩浩,副研究员,副研究员,雷达图像及信号处理、目标检测与识别、目标跟踪、智能信号处理等,0009-0000-4496-5240,http://www.sice.uestc.edu.cn/info/1453/14779.htm
F02788,电子科技大学,成都,985/211/双一流,信息与通信工程学院,何春,副研究员,副研究员,无线通信技术、数字信号处理、ASIC设计、EDA设计等,,http://www.sice.uestc.edu.cn/info/1453/11832.htm
F02789,电子科技大学,成都,985/211/双一流,信息与通信工程学院,侯文静,副研究员,副研究员,无线与移动通信、信号处理、无线网络资源管理与优化、物理层安全、边缘计算网络、人工智能与分布式学习等,,http://www.sice.uestc.edu.cn/info/1453/16080.htm
F02790,电子科技大学,成都,985/211/双一流,信息与通信工程学院,刘亮,副研究员,副研究员,阵列信号处理、智能信号处理、压缩采样、信号分析等,,http://www.sice.uestc.edu.cn/info/1453/15601.htm
F02791,电子科技大学,成都,985/211/双一流,信息与通信工程学院,刘野,副研究员,副研究员,高能效视觉感知AI芯片设计,,http://www.sice.uestc.edu.cn/info/1453/15691.htm
F02792,电子科技大学,成都,985/211/双一流,信息与通信工程学院,吴畏虹,副研究员,副研究员,下一代网络协议、软件定义网络,,http://www.sice.uestc.edu.cn/info/1453/15289.htm
F02793,电子科技大学,成都,985/211/双一流,信息与通信工程学院,夏畅雄,副研究员,副研究员,电磁频谱信号智能感知和无源定位,,http://www.sice.uestc.edu.cn/info/1453/11837.htm
F02794,电子科技大学,成都,985/211/双一流,信息与通信工程学院,孙智,副研究员,副研究员,雷达微弱目标探测、机载雷达杂波抑制、机载分布式雷达目标检测,,http://www.sice.uestc.edu.cn/info/1453/11836.htm
F02795,电子科技大学,成都,985/211/双一流,信息与通信工程学院,张永超,副研究员,副研究员,雷达探测与成像，高速数字信号处理,,http://www.sice.uestc.edu.cn/info/1453/11889.htm
F02796,电子科技大学,成都,985/211/双一流,信息与通信工程学院,曹建蜀,副研究员,副研究员,新体制雷达、雷达系统仿真，雷达信号处理，自适应阵列信号处理等,,http://www.sice.uestc.edu.cn/info/1453/11828.htm
F02797,电子科技大学,成都,985/211/双一流,信息与通信工程学院,李文超,副研究员,副研究员,新体制雷达信号处理、雷达成像、逆问题等,,http://www.sice.uestc.edu.cn/info/1453/11834.htm
F02798,电子科技大学,成都,985/211/双一流,信息与通信工程学院,杨青,副研究员,副研究员,合成孔径雷达成像、分布式雷达协同成像、智能信号处理等,,http://www.sice.uestc.edu.cn/info/1453/16693.htm
F02799,电子科技大学,成都,985/211/双一流,信息与通信工程学院,樊博宇,副研究员,副研究员,集成光电子器件、腔光力系统、精密测量,,http://www.sice.uestc.edu.cn/info/1453/16176.htm
F02800,电子科技大学,成都,985/211/双一流,信息与通信工程学院,熊奎,副研究员,副研究员,多雷达智能协同博弈，多智能体系统，自适应信号处理,0000-0002-7810-3865,http://www.sice.uestc.edu.cn/info/1520/15202.htm
F02801,电子科技大学,成都,985/211/双一流,信息与通信工程学院,王岚晓,副研究员,副研究员,计算机视觉、多媒体信息处理、人工智能等,,http://www.sice.uestc.edu.cn/info/1520/14680.htm
F02802,电子科技大学,成都,985/211/双一流,信息与通信工程学院,王志航,副研究员,副研究员,弹载/机载雷达、天波超视距雷达、MIMO雷达等新体制雷达的信号处理及数据处理,,http://www.sice.uestc.edu.cn/info/1453/16673.htm
F02803,电子科技大学,成都,985/211/双一流,信息与通信工程学院,王雯璟,副研究员,副研究员,合成孔径雷达成像、雷达智能感知、智能信号处理等,,http://www.sice.uestc.edu.cn/info/1453/15161.htm
F02804,电子科技大学,成都,985/211/双一流,信息与通信工程学院,秦羽婕,副研究员,副研究员,大规模通信网络、无人机通信、随机几何、概率论,,http://www.sice.uestc.edu.cn/info/1520/15243.htm
F02805,电子科技大学,成都,985/211/双一流,信息与通信工程学院,罗杨,副研究员,副研究员,面向物联网应用的人工智能方法研究，无人机通信网络,,http://www.sice.uestc.edu.cn/info/1453/12692.htm
F02806,电子科技大学,成都,985/211/双一流,信息与通信工程学院,翟学萌,副研究员,副研究员,网络行为学、复杂网络、互联网拓扑测量、社交网络分析等,,http://www.sice.uestc.edu.cn/info/1453/12685.htm
F02807,电子科技大学,成都,985/211/双一流,信息与通信工程学院,黄爱萍,助教,助教,机器学习，深度学习，图像处理,,http://www.sice.uestc.edu.cn/info/1520/14669.htm
F02808,电子科技大学,成都,985/211/双一流,信息与通信工程学院,万群,教授,教授,自适应阵列信号处理、无线电定位与频谱认知、高维统计信号处理、通信与雷达信号处理等,,http://www.sice.uestc.edu.cn/info/1450/11668.htm
F02809,电子科技大学,成都,985/211/双一流,信息与通信工程学院,何子述,教授,教授,自适应空时信号处理，干扰与杂波抑制理论与算法，目标检测与参数估计，MIMO雷达，认知雷达等新体制雷达系统,,http://www.sice.uestc.edu.cn/info/1450/11706.htm
F02810,电子科技大学,成都,985/211/双一流,信息与通信工程学院,何茜,教授,教授,统计信号处理、数字信号处理、人工智能，及其在雷达、通信、医学中的应用,,http://www.sice.uestc.edu.cn/info/1450/11705.htm
F02811,电子科技大学,成都,985/211/双一流,信息与通信工程学院,傅志中,教授,教授,图像处理、模式识别、图像超分辨率、图像融合、实时实现技术等,,http://www.sice.uestc.edu.cn/info/1450/11711.htm
F02812,电子科技大学,成都,985/211/双一流,信息与通信工程学院,冉曾令,教授,教授,光纤传感、信号与信息智能处理,,http://www.sice.uestc.edu.cn/info/1450/11673.htm
F02813,电子科技大学,成都,985/211/双一流,信息与通信工程学院,冷甦鹏,教授,教授,物联网、车联网、新一代宽带无线网络、无线自组织网、智能交通信息系统的资源管理、介质访问控制、路由、组网与互联、智能算法理论及技术应用等,,http://www.sice.uestc.edu.cn/info/1450/11696.htm
F02814,电子科技大学,成都,985/211/双一流,信息与通信工程学院,刘光辉,教授,教授,通信信号处理， 基于AI/ML的无线通信物理层，智能视觉信息处理,,http://www.sice.uestc.edu.cn/info/1450/11682.htm
F02815,电子科技大学,成都,985/211/双一流,信息与通信工程学院,刘帅成,教授,教授,计算摄影、具身智能、生物计算、人工智能、计算机视觉,,http://www.sice.uestc.edu.cn/info/1450/12583.htm
F02816,电子科技大学,成都,985/211/双一流,信息与通信工程学院,刘强,教授,教授,物联网、无线传感器网络、无线自组织网络、分子通信,,http://www.sice.uestc.edu.cn/info/1450/12664.htm
F02817,电子科技大学,成都,985/211/双一流,信息与通信工程学院,刘欣刚,教授,教授,多元异构数据融合及分析、多域网络通信策略、分级编码技术,,http://www.sice.uestc.edu.cn/info/1450/11681.htm
F02818,电子科技大学,成都,985/211/双一流,信息与通信工程学院,刘翼鹏,教授,教授,1.人工智能计算方法：张量分解、超复数计算、超图表示、学习型优化,,http://www.sice.uestc.edu.cn/info/1450/12584.htm
F02819,电子科技大学,成都,985/211/双一流,信息与通信工程学院,利强,教授,教授,无线通信优化算法、智能信号处理,,http://www.sice.uestc.edu.cn/info/1450/11687.htm
F02820,电子科技大学,成都,985/211/双一流,信息与通信工程学院,吕幼新,教授,教授,硕士： 081000 信息与通信工程 03方向：雷达探测与成像识别 10方向：信号与信息智能处理,,http://www.sice.uestc.edu.cn/info/1450/11679.htm
F02821,电子科技大学,成都,985/211/双一流,信息与通信工程学院,吕明,教授,教授,硕士： 081000 信息与通信工程 01方向：无线与移动通信系统 09方向：机器学习与人工智能 10方向：信号与信息智能处理,,http://www.sice.uestc.edu.cn/info/1450/11680.htm
F02822,电子科技大学,成都,985/211/双一流,信息与通信工程学院,吴宇,教授,教授,光纤传感器件及系统，智能感知与信息处理，FPGA信号处理和机器学习,,http://www.sice.uestc.edu.cn/info/1450/11656.htm
F02823,电子科技大学,成都,985/211/双一流,信息与通信工程学院,吴庆波,教授,教授,视觉质量评价与增强、图像视频编码、多模态目标检测与分割,,http://www.sice.uestc.edu.cn/info/1450/15194.htm
F02824,电子科技大学,成都,985/211/双一流,信息与通信工程学院,吴慧娟,教授,教授,光纤传感、信息获取与智能处理、人工智能、大数据等,,http://www.sice.uestc.edu.cn/info/1450/16580.htm
F02825,电子科技大学,成都,985/211/双一流,信息与通信工程学院,吴林隆,教授,教授,感知通信一体化、非视距隐蔽探测、智能波形设计、阵列信号处理等,,http://www.sice.uestc.edu.cn/info/1450/16087.htm
F02826,电子科技大学,成都,985/211/双一流,信息与通信工程学院,周云,教授,教授,雷达系统、高速实时信号处理、雷达信号处理、雷达回波与干扰产生等,,http://www.sice.uestc.edu.cn/info/1450/11639.htm
F02827,电子科技大学,成都,985/211/双一流,信息与通信工程学院,周军,教授,教授,低功耗端侧AI芯片与系统设计,,http://www.sice.uestc.edu.cn/info/1450/11641.htm
F02828,电子科技大学,成都,985/211/双一流,信息与通信工程学院,周宁,教授,教授,图像处理与信号检测等,,http://www.sice.uestc.edu.cn/info/1450/11640.htm
F02829,电子科技大学,成都,985/211/双一流,信息与通信工程学院,周恒,教授,教授,面向信息与通信系统的光电融合集成芯片及器件,,http://www.sice.uestc.edu.cn/info/1450/11642.htm
F02830,电子科技大学,成都,985/211/双一流,信息与通信工程学院,唐斌,教授,教授,雷达侦察、干扰技术与系统；雷达有源干扰感知、对抗技术与系统,0000-0001-7700-5975,http://www.sice.uestc.edu.cn/info/1450/11669.htm
F02831,电子科技大学,成都,985/211/双一流,信息与通信工程学院,姚佰承,教授,教授,集成和纤维光学，光传感和光调控技术，光信息器件和物联网系统,,http://www.sice.uestc.edu.cn/info/1450/11637.htm
F02832,电子科技大学,成都,985/211/双一流,信息与通信工程学院,孔令讲,教授,教授,新体制雷达、统计信号处理、优化理论和算法、雷达信号处理、非合作信号处理技术和自适应阵列信号处理等,,http://www.sice.uestc.edu.cn/info/1450/11697.htm
F02833,电子科技大学,成都,985/211/双一流,信息与通信工程学院,孙罡,教授,教授,网络虚拟化、区块链技术、人工智能和网络系统安全,,http://www.sice.uestc.edu.cn/info/1450/11670.htm
F02834,电子科技大学,成都,985/211/双一流,信息与通信工程学院,孟凡满,教授,教授,智能图像分析，深度学习,,http://www.sice.uestc.edu.cn/info/1450/11678.htm
F02835,电子科技大学,成都,985/211/双一流,信息与通信工程学院,崔国龙,教授,教授,城市环境目标探测技术、认知雷达波形设计与处理技术、阵列信号处理,,http://www.sice.uestc.edu.cn/info/1450/11712.htm
F02836,电子科技大学,成都,985/211/双一流,信息与通信工程学院,崔宗勇,教授,教授,SAR图像智能解译、雷达目标识别等,,http://www.sice.uestc.edu.cn/info/1450/15583.htm
F02837,电子科技大学,成都,985/211/双一流,信息与通信工程学院,廖丹,教授,教授,网络协议优化、区块链等,0009-0004-9018-2545,http://www.sice.uestc.edu.cn/info/1450/11685.htm
F02838,电子科技大学,成都,985/211/双一流,信息与通信工程学院,张乐,教授,教授,大模型、集成学习、联邦学习、计算机视觉、图像处理、时间序列分析,,http://www.sice.uestc.edu.cn/info/1450/11633.htm
F02839,电子科技大学,成都,985/211/双一流,信息与通信工程学院,张伟利,教授,教授,光纤激光器及其成像、传感等信息化应用,,http://www.sice.uestc.edu.cn/info/1450/11631.htm
F02840,电子科技大学,成都,985/211/双一流,信息与通信工程学院,张天贤,教授,教授,新体制雷达、雷达信号处理、机器学习、优化理论和算法、统计信号处理和自适应阵列信号处理等,,http://www.sice.uestc.edu.cn/info/1450/11632.htm
F02841,电子科技大学,成都,985/211/双一流,信息与通信工程学院,张寅,教授,教授,硕士： 081000 信息与通信工程 03方向：雷达探测与成像识别 09方向：机器学习与人工智能 10方向：信号与信息智能处理 博士： 081000 信息与通信工程 03方向：雷达探测与成像识别 09方向：机器学习与人工智能 10方向：信号与信息智能处理,,http://www.sice.uestc.edu.cn/info/1450/16140.htm
F02842,电子科技大学,成都,985/211/双一流,信息与通信工程学院,张崇富,教授,教授,宽带接入网、保密通信、光无线融合、光电子器件、人工智能及其通信应用,,http://www.sice.uestc.edu.cn/info/1450/14451.htm
F02843,电子科技大学,成都,985/211/双一流,信息与通信工程学院,张帆,教授,教授,医学图像处理，脑神经影像分析，弥散磁共振计算，深度学习，计算机视觉,,http://www.sice.uestc.edu.cn/info/1450/11934.htm
F02844,电子科技大学,成都,985/211/双一流,信息与通信工程学院,张彦,教授,教授,智能网络与通信，智能安全物联网,,http://www.sice.uestc.edu.cn/info/1450/15527.htm
F02845,电子科技大学,成都,985/211/双一流,信息与通信工程学院,张晓玲,教授,教授,合成孔径雷达（SAR）技术、SAR动目标检测及跟踪技术、三维合成孔径雷达（3D-SAR）技术、干涉合成孔径雷达（InSAR）技术、SAR遥感图像智能解译技术（检测、识别、去噪、解缠等）、机器学习与深度学习、计算机视觉等,,http://www.sice.uestc.edu.cn/info/1450/11630.htm
F02846,电子科技大学,成都,985/211/双一流,信息与通信工程学院,张洪斌,教授,教授,非线性电路与系统，复杂系统的智能控制，自适应信号处理等,,http://www.sice.uestc.edu.cn/info/1450/11643.htm
F02847,电子科技大学,成都,985/211/双一流,信息与通信工程学院,张瑛,教授,教授,分布式相参、目标散射特性反演、模型驱动的深度学习,,http://www.sice.uestc.edu.cn/info/1450/15587.htm
F02848,电子科技大学,成都,985/211/双一流,信息与通信工程学院,张静,教授,教授,硕士： 081000信息与通信工程 04智能通信网络与信息处理 05光纤传感与通信 10信号与信息智能处理 博士： 081000 信息与通信工程 05光纤传感与通信 04智能通信网络与信息处理 09机器学习与人工智能 085400电子信息 01不区分研究方向 02不区分研究方向（非全）,,http://www.sice.uestc.edu.cn/info/1450/15794.htm
F02849,电子科技大学,成都,985/211/双一流,信息与通信工程学院,彭真明,教授,教授,1. 图像处理与机器视觉应用；2. 复杂场景视觉检测与识别；3. 遥感图像处理与场景理解；4. 智能医学影像处理与分析；5. 地震成像及复杂油气储层预测等,,http://www.sice.uestc.edu.cn/info/1450/11677.htm
F02850,电子科技大学,成都,985/211/双一流,信息与通信工程学院,徐世中,教授,教授,智慧网络相关理论，数据处理，区块链应用等,,http://www.sice.uestc.edu.cn/info/1450/11651.htm
F02851,电子科技大学,成都,985/211/双一流,信息与通信工程学院,徐杰,教授,教授,网络与信息安全、机器学习与人工智能、数据分析与安全、混沌动力学与应用,,http://www.sice.uestc.edu.cn/info/1450/11652.htm
F02852,电子科技大学,成都,985/211/双一流,信息与通信工程学院,文光俊,教授,教授,无线通信系统、射频识别(RFID)、蜂窝物联网(Cellular loT)、集成电路与系统、无线传感器及网络等,,http://www.sice.uestc.edu.cn/info/1450/11657.htm
F02853,电子科技大学,成都,985/211/双一流,信息与通信工程学院,易伟,教授,教授,低可观测目标探测技术、多传感器协同融合与智能感知、智能学习的探测技术等。（链接：https://pan.baidu.com/s/1z0apnt6QM8_v8IRJLQG6lw；提取码：zfsv）,,http://www.sice.uestc.edu.cn/info/1450/11636.htm
F02854,电子科技大学,成都,985/211/双一流,信息与通信工程学院,曹宗杰,教授,教授,微波成像技术、雷达信号处理、雷达图像解译、目标识别等,,http://www.sice.uestc.edu.cn/info/1450/11716.htm
F02855,电子科技大学,成都,985/211/双一流,信息与通信工程学院,曾兵,教授,教授,硕士： 081002信号与信息处理 04方向：雷达成像及目标识别 05方向：数字图像及音视频处理 博士： 081002信号与信息处理 04方向：雷达成像及目标识别 05方向：数字图像及音视频处理,,http://www.sice.uestc.edu.cn/info/1450/11634.htm
F02856,电子科技大学,成都,985/211/双一流,信息与通信工程学院,朱学勇,教授,教授,通信中的信号处理，语音、图象信号处理等,,http://www.sice.uestc.edu.cn/info/1450/11623.htm
F02857,电子科技大学,成都,985/211/双一流,信息与通信工程学院,朱树元,教授,教授,信号与信息处理：图像/视频信号处理,,http://www.sice.uestc.edu.cn/info/1450/11624.htm
F02858,电子科技大学,成都,985/211/双一流,信息与通信工程学院,朱策,教授,教授,视频编码与通信、三维及沉浸式视频处理、计算机视觉及机器学习,0000-0001-7607-707X,http://www.sice.uestc.edu.cn/info/1450/11625.htm
F02859,电子科技大学,成都,985/211/双一流,信息与通信工程学院,李中余,教授,教授,雷达成像，目标检测，智能处理,,http://www.sice.uestc.edu.cn/info/1450/14602.htm
F02860,电子科技大学,成都,985/211/双一流,信息与通信工程学院,李乐民,教授,教授,以通信网络(光纤网络、无线网络、新-代网络体系结构及优化等)为主要研究方向,,http://www.sice.uestc.edu.cn/info/1450/11691.htm
F02861,电子科技大学,成都,985/211/双一流,信息与通信工程学院,李会勇,教授,教授,阵列信号处理/自适应信号处理,,http://www.sice.uestc.edu.cn/info/1450/11692.htm
F02862,电子科技大学,成都,985/211/双一流,信息与通信工程学院,李冰,教授,教授,智能数据分析及管理、AI大模型、自然语言处理、智能物联网,,http://www.sice.uestc.edu.cn/info/1450/13693.htm
F02863,电子科技大学,成都,985/211/双一流,信息与通信工程学院,李博闻,教授,教授,光频梳机理及应用、超快光学计量技术、光纤分布式传感、气体传感,,http://www.sice.uestc.edu.cn/info/1450/11695.htm
F02864,电子科技大学,成都,985/211/双一流,信息与通信工程学院,李宏亮,教授,教授,图像视频处理与分析，计算机视觉和机器学习，人工智能等,,http://www.sice.uestc.edu.cn/info/1450/11693.htm
F02865,电子科技大学,成都,985/211/双一流,信息与通信工程学院,李小龙,教授,教授,硕士：081000信息与通信工程 03雷达探测与成像识别，08智能感知与信息系统，10信号与信息智能处理 博士：081000信息与通信工程 03雷达探测与成像识别，08智能感知与信息系统，10信号与信息智能处理,,http://www.sice.uestc.edu.cn/info/1450/16136.htm
F02866,电子科技大学,成都,985/211/双一流,信息与通信工程学院,李晓峰,教授,教授,通信系统与电路、统计信号分析、图像处理与多媒体传输、DSP实时实现技术等,,http://www.sice.uestc.edu.cn/info/1450/11690.htm
F02867,电子科技大学,成都,985/211/双一流,信息与通信工程学院,李玉柏,教授,教授,长期从事数字信号处理与实时实现技术方面的科研与教学工作，主要研究方向包括：1）雷达信号处理，包括一次雷达和二次雷达信号处理，以及多源信息融合技术，2）多核并行处理技术，以及片上网络设计技术，3）移动通信与宽带通信技术；4）卫星导航与定位技术,,http://www.sice.uestc.edu.cn/info/1450/11688.htm
F02868,电子科技大学,成都,985/211/双一流,信息与通信工程学院,李纯明,教授,教授,硕士： 081000 信息与通信工程 06方向：图像与视频处理 09方向：机器学习与人工智能 10方向：信号与信息智能处理 博士： 081000 信息与通信工程 06方向：图像与视频处理 09方向：机器学习与人工智能 10方向：信号与信息智能处理,,http://www.sice.uestc.edu.cn/info/1450/11694.htm
F02869,电子科技大学,成都,985/211/双一流,信息与通信工程学院,杨建宇,教授,教授,雷达探测与成像、信号检测与估计,,http://www.sice.uestc.edu.cn/info/1450/11648.htm
F02870,电子科技大学,成都,985/211/双一流,信息与通信工程学院,杨晓波,教授,教授,硕士： 081000 信息与通信工程 03方向：雷达探测与成像识别 08方向：智能感知与信息系统 09方向：机器学习与人工智能 博士： 081000 信息与通信工程 03方向：雷达探测与成像识别 08方向：智能感知与信息系统 09方向：机器学习与人工智能,,http://www.sice.uestc.edu.cn/info/1450/11647.htm
F02871,电子科技大学,成都,985/211/双一流,信息与通信工程学院,林水生,教授,教授,无线自组织网，物联网系统，嵌入式智能系统，通信集成电路与芯片设计，移动通信等,,http://www.sice.uestc.edu.cn/info/1450/11683.htm
F02872,电子科技大学,成都,985/211/双一流,信息与通信工程学院,林静然,教授,教授,无线通信中的数据智能与资源优化,,http://www.sice.uestc.edu.cn/info/1450/11684.htm
F02873,电子科技大学,成都,985/211/双一流,信息与通信工程学院,柳姗姗,教授,教授,低功耗可容错AI芯片、抗辐射数字芯片加固设计,,http://www.sice.uestc.edu.cn/info/1450/15045.htm
F02874,电子科技大学,成都,985/211/双一流,信息与通信工程学院,梁菁,教授,教授,雷达传感器网络智能化信号与信息处理,,http://www.sice.uestc.edu.cn/info/1450/11686.htm
F02875,电子科技大学,成都,985/211/双一流,信息与通信工程学院,武俊杰,教授,教授,雷达成像与探测,,http://www.sice.uestc.edu.cn/info/1450/11654.htm
F02876,电子科技大学,成都,985/211/双一流,信息与通信工程学院,武保剑,教授,教授,光纤通信，光信息处理，光子集成器件，微波光子学等,,http://www.sice.uestc.edu.cn/info/1450/11655.htm
F02877,电子科技大学,成都,985/211/双一流,信息与通信工程学院,武畅,教授,教授,081000 信息与通信工程 01方向:无线与移动通信系统 10方向:信号与信息智能处理,,http://www.sice.uestc.edu.cn/info/1450/16361.htm
F02878,电子科技大学,成都,985/211/双一流,信息与通信工程学院,江宁,教授,教授,光通信系统物理层防护、激光混沌、物理层安全密钥分发、激光混沌雷达通信一体化、光子计算,,http://www.sice.uestc.edu.cn/info/1450/11700.htm
F02879,电子科技大学,成都,985/211/双一流,信息与通信工程学院,江朝抒,教授,教授,雷达系统、雷达信号处理、雷达系统模拟、机场场面监视技术等,,http://www.sice.uestc.edu.cn/info/1450/11701.htm
F02880,电子科技大学,成都,985/211/双一流,信息与通信工程学院,汤啸辰,教授,教授,生理信号感知前端芯片设计；传感器前端集成芯片设计；通用型模拟/数模混合芯片设计；轻量化人工智能数字芯片设计,,http://www.sice.uestc.edu.cn/info/1450/13593.htm
F02881,电子科技大学,成都,985/211/双一流,信息与通信工程学院,汪学刚,教授,教授,硕士： 081000 信息与通信工程 03方向：雷达探测与成像识别 08方向：智能感知与信息系统 10方向：信号与信息智能处理,,http://www.sice.uestc.edu.cn/info/1450/11667.htm
F02882,电子科技大学,成都,985/211/双一流,信息与通信工程学院,熊金涛,教授,教授,数字信号处理，图像传输与处理，信息探测新技术，雷达系统与雷达信号处理，空间通信,,http://www.sice.uestc.edu.cn/info/1450/11653.htm
F02883,电子科技大学,成都,985/211/双一流,信息与通信工程学院,王刚,教授,教授,分布式目标感知与协同决策,,http://www.sice.uestc.edu.cn/info/1450/15491.htm
F02884,电子科技大学,成都,985/211/双一流,信息与通信工程学院,王卓然,教授,教授,1.机器学习与深度学习；2.多智能体强化学习；3.光电精密测控、FMCW激光测距与3D成像技术、激光雷达技术；4.计算机视觉算法及工业、医疗应用,,http://www.sice.uestc.edu.cn/info/1450/11661.htm
F02885,电子科技大学,成都,985/211/双一流,信息与通信工程学院,王坚,教授,教授,芯片设计与安全,,http://www.sice.uestc.edu.cn/info/1450/11666.htm
F02886,电子科技大学,成都,985/211/双一流,信息与通信工程学院,王子南,教授,教授,智能感知与先进激光,,http://www.sice.uestc.edu.cn/info/1450/11660.htm
F02887,电子科技大学,成都,985/211/双一流,信息与通信工程学院,王文钦,教授,教授,阵列信号处理理论及其在雷达、通信和电子对抗等领域中的应用研究，主要研究及招生方向：(1) 雷达信号处理：频控阵雷达及其应用、射频隐身雷达、阵列信号处理、张量信号处理、雷达成像技术；（2）微波电路与系统：频率综合器、RF电路模块、雷达系统模块；（3）电子战技术：雷达对抗与反对抗、电子战信号侦察、无源被动定位；（4）无线通信：安全通信、雷达-通信一体化、车载通信,,http://www.sice.uestc.edu.cn/info/1450/11665.htm
F02888,电子科技大学,成都,985/211/双一流,信息与通信工程学院,王晟,教授,教授,优化理论和算法、网络资源规划、智慧网络相关理论等,,http://www.sice.uestc.edu.cn/info/1450/11659.htm
F02889,电子科技大学,成都,985/211/双一流,信息与通信工程学院,王正宁,教授,教授,数字图像处理、视频压缩与传输、多媒体通信、机器视觉、智能交通,,http://www.sice.uestc.edu.cn/info/1450/11662.htm
F02890,电子科技大学,成都,985/211/双一流,信息与通信工程学院,王雄,教授,教授,可编程网络、网络测量、网络智能管控、网络协议设计及优化、人工智能及其应用,,http://www.sice.uestc.edu.cn/info/1450/11664.htm
F02891,电子科技大学,成都,985/211/双一流,信息与通信工程学院,甘露,教授,教授,统计信号处理、通信/雷达信号分析与处理、非线性信号分析、高速实时信号处理和自适应阵列信号处理等,,http://www.sice.uestc.edu.cn/info/1450/11710.htm
F02892,电子科技大学,成都,985/211/双一流,信息与通信工程学院,皮亦鸣,教授,教授,雷达成像、太赫兹技术、图像处理与人工智能,,http://www.sice.uestc.edu.cn/info/1450/11676.htm
F02893,电子科技大学,成都,985/211/双一流,信息与通信工程学院,程建,教授,教授,图像处理与模式识别，计算机视觉，智能视频监控与场景理解，三维场景信息分析与处理，多源遥感图像融合与信息挖掘,0009-0004-0603-8701,http://www.sice.uestc.edu.cn/info/1450/11713.htm
F02894,电子科技大学,成都,985/211/双一流,信息与通信工程学院,章小宁,教授,教授,新型宽带通信网络、软件定义网络、网络功能虚拟化、下一代互联网,,http://www.sice.uestc.edu.cn/info/1450/11646.htm
F02895,电子科技大学,成都,985/211/双一流,信息与通信工程学院,聂明明,教授,教授,功能化光频梳、光纤及固体激光器件；超灵敏光学点式传感器件和分布式感知系统,,http://www.sice.uestc.edu.cn/info/1450/14605.htm
F02896,电子科技大学,成都,985/211/双一流,信息与通信工程学院,胡光岷,教授,教授,硕士： 081000 信息与通信工程 04方向：智能通信网络与信息处理 09方向：机器学习与人工智能 10方向：信号与信息智能处理 博士： 081000 信息与通信工程 04方向：智能通信网络与信息处理 09方向：机器学习与人工智能 10方向：信号与信息智能处理,,http://www.sice.uestc.edu.cn/info/1450/11888.htm
F02897,电子科技大学,成都,985/211/双一流,信息与通信工程学院,胡少华,教授,教授,高速相干光传输系统通信算法、直接探测系统线性化与场恢复、空分复用光纤传输系统MIMO信号处理,,http://www.sice.uestc.edu.cn/info/1520/12743.htm
F02898,电子科技大学,成都,985/211/双一流,信息与通信工程学院,胡进峰,教授,教授,硕士招生专业 硕士： 081000 信息与通信工程 03方向：雷达探测与成像识别 08方向：智能感知与信息系统 10方向：信号与信息智能处理,,http://www.sice.uestc.edu.cn/info/1450/11703.htm
F02899,电子科技大学,成都,985/211/双一流,信息与通信工程学院,蒋定德,教授,教授,天空地海一体化网络、未来网络、软件定义网络、网络功能虚拟化、网络空间安全、电磁认知与智能信号处理,,http://www.sice.uestc.edu.cn/info/1450/11698.htm
F02900,电子科技大学,成都,985/211/双一流,信息与通信工程学院,蒋迪,教授,教授,硕士： 081000 信息与通信工程 01方向：无线与移动通信系统 07方向：通信集成电路与系统 08方向：智能感知与信息系统 博士： 081000 信息与通信工程 01方向：无线与移动通信系统 07方向：通信集成电路与系统 08方向：智能感知与信息系统,,http://www.sice.uestc.edu.cn/info/1450/11699.htm
F02901,电子科技大学,成都,985/211/双一流,信息与通信工程学院,蒲巍,教授,教授,雷达成像、雷达信号处理、智能信号处理,,http://www.sice.uestc.edu.cn/info/1450/11675.htm
F02902,电子科技大学,成都,985/211/双一流,信息与通信工程学院,虞红芳,教授,教授,网络（功能）虚拟化，云/边缘计算，网络与人工智能、网络系统安全,,http://www.sice.uestc.edu.cn/info/1450/11635.htm
F02903,电子科技大学,成都,985/211/双一流,信息与通信工程学院,许林峰,教授,教授,多媒体技术与应用、视觉场景理解、人工智能、教育信息科学与技术,,http://www.sice.uestc.edu.cn/info/1450/16625.htm
F02904,电子科技大学,成都,985/211/双一流,信息与通信工程学院,许渤,教授,教授,高速率、大容量光纤通信和光网络技术，航空电子光网络技术,0000-0001-7815-4542,http://www.sice.uestc.edu.cn/info/1450/11638.htm
F02905,电子科技大学,成都,985/211/双一流,信息与通信工程学院,许都,教授,教授,硕士： 081000 信息与通信工程 04方向：智能通信网络与信息处理 09方向：机器学习与人工智能 博士： 081000 信息与通信工程 04方向：智能通信网络与信息处理 09方向：机器学习与人工智能,,http://www.sice.uestc.edu.cn/info/1450/11650.htm
F02906,电子科技大学,成都,985/211/双一流,信息与通信工程学院,费高雷,教授,教授,网络空间测绘、网络信息处理、大数据挖掘分析、复杂网络分析,,http://www.sice.uestc.edu.cn/info/1450/12683.htm
F02907,电子科技大学,成都,985/211/双一流,信息与通信工程学院,贺知明,教授,教授,硕士： 081000 信息与通信工程 03方向：雷达探测与成像识 08方向：智能感知与信息系统 10方向：信号与信息智能处理 博士： 081000 信息与通信工程 03方向：雷达探测与成像识别 08方向：智能感知与信息系统 10方向：信号与信息智能处理,,http://www.sice.uestc.edu.cn/info/1450/11704.htm
F02908,电子科技大学,成都,985/211/双一流,信息与通信工程学院,邱昆,教授,教授,光纤通信理论与技术,,http://www.sice.uestc.edu.cn/info/1450/11674.htm
F02909,电子科技大学,成都,985/211/双一流,信息与通信工程学院,邵怀宗,教授,教授,无线通信、认知电子对抗、人工智能,,http://www.sice.uestc.edu.cn/info/1450/11671.htm
F02910,电子科技大学,成都,985/211/双一流,信息与通信工程学院,郭贤生,教授,教授,室内定位理论和方法，混构融合定位、多智能体交互感知、高精度地图、低速无人驾驶技术、SLAM、AVP、迁移学习、强化学习、磁准静态场定位及雷达室内监测等,,http://www.sice.uestc.edu.cn/info/1450/11708.htm
F02911,电子科技大学,成都,985/211/双一流,信息与通信工程学院,阎波,教授,教授,通信ASIC/SoC设计，人工智能与物联网定位，嵌入式微系统设计,,http://www.sice.uestc.edu.cn/info/1450/11649.htm
F02912,电子科技大学,成都,985/211/双一流,信息与通信工程学院,陈建文,教授,教授,智能视频编码处理，信号处理、无线通信、人工智能安全、人工智能应用、区块链等,,http://www.sice.uestc.edu.cn/info/1450/11715.htm
F02913,电子科技大学,成都,985/211/双一流,信息与通信工程学院,陈祝明,教授,教授,雷达传感器、无线电定位、雷达信号处理,,http://www.sice.uestc.edu.cn/info/1450/11714.htm
F02914,电子科技大学,成都,985/211/双一流,信息与通信工程学院,韦顺军,教授,教授,新体制合成孔径雷达三维成像、毫米波雷达多维度成像及应用、雷达图像及信号处理、智能信号处理等,,http://www.sice.uestc.edu.cn/info/1450/12667.htm
F02915,电子科技大学,成都,985/211/双一流,信息与通信工程学院,韩春林,教授,教授,硕士： 081000 信息与通信工程 03方向：雷达探测与成像识别 08方向：智能感知与信息系统 10方向：信号与信息智能处理 博士： 081000 信息与通信工程 03方向：雷达探测与成像识别 08方向：智能感知与信息系统 10方向：信号与信息智能处理,,http://www.sice.uestc.edu.cn/info/1450/11707.htm
F02916,电子科技大学,成都,985/211/双一流,信息与通信工程学院,饶云江,教授,教授,光纤传感及应用、光纤随机激光及应用、超长距离光纤传输等,,http://www.sice.uestc.edu.cn/info/1450/11672.htm
F02917,电子科技大学,成都,985/211/双一流,信息与通信工程学院,魏平,教授,教授,复杂信号分析识别、阵列信号处理、无源定位、网络安全与信息对抗等,,http://www.sice.uestc.edu.cn/info/1450/11658.htm
F02918,电子科技大学,成都,985/211/双一流,信息与通信工程学院,鲁才,教授,教授,机器视觉、智能信号处理、多物理参数反演与成像等,,http://www.sice.uestc.edu.cn/info/1450/15589.htm
F02919,电子科技大学,成都,985/211/双一流,信息与通信工程学院,黄勇军,教授,教授,通信射频电路与器件、人工电磁结构、传感器芯片及系统,,http://www.sice.uestc.edu.cn/info/1450/14717.htm
F02920,电子科技大学,成都,985/211/双一流,信息与通信工程学院,黄钰林,教授,教授,（1）雷达探测与成像,,http://www.sice.uestc.edu.cn/info/1450/11702.htm
F02921,电子科技大学,成都,985/211/双一流,信息与通信工程学院,龚元,教授,教授,智能传感系统、光纤传感技术、成像系统与图像处理、智能感知应用,0000-0001-6819-8402,http://www.sice.uestc.edu.cn/info/1450/11709.htm
F02922,电子科技大学,成都,985/211/双一流,信息与通信工程学院,余显祥,研究员,研究员,认知智能雷达波形设计与处理技术、认知电子对抗技术,,http://www.sice.uestc.edu.cn/info/1452/16103.htm
F02923,电子科技大学,成都,985/211/双一流,信息与通信工程学院,孙国敏,研究员,研究员,辐射源识别，深度学习,,http://www.sice.uestc.edu.cn/info/1457/12617.htm
F02924,电子科技大学,成都,985/211/双一流,信息与通信工程学院,常亮,研究员,研究员,低功耗专用AI芯片、先进存储器技术及处理器架构,,http://www.sice.uestc.edu.cn/info/1452/16578.htm
F02925,电子科技大学,成都,985/211/双一流,信息与通信工程学院,张伟,研究员,研究员,新体制雷达，MIMO雷达，相控阵雷达，毫米波雷达，机载雷达，智能雷达，杂波抑制，干扰抑制，主动电子对抗，智能电子对抗，人工智能，强化学习,,http://www.sice.uestc.edu.cn/info/1452/12690.htm
F02926,电子科技大学,成都,985/211/双一流,信息与通信工程学院,张引,研究员,研究员,移动计算、边缘智能、认知无线网络,,http://www.sice.uestc.edu.cn/info/1452/11825.htm
F02927,电子科技大学,成都,985/211/双一流,信息与通信工程学院,张花国,研究员,研究员,低截获概率信号分析识别、自适应阵列信号处理、分布式多传感器数据融合、智能信号分析与识别、电子对抗建模与效能评估,,http://www.sice.uestc.edu.cn/info/1452/16711.htm
F02928,电子科技大学,成都,985/211/双一流,信息与通信工程学院,李建,研究员,研究员,无线与移动通信、RFID/物联网器件与系统、卫星导航与通信、通信芯片与集成系统、多功能集成微系统、通信智能侦察与对抗、与6G通信融合的无源物联系统等,,http://www.sice.uestc.edu.cn/info/1452/11817.htm
F02929,电子科技大学,成都,985/211/双一流,信息与通信工程学院,李晋,研究员,研究员,研究方向：太赫兹雷达技术、雷达系统理论、雷达信号处理、雷达成像技术等,,http://www.sice.uestc.edu.cn/info/1452/11818.htm
F02930,电子科技大学,成都,985/211/双一流,信息与通信工程学院,杨海光,研究员,研究员,合成孔径雷达成像,,http://www.sice.uestc.edu.cn/info/1452/11821.htm
F02931,电子科技大学,成都,985/211/双一流,信息与通信工程学院,沈晓峰,研究员,研究员,硕士： 081000 信息与通信工程 03方向：雷达探测与成像识别 08方向：智能感知与信息系统 10方向：信号与信息智能处理,,http://www.sice.uestc.edu.cn/info/1452/11820.htm
F02932,电子科技大学,成都,985/211/双一流,信息与通信工程学院,田淼,研究员,研究员,基于大数据应用的深度学习、主被动遥感、辐射传输建模和应用、仪器定标和验证、图像处理、数据分析、模式识别等,,http://www.sice.uestc.edu.cn/info/1457/11877.htm
F02933,电子科技大学,成都,985/211/双一流,信息与通信工程学院,程子扬,研究员,研究员,分布式雷达系统，毫米波雷达通信一体化设计，MIMO雷达波形设计，优化理论及其应用，低精度量化信号处理,,http://www.sice.uestc.edu.cn/info/1452/15063.htm
F02934,电子科技大学,成都,985/211/双一流,信息与通信工程学院,程梓晗,研究员,研究员,芯片设计与安全、集成电路、电磁成像探测等,,http://www.sice.uestc.edu.cn/info/1457/14685.htm
F02935,电子科技大学,成都,985/211/双一流,信息与通信工程学院,肖卓凌,研究员,研究员,多模态数据智能处理技术研究,,http://www.sice.uestc.edu.cn/info/1452/14625.htm
F02936,电子科技大学,成都,985/211/双一流,信息与通信工程学院,胡航宇,研究员,研究员,网络行为学、网络信号处理、社交网络分析,,http://www.sice.uestc.edu.cn/info/1457/11865.htm
F02937,电子科技大学,成都,985/211/双一流,信息与通信工程学院,袁正希,研究员,研究员,081000 信息与通信工程 04方向：智能通信网络与信息处理 07方向：通信集成电路与系统,,http://www.sice.uestc.edu.cn/info/1452/11822.htm
F02938,电子科技大学,成都,985/211/双一流,信息与通信工程学院,裴季方,研究员,研究员,雷达图像解译、目标检测识别、机器学习、信号智能处理等,,http://www.sice.uestc.edu.cn/info/1452/15585.htm
F02939,电子科技大学,成都,985/211/双一流,信息与通信工程学院,郑植,研究员,研究员,统计与阵列信号处理、多维信息感知与处理、无源定位技术、通信信号处理、通信雷达抗干扰与一体化技术、智能感知与信号处理、阵列信号处理在通信、雷达和医学等领域中的应用研究等,,http://www.sice.uestc.edu.cn/info/1452/11826.htm
F02940,电子科技大学,成都,985/211/双一流,信息与通信工程学院,郭世盛,研究员,研究员,硕士： 081000 信息与通信工程 03方向：雷达探测与成像识别 08方向：智能感知与信息系统 10方向：信号与信息智能处理 博士： 081000 信息与通信工程 03方向：雷达探测与成像识别 08方向：智能感知与信息系统 10方向：信号与信息智能处理,,http://www.sice.uestc.edu.cn/info/1452/14827.htm
F02941,电子科技大学,成都,985/211/双一流,信息与通信工程学院,闵锐,研究员,研究员,太赫兹成像、智能传感、雷达信号处理及无线通信等,,http://www.sice.uestc.edu.cn/info/1452/11827.htm
F02942,电子科技大学,成都,985/211/双一流,信息与通信工程学院,陈竹梅,研究员,研究员,信息科学与系统科学：系统理论，复杂电子信息系统分析与集成，电磁综合信息系统需求工程与能力生成，任务自适应可重构架构，射频综合与分布式共孔径，智能电磁感知与数字电磁孪生,,http://www.sice.uestc.edu.cn/info/1452/11814.htm
F02943,电子科技大学,成都,985/211/双一流,信息与通信工程学院,霍伟博,研究员,研究员,智能化信号处理、雷达智能侦察、雷达认知对抗、雷达目标检测等,,http://www.sice.uestc.edu.cn/info/1452/16703.htm
F02944,电子科技大学,成都,985/211/双一流,信息与通信工程学院,黄际彦,研究员,研究员,无线定位、分布式新体制雷达、雷达回波和干扰模拟、雷达信号处理、雷达成像和识别、高精度时空频同步和自适应阵列信号处理等,,http://www.sice.uestc.edu.cn/info/1452/11816.htm
F02945,电子科技大学,成都,985/211/双一流,信息与通信工程学院,刘雨莎,讲师,讲师,无线通信、信号处理、机器学习,,http://www.sice.uestc.edu.cn/info/1457/11869.htm
F02946,电子科技大学,成都,985/211/双一流,信息与通信工程学院,向超,讲师,讲师,高速信号采集与处理,,http://www.sice.uestc.edu.cn/info/1457/11882.htm
F02947,电子科技大学,成都,985/211/双一流,信息与通信工程学院,孟中楼,讲师,讲师,光纤通道、网络交换、航空电子网络、数据中心网络、软件定义网络等,,http://www.sice.uestc.edu.cn/info/1457/11871.htm
F02948,电子科技大学,成都,985/211/双一流,信息与通信工程学院,张彪,讲师,讲师,射频微波电路与系统，微波测量,,http://www.sice.uestc.edu.cn/info/1457/11886.htm
F02949,电子科技大学,成都,985/211/双一流,信息与通信工程学院,徐进,讲师,讲师,视频/图像压缩、视频/图像处理、压缩感知、稀疏表示等,,http://www.sice.uestc.edu.cn/info/1457/11885.htm
F02950,电子科技大学,成都,985/211/双一流,信息与通信工程学院,方道恒,讲师,讲师,,,http://www.sice.uestc.edu.cn/info/1457/11861.htm
F02951,电子科技大学,成都,985/211/双一流,信息与通信工程学院,杨建军,讲师,讲师,无线数能一体化网络、无线中继网络、博弈论，优化理论和算法、无线传感器网、无线网络中的资源分配，移动性管理和路由算法等,,http://www.sice.uestc.edu.cn/info/1457/12713.htm
F02952,电子科技大学,成都,985/211/双一流,信息与通信工程学院,樊涛,讲师,讲师,复杂电磁环境目标探测，认知雷达波形优化与处理等,,http://www.sice.uestc.edu.cn/info/1457/16142.htm
F02953,电子科技大学,成都,985/211/双一流,信息与通信工程学院,海宇,讲师,讲师,微波光子雷达成像、分布式雷达成像等,0000-0003-3381-2243,http://www.sice.uestc.edu.cn/info/1457/16090.htm
F02954,电子科技大学,成都,985/211/双一流,信息与通信工程学院,王晓阳,讲师,讲师,,,http://www.sice.uestc.edu.cn/info/1457/11879.htm
F02955,电子科技大学,成都,985/211/双一流,信息与通信工程学院,祝崇今,讲师,讲师,,,http://www.sice.uestc.edu.cn/info/1457/11887.htm
F02956,电子科技大学,成都,985/211/双一流,信息与通信工程学院,肖忠,讲师,讲师,,,http://www.sice.uestc.edu.cn/info/1457/11884.htm
F02957,电子科技大学,成都,985/211/双一流,信息与通信工程学院,胡全,讲师,讲师,时/频/空/极化多维阵列理论及应用方法，多维度智能感知与通信新技术，多维度信息感知应用中的优化理论与方法,0009-0000-0419-7283,http://www.sice.uestc.edu.cn/info/1457/11866.htm
F02958,电子科技大学,成都,985/211/双一流,信息与通信工程学院,舒畅,讲师,讲师,模式识别，计算机视觉,,http://www.sice.uestc.edu.cn/info/1457/11876.htm
F02959,电子科技大学,成都,985/211/双一流,信息与通信工程学院,贾蓉,讲师,讲师,,0009-0009-2263-020X,http://www.sice.uestc.edu.cn/info/1457/11867.htm
F02960,电子科技大学,成都,985/211/双一流,信息与通信工程学院,陈星燃,讲师,讲师,网络化系统（networked systems）,,http://www.sice.uestc.edu.cn/info/1457/12648.htm
F02961,苏州大学,苏州,211/双一流,计算机科学与技术学院,付国宏,特聘教授,教授,,,http://scst.suda.edu.cn/f5/f1/c30505a521713/page.htm
F02962,苏州大学,苏州,211/双一流,计算机科学与技术学院,张莉,特聘教授,教授,,,http://scst.suda.edu.cn/f5/e7/c30505a521703/page.htm
F02963,苏州大学,苏州,211/双一流,计算机科学与技术学院,李培峰,特聘教授,教授,,,http://scst.suda.edu.cn/f5/c2/c30505a521666/page.htm
F02964,西北工业大学,西安,985/211/双一流,计算机学院,入职离职,助理教授,助理教授,,,http://renshi.nwpu.edu.cn/new/fwzn/rzlz.htm
F02965,西南大学,重庆,211/双一流,人工智能学院,冯旻昱,副教授,副教授,复杂系统、演化动力学、群体博弈、传播动力学等,,http://ai.swu.edu.cn/info/1070/1808.htm
F02966,西南大学,重庆,211/双一流,人工智能学院,刘亚风,副教授,副教授,柔性脑机接口 与智能控制 、柔性触觉传感与 人机交互 等前沿交叉领域,,http://ai.swu.edu.cn/info/1070/1926.htm
F02967,西南大学,重庆,211/双一流,人工智能学院,刘运,副教授,副教授,数字图像处理、计算机视觉、深度学习等,,http://ai.swu.edu.cn/info/1070/2691.htm
F02968,西南大学,重庆,211/双一流,人工智能学院,叶明,副教授,副教授,人工智能、大数据分析、实时系统、机器学习、类脑计算、复杂网络等,,http://ai.swu.edu.cn/info/1070/1807.htm
F02969,西南大学,重庆,211/双一流,人工智能学院,吴鹏程,副教授,副教授,集成电路、离散制造业等机械制造领域,,http://ai.swu.edu.cn/info/1070/2528.htm
F02970,西南大学,重庆,211/双一流,人工智能学院,崔豪,副教授,副教授,气敏传感 、 材料性能预测 、 机器学习、 DFT 仿真 等 崔豪 ，男,,http://ai.swu.edu.cn/info/1070/2689.htm
F02971,西南大学,重庆,211/双一流,人工智能学院,张里博,副教授,副教授,机器学习，深度学习，大模型，智能决策，智能协作等 张里博,0000-0001-5992-0790,http://ai.swu.edu.cn/info/1070/2690.htm
F02972,西南大学,重庆,211/双一流,人工智能学院,李文涛,副教授,副教授,数据挖掘、机器学习、粒计算、模糊智能 一、,0000-0002-7777-0818,http://ai.swu.edu.cn/info/1070/1478.htm
F02973,西南大学,重庆,211/双一流,人工智能学院,杨颂华,副教授,副教授,嵌入式系统、图像处理、神经网络、人工智能等,,http://ai.swu.edu.cn/info/1070/1452.htm
F02974,西南大学,重庆,211/双一流,人工智能学院,毛毓,副教授,副教授,基于情绪的认知神经模型和多模态影像技术（ fMRI/EEG ），解析情感障碍的神经机制,,http://ai.swu.edu.cn/info/1070/3519.htm
F02975,西南大学,重庆,211/双一流,人工智能学院,潘东波,副教授,副教授,功能安全、信息安全、可靠性、复杂网络、不确定性信息融合等 潘东波，男，重庆铜梁人,,http://ai.swu.edu.cn/info/1070/1461.htm
F02976,西南大学,重庆,211/双一流,人工智能学院,王文东,副教授,副教授,压缩感知、高维稀疏建模和非凸优化理论及应用等,,http://ai.swu.edu.cn/info/1070/2251.htm
F02977,西南大学,重庆,211/双一流,人工智能学院,程静,副教授,副教授,情感计算、基于生理信号的情感识别、机器学习和复杂脑网络等,,http://ai.swu.edu.cn/info/1070/1462.htm
F02978,西南大学,重庆,211/双一流,人工智能学院,袁建军,副教授,副教授,机器学习、海量数据分析、数字图像处理、神经网络、数学建模等,,http://ai.swu.edu.cn/info/1070/1468.htm
F02979,西南大学,重庆,211/双一流,人工智能学院,褚金,副教授,副教授,机器学习、 工业软件、 半导体器件等,,http://ai.swu.edu.cn/info/1070/1469.htm
F02980,西南大学,重庆,211/双一流,人工智能学院,贾文柱,副教授,副教授,数值代码研发、神经网络与高维多物理模型融合代码研发 贾文柱,,http://ai.swu.edu.cn/info/1070/1479.htm
F02981,西南大学,重庆,211/双一流,人工智能学院,黄国钧,副教授,副教授,智能机器人、动力系统控制、智能装备制造、新能源与智能汽车、替代能源控制技术等,,http://ai.swu.edu.cn/info/1070/1459.htm
F02982,西南大学,重庆,211/双一流,人工智能学院,周广东,教授,教授,,,http://ai.swu.edu.cn/info/1069/1445.htm
F02983,西南大学,重庆,211/双一流,人工智能学院,张晓燕,教授,教授,人工智能的数学基础、智能计算、粒计算、数据挖掘、知识发现、不确定性处理等,,http://ai.swu.edu.cn/info/1069/2687.htm
F02984,西南大学,重庆,211/双一流,人工智能学院,彭小燕,教授,教授,智能传感器的研究和制备、模式识别算法研究、仿生智能系统研究,,http://ai.swu.edu.cn/info/1069/2244.htm
F02985,西南大学,重庆,211/双一流,人工智能学院,徐伟华,教授,教授,不确定性人工智能、大数据分析、智能计算、粒计算、数据挖掘、知识发现、机器学习、认知计算等,,http://ai.swu.edu.cn/info/1069/1443.htm
F02986,西南大学,重庆,211/双一流,人工智能学院,李生林,教授,教授,人工智能、智慧城市、智能控制、指挥自动化、计算机应用技术 一、,,http://ai.swu.edu.cn/info/1069/1437.htm
F02987,西南大学,重庆,211/双一流,人工智能学院,林毓培,教授,教授,,,http://ai.swu.edu.cn/info/1133/2092.htm
F02988,西南大学,重庆,211/双一流,人工智能学院,段书凯,教授,教授,人工智能、类脑芯片、工业机器人、智能控制、仿生信息材料等,,http://ai.swu.edu.cn/info/1066/1788.htm
F02989,西南大学,重庆,211/双一流,人工智能学院,王丽丹,教授,教授,电子信息与人工智能，包括忆阻器件与系统、混沌系统与非线性电路设计、深度学习、数字图像处理等,,http://ai.swu.edu.cn/info/1069/1875.htm
F02990,西南大学,重庆,211/双一流,人工智能学院,王华敏,教授,教授,类脑计算、类脑智能控制与优化、深度学习与视觉、人工智能基础理论、机器学习等,,http://ai.swu.edu.cn/info/1069/1447.htm
F02991,西南大学,重庆,211/双一流,人工智能学院,胡小方,教授,教授,和平台感兴趣的研究生和本科生加入研究队伍,,http://ai.swu.edu.cn/info/1069/1823.htm
F02992,西南大学,重庆,211/双一流,人工智能学院,袁锐,教授,教授,,0009-0004-7192-5956,http://ai.swu.edu.cn/info/1069/2720.htm
F02993,西南大学,重庆,211/双一流,人工智能学院,闫嘉,教授,教授,机器嗅觉、感知系统信号与信息处理、气体传感器阵列制备、机器学习、深度学习、模式识别、教育大数据分析、智能体等,,http://ai.swu.edu.cn/info/1069/2688.htm
F02994,西南大学,重庆,211/双一流,人工智能学院,陈枫,教授,教授,,,http://ai.swu.edu.cn/info/1069/1446.htm
F02995,西南大学,重庆,211/双一流,人工智能学院,何映思,讲师,讲师,人工智能、模糊逻辑、模糊控制、智能优化算法等,,http://ai.swu.edu.cn/info/1071/1474.htm
F02996,西南大学,重庆,211/双一流,人工智能学院,何晨,讲师,讲师,,,http://ai.swu.edu.cn/info/1071/3357.htm
F02997,西南大学,重庆,211/双一流,人工智能学院,刘桢杞,讲师,讲师,深度学习、遥感图像智能解译、高光谱视频目标检测与跟踪、计算机视觉等,,http://ai.swu.edu.cn/info/1071/2669.htm
F02998,西南大学,重庆,211/双一流,人工智能学院,吴洁宁,讲师,讲师,忆阻混沌系统及非线性电路设计、忆阻神经网络、复杂网络可控性等,,http://ai.swu.edu.cn/info/1071/2116.htm
F02999,西南大学,重庆,211/双一流,人工智能学院,周跃,讲师,讲师,深度学习，对抗攻击，分布外检测，忆阻神经网络，神经形态计算等,,http://ai.swu.edu.cn/info/1071/2089.htm
F03000,西南大学,重庆,211/双一流,人工智能学院,尹训福,讲师,讲师,数据挖掘，统计数据分析，规则提取，智能计算、算法设计与分析,,http://ai.swu.edu.cn/info/1071/1849.htm
F03001,西南大学,重庆,211/双一流,人工智能学院,张凤运,讲师,讲师,室内定位、机器人与智能系统、无线传感网络和工业物联网等,,http://ai.swu.edu.cn/info/1071/2729.htm
F03002,西南大学,重庆,211/双一流,人工智能学院,张林霞,讲师,讲师,信号处理、多传感器网络、分布式压缩估计、数据科学、凸优化和非线性优化中的算法设计及理论、重点研究优化技术在信号处理和统计学中的应用等,,http://ai.swu.edu.cn/info/1071/1806.htm
F03003,西南大学,重庆,211/双一流,人工智能学院,李天舒,讲师,讲师,忆阻器及忆阻系统、二值及多值逻辑、随机计算、模糊控制等,,http://ai.swu.edu.cn/info/1071/1471.htm
F03004,西南大学,重庆,211/双一流,人工智能学院,胡利梅,讲师,讲师,,,http://ai.swu.edu.cn/info/1071/2529.htm
F03005,西南大学,重庆,211/双一流,人工智能学院,钟明洋,讲师,讲师,机器学习、计算机视觉、推荐系统、大数据分析、普适计算等,,http://ai.swu.edu.cn/info/1071/1484.htm
F03006,西南大学,重庆,211/双一流,人工智能学院,钟秀蓉,讲师,讲师,领域包括： 图像处理 、 深度学习、宽度学习、忆阻神经网络 、智能控制等,,http://ai.swu.edu.cn/info/1071/1476.htm
F03007,西南大学,重庆,211/双一流,人工智能学院,陈睿,讲师,讲师,模式识别、图像处理、机器视觉、机器学习等,,http://ai.swu.edu.cn/info/1071/1477.htm
F03008,西南大学,重庆,211/双一流,人工智能学院,黄巧莉,讲师,讲师,人工神经网络、机器学习、数据挖掘、工业信息化、工业控制系统、智能控制等,,http://ai.swu.edu.cn/info/1071/1473.htm
F03009,西安交通大学,西安,985/211/双一流,计算机科学与技术学院,张利平,工程师,其他,了解详细 张利平 (工程师),,http://www.cs.xjtu.edu.cn/szdw/jsml/jsjqt.htm
F03010,西安交通大学,西安,985/211/双一流,计算机科学与技术学院,丁菡,副教授,副教授,,,http://www.cs.xjtu.edu.cn/szdw/jsml/fjs1.htm
F03011,西安交通大学,西安,985/211/双一流,计算机科学与技术学院,人机交互,副教授,副教授,人机交互、机器学习,,http://www.cs.xjtu.edu.cn/szdw/jsml/fjs1.htm
F03012,西安交通大学,西安,985/211/双一流,计算机科学与技术学院,仇国巍,副教授,副教授,,,http://www.cs.xjtu.edu.cn/szdw/jsml/fjs1.htm
F03013,西安交通大学,西安,985/211/双一流,计算机科学与技术学院,任雪斌,副教授,副教授,,,http://www.cs.xjtu.edu.cn/szdw/jsml/fjs1.htm
F03014,西安交通大学,西安,985/211/双一流,计算机科学与技术学院,刘松,副教授,副教授,,,http://www.cs.xjtu.edu.cn/szdw/jsml/fjs1.htm
F03015,西安交通大学,西安,985/211/双一流,计算机科学与技术学院,刘欢,副教授,副教授,,,http://www.cs.xjtu.edu.cn/szdw/jsml/fjs1.htm
F03016,西安交通大学,西安,985/211/双一流,计算机科学与技术学院,单丹枫,副教授,副教授,,,http://www.cs.xjtu.edu.cn/szdw/jsml/fjs1.htm
F03017,西安交通大学,西安,985/211/双一流,计算机科学与技术学院,夏秦,副教授,副教授,,0009-0004-6546-9421,http://www.cs.xjtu.edu.cn/szdw/jsml/fjs1.htm
F03018,西安交通大学,西安,985/211/双一流,计算机科学与技术学院,崔舒宁,副教授,副教授,,,http://www.cs.xjtu.edu.cn/szdw/jsml/fjs1.htm
F03019,西安交通大学,西安,985/211/双一流,计算机科学与技术学院,张玲玲,副教授,副教授,,,http://www.cs.xjtu.edu.cn/szdw/jsml/fjs1.htm
F03020,西安交通大学,西安,985/211/双一流,计算机科学与技术学院,曹相湧,副教授,副教授,,,http://www.cs.xjtu.edu.cn/szdw/jsml/fjs1.htm
F03021,西安交通大学,西安,985/211/双一流,计算机科学与技术学院,朱晓燕,副教授,副教授,,,http://www.cs.xjtu.edu.cn/szdw/jsml/fjs1.htm
F03022,西安交通大学,西安,985/211/双一流,计算机科学与技术学院,朱海萍,副教授,副教授,,,http://www.cs.xjtu.edu.cn/szdw/jsml/fjs1.htm
F03023,西安交通大学,西安,985/211/双一流,计算机科学与技术学院,李昊,副教授,副教授,,,http://www.cs.xjtu.edu.cn/szdw/jsml/fjs1.htm
F03024,西安交通大学,西安,985/211/双一流,计算机科学与技术学院,王志文,副教授,副教授,,,http://www.cs.xjtu.edu.cn/szdw/jsml/fjs1.htm
F03025,西安交通大学,西安,985/211/双一流,计算机科学与技术学院,王换招,副教授,副教授,,,http://www.cs.xjtu.edu.cn/szdw/jsml/fjs1.htm
F03026,西安交通大学,西安,985/211/双一流,计算机科学与技术学院,王鸽,副教授,副教授,,,http://www.cs.xjtu.edu.cn/szdw/jsml/fjs1.htm
F03027,西安交通大学,西安,985/211/双一流,计算机科学与技术学院,苏远歧,副教授,副教授,,,http://www.cs.xjtu.edu.cn/szdw/jsml/fjs1.htm
F03028,西安交通大学,西安,985/211/双一流,计算机科学与技术学院,赖欣,副教授,副教授,,,http://www.cs.xjtu.edu.cn/szdw/jsml/fjs1.htm
F03029,西安交通大学,西安,985/211/双一流,计算机科学与技术学院,赵玺,副教授,副教授,,0009-0009-6438-5740,http://www.cs.xjtu.edu.cn/szdw/jsml/fjs1.htm
F03030,西安交通大学,西安,985/211/双一流,计算机科学与技术学院,赵鲲,副教授,副教授,,,http://www.cs.xjtu.edu.cn/szdw/jsml/fjs1.htm
F03031,西安交通大学,西安,985/211/双一流,计算机科学与技术学院,赵鹏,副教授,副教授,,,http://www.cs.xjtu.edu.cn/szdw/jsml/fjs1.htm
F03032,西安交通大学,西安,985/211/双一流,计算机科学与技术学院,钱屹,副教授,副教授,,0009-0008-6486-9713,http://www.cs.xjtu.edu.cn/szdw/jsml/fjs1.htm
F03033,西安交通大学,西安,985/211/双一流,计算机科学与技术学院,陈妍,副教授,副教授,,,http://www.cs.xjtu.edu.cn/szdw/jsml/fjs1.htm
F03034,西安交通大学,西安,985/211/双一流,计算机科学与技术学院,陈衡,副教授,副教授,,,http://www.cs.xjtu.edu.cn/szdw/jsml/fjs1.htm
F03035,西安交通大学,西安,985/211/双一流,计算机科学与技术学院,鲍军鹏,副教授,副教授,,,http://www.cs.xjtu.edu.cn/szdw/jsml/fjs1.htm
F03036,西安交通大学,西安,985/211/双一流,计算机科学与技术学院,齐赛宇,副教授,副教授,,,http://www.cs.xjtu.edu.cn/szdw/jsml/fjs1.htm
F03037,西安交通大学,西安,985/211/双一流,计算机科学与技术学院,龚铁梁,副教授,副教授,,,http://www.cs.xjtu.edu.cn/szdw/jsml/fjs1.htm
F03038,西安交通大学,西安,985/211/双一流,计算机科学与技术学院,聂世强,副研究员,副研究员,,,http://www.cs.xjtu.edu.cn/szdw/jsml/fjs1.htm
F03039,西安交通大学,西安,985/211/双一流,计算机科学与技术学院,孙凯,助理教授,助理教授,,,http://www.cs.xjtu.edu.cn/szdw/jsml/jsjqt.htm
F03040,西安交通大学,西安,985/211/双一流,计算机科学与技术学院,安文斌,助理教授,助理教授,,,http://www.cs.xjtu.edu.cn/szdw/jsml/jsjqt.htm
F03041,西安交通大学,西安,985/211/双一流,计算机科学与技术学院,彭祯,助理教授,助理教授,,,http://www.cs.xjtu.edu.cn/szdw/jsml/jsjqt.htm
F03042,西安交通大学,西安,985/211/双一流,计算机科学与技术学院,王子衡,助理教授,助理教授,,,http://www.cs.xjtu.edu.cn/szdw/jsml/jsjqt.htm
F03043,西安交通大学,西安,985/211/双一流,计算机科学与技术学院,邓辉琦,助理教授,助理教授,,,http://www.cs.xjtu.edu.cn/szdw/jsml/jsjqt.htm
F03044,西安交通大学,西安,985/211/双一流,计算机科学与技术学院,闫彩霞,助理教授,助理教授,,,http://www.cs.xjtu.edu.cn/szdw/jsml/jsjqt.htm
F03045,西安交通大学,西安,985/211/双一流,计算机科学与技术学院,乔亚男,教授,教授,,,http://www.cs.xjtu.edu.cn/szdw/jsml/js.htm
F03046,西安交通大学,西安,985/211/双一流,计算机科学与技术学院,伍卫国,教授,教授,,,http://www.cs.xjtu.edu.cn/szdw/jsml/js.htm
F03047,西安交通大学,西安,985/211/双一流,计算机科学与技术学院,刘均,教授,教授,,,http://www.cs.xjtu.edu.cn/szdw/jsml/js.htm
F03048,西安交通大学,西安,985/211/双一流,计算机科学与技术学院,唐亚哲,教授,教授,人工智能与智慧教育、大数据分析挖掘应 了解详细 唐亚哲 (教授),,http://www.cs.xjtu.edu.cn/szdw/jsml/js.htm
F03049,西安交通大学,西安,985/211/双一流,计算机科学与技术学院,孙鹤立,教授,教授,,,http://www.cs.xjtu.edu.cn/szdw/jsml/js.htm
F03050,西安交通大学,西安,985/211/双一流,计算机科学与技术学院,师斌,教授,教授,,,http://www.cs.xjtu.edu.cn/szdw/jsml/js.htm
F03051,西安交通大学,西安,985/211/双一流,计算机科学与技术学院,张兴军,教授,教授,,,http://www.cs.xjtu.edu.cn/szdw/jsml/js.htm
F03052,西安交通大学,西安,985/211/双一流,计算机科学与技术学院,张未展,教授,教授,,,http://www.cs.xjtu.edu.cn/szdw/jsml/js.htm
F03053,西安交通大学,西安,985/211/双一流,计算机科学与技术学院,惠维,教授,教授,,,http://www.cs.xjtu.edu.cn/szdw/jsml/js.htm
F03054,西安交通大学,西安,985/211/双一流,计算机科学与技术学院,李波,教授,教授,,,http://www.cs.xjtu.edu.cn/szdw/jsml/js.htm
F03055,西安交通大学,西安,985/211/双一流,计算机科学与技术学院,李辰,教授,教授,,,http://www.cs.xjtu.edu.cn/szdw/jsml/js.htm
F03056,西安交通大学,西安,985/211/双一流,计算机科学与技术学院,杨义军,教授,教授,,,http://www.cs.xjtu.edu.cn/szdw/jsml/js.htm
F03057,西安交通大学,西安,985/211/双一流,计算机科学与技术学院,杨新宇,教授,教授,,,http://www.cs.xjtu.edu.cn/szdw/jsml/js.htm
F03058,西安交通大学,西安,985/211/双一流,计算机科学与技术学院,杨晓飞,教授,教授,,,http://www.cs.xjtu.edu.cn/szdw/jsml/js.htm
F03059,西安交通大学,西安,985/211/双一流,计算机科学与技术学院,桂小林,教授,教授,,,http://www.cs.xjtu.edu.cn/szdw/jsml/js.htm
F03060,西安交通大学,西安,985/211/双一流,计算机科学与技术学院,王嘉寅,教授,教授,,,http://www.cs.xjtu.edu.cn/szdw/jsml/js.htm
F03061,西安交通大学,西安,985/211/双一流,计算机科学与技术学院,田锋,教授,教授,,,http://www.cs.xjtu.edu.cn/szdw/jsml/js.htm
F03062,西安交通大学,西安,985/211/双一流,计算机科学与技术学院,秦涛,教授,教授,,,http://www.cs.xjtu.edu.cn/szdw/jsml/js.htm
F03063,西安交通大学,西安,985/211/双一流,计算机科学与技术学院,罗敏楠,教授,教授,,,http://www.cs.xjtu.edu.cn/szdw/jsml/js.htm
F03064,西安交通大学,西安,985/211/双一流,计算机科学与技术学院,董小社,教授,教授,,,http://www.cs.xjtu.edu.cn/szdw/jsml/js.htm
F03065,西安交通大学,西安,985/211/双一流,计算机科学与技术学院,蔺杰,教授,教授,,,http://www.cs.xjtu.edu.cn/szdw/jsml/js.htm
F03066,西安交通大学,西安,985/211/双一流,计算机科学与技术学院,赵季中,教授,教授,,,http://www.cs.xjtu.edu.cn/szdw/jsml/js.htm
F03067,西安交通大学,西安,985/211/双一流,计算机科学与技术学院,赵英良,教授,教授,,,http://www.cs.xjtu.edu.cn/szdw/jsml/js.htm
F03068,西安交通大学,西安,985/211/双一流,计算机科学与技术学院,郑庆华,教授,教授,,,http://www.cs.xjtu.edu.cn/szdw/jsml/js.htm
F03069,西安交通大学,西安,985/211/双一流,计算机科学与技术学院,马小博,教授,教授,,,http://www.cs.xjtu.edu.cn/szdw/jsml/js.htm
F03070,西安交通大学,西安,985/211/双一流,计算机科学与技术学院,吴宁,研究员,研究员,物联网与工业互联网、人工智能、社会计算,,http://ctec.xjtu.edu.cn/info/1011/1084.htm
F03071,西安交通大学,西安,985/211/双一流,计算机科学与技术学院,安健,研究员,研究员,,,http://www.cs.xjtu.edu.cn/szdw/jsml/yjy1.htm
F03072,西安交通大学,西安,985/211/双一流,计算机科学与技术学院,杨琦,研究员,研究员,智慧教育,,http://yangqi.gr.xjtu.edu.cn
F03073,西安交通大学,西安,985/211/双一流,计算机科学与技术学院,申江荣,特聘研究员,研究员,,,http://www.cs.xjtu.edu.cn/szdw/jsml/fjs1.htm
F03074,西安交通大学,西安,985/211/双一流,计算机科学与技术学院,何亮,讲师,讲师,,,http://www.cs.xjtu.edu.cn/szdw/jsml/jsjqt.htm
F03075,西安交通大学,西安,985/211/双一流,计算机科学与技术学院,冯中慧,讲师,讲师,,,http://www.cs.xjtu.edu.cn/szdw/jsml/jsjqt.htm
F03076,西安交通大学,西安,985/211/双一流,计算机科学与技术学院,吴茜媛,讲师,讲师,,,http://www.cs.xjtu.edu.cn/szdw/jsml/jsjqt.htm
F03077,西安交通大学,西安,985/211/双一流,计算机科学与技术学院,密码学,讲师,讲师,密码学、嵌入式系统、推测多线程编译及逆向工程,,http://www.cs.xjtu.edu.cn/szdw/jsml/jsjqt.htm
F03078,西安交通大学,西安,985/211/双一流,计算机科学与技术学院,张亚明,讲师,讲师,,,http://www.cs.xjtu.edu.cn/szdw/jsml/jsjqt.htm
F03079,西安交通大学,西安,985/211/双一流,计算机科学与技术学院,张克旺,讲师,讲师,,,http://www.cs.xjtu.edu.cn/szdw/jsml/jsjqt.htm
F03080,西安交通大学,西安,985/211/双一流,计算机科学与技术学院,李保红,讲师,讲师,,0000-0002-1600-9590,http://www.cs.xjtu.edu.cn/szdw/jsml/jsjqt.htm
F03081,西安交通大学,西安,985/211/双一流,计算机科学与技术学院,郑卫斌,讲师,讲师,,,http://www.cs.xjtu.edu.cn/szdw/jsml/jsjqt.htm
F03082,西安电子科技大学,西安,211/双一流,计算机科学与技术学院,乔晓田,副教授,副教授,以数据驱动的可控媒体生成和显示为目标，熟悉该领域国内外研究现状和发展趋势，形成了一定的优势和特色，在国内外均产生了积极影响,,https://cs.xidian.edu.cn/info/1681/16330.htm
F03083,西安电子科技大学,西安,211/双一流,计算机科学与技术学院,王笛,副教授,副教授,学术平台,,https://cs.xidian.edu.cn/info/1681/16332.htm
F03084,西安电子科技大学,西安,211/双一流,计算机科学与技术学院,胡宇轩,副教授,副教授,学术平台,,https://cs.xidian.edu.cn/info/1681/16331.htm
F03085,西安电子科技大学,西安,211/双一流,计算机科学与技术学院,崔江涛,助教,助教,学术平台,,https://cs.xidian.edu.cn/info/1681/16172.htm
F03086,西安电子科技大学,西安,211/双一流,计算机科学与技术学院,李辉,教授,教授,数据库、数据挖掘、数据安全和隐私保护、数据库教学系统等，在数据管理领域国际期刊和会议发表论文100余篇,,https://cs.xidian.edu.cn/info/1681/16329.htm
F03087,重庆大学,重庆,985/211/双一流,计算机学院,刘昌胜,教授,教授,,,https://www.cqu.edu.cn/info/1231/64191.htm
F03088,重庆大学,重庆,985/211/双一流,计算机学院,刘汉龙,教授,教授,,,https://www.cqu.edu.cn/info/1231/43021.htm
F03089,重庆大学,重庆,985/211/双一流,计算机学院,周绪红,教授,教授,,,https://www.cqu.edu.cn/info/1231/36501.htm
F03090,重庆大学,重庆,985/211/双一流,计算机学院,宋永端,教授,教授,,,https://www.cqu.edu.cn/info/1231/64201.htm
F03091,重庆大学,重庆,985/211/双一流,计算机学院,李文沅,教授,教授,,,https://www.cqu.edu.cn/info/1231/36471.htm
F03092,重庆大学,重庆,985/211/双一流,计算机学院,杨士中,教授,教授,,,https://www.cqu.edu.cn/info/1231/36531.htm
F03093,重庆大学,重庆,985/211/双一流,计算机学院,杨永斌,教授,教授,,,https://www.cqu.edu.cn/info/1231/36511.htm
F03094,重庆大学,重庆,985/211/双一流,计算机学院,潘复生,教授,教授,,,https://www.cqu.edu.cn/info/1231/36491.htm
F03095,重庆大学,重庆,985/211/双一流,计算机学院,田村幸雄,教授,教授,结构空气动力学基础理论、结构风荷载以及等效静风荷载的计算、结构气动稳定性的评价、建筑结构抗风设计规范的编制与修订、风灾防治等，曾在上述领域共发表,,https://www.cqu.edu.cn/info/1231/36461.htm
F03096,重庆大学,重庆,985/211/双一流,计算机学院,鲜学福,教授,教授,,,https://www.cqu.edu.cn/info/1231/36521.htm
